created_at,entry_id,soil1,soil,temperature,humidity
2024-10-22T16:07:50+07:00,36205,12,62,24.5,89
2024-10-22T16:08:13+07:00,36206,11,58,24.5,89
2024-10-22T16:08:36+07:00,36207,12,52,24.5,89
2024-10-22T16:09:03+07:00,36208,11,54,24.5,89
2024-10-22T16:09:27+07:00,36209,11,52,24.5,88
2024-10-22T16:09:51+07:00,36210,12,52,24.5,88
2024-10-22T16:10:28+07:00,36211,11,51,24.1,89
2024-10-22T16:10:44+07:00,36212,11,49,24.1,89
2024-10-22T16:11:07+07:00,36213,11,52,24.1,89
2024-10-22T16:11:31+07:00,36214,11,50,24.1,89
2024-10-22T16:11:54+07:00,36215,11,48,24.1,89
2024-10-22T16:12:17+07:00,36216,11,49,24.1,89
2024-10-22T16:12:41+07:00,36217,12,49,24.1,89
2024-10-22T16:13:21+07:00,36218,11,49,23.8,89
2024-10-22T16:13:46+07:00,36219,10,50,24.1,98
2024-10-22T16:14:11+07:00,36220,11,50,23.8,90
2024-10-22T16:14:35+07:00,36221,11,47,23.8,89
2024-10-22T16:14:58+07:00,36222,83,49,23.8,89
2024-10-22T16:15:22+07:00,36223,78,68,23.8,89
2024-10-22T16:15:48+07:00,36224,78,64,23.8,89
2024-10-22T16:16:11+07:00,36225,77,61,23.8,90
2024-10-22T16:16:35+07:00,36226,75,61,23.8,90
2024-10-22T16:16:58+07:00,36227,75,59,23.8,90
2024-10-22T16:17:22+07:00,36228,73,58,23.8,91
2024-10-22T16:17:46+07:00,36229,73,60,23.8,91
2024-10-22T16:18:23+07:00,36230,71,59,23.8,92
2024-10-22T16:18:46+07:00,36231,71,59,23.8,92
2024-10-22T16:19:09+07:00,36232,70,58,23.8,93
2024-10-22T16:19:35+07:00,36233,61,57,nan,nan
2024-10-22T16:19:58+07:00,36234,68,57,23.8,94
2024-10-22T16:20:21+07:00,36235,68,59,23.8,93
2024-10-22T16:20:44+07:00,36236,67,56,23.8,93
2024-10-22T16:21:07+07:00,36237,67,60,23.8,93
2024-10-22T16:21:30+07:00,36238,65,57,23.8,93
2024-10-22T16:21:53+07:00,36239,66,58,23.8,93
2024-10-22T16:22:15+07:00,36240,65,58,23.8,93
2024-10-22T16:22:38+07:00,36241,65,58,23.8,93
2024-10-22T16:23:01+07:00,36242,64,56,23.8,93
2024-10-22T16:23:24+07:00,36243,64,57,23.8,93
2024-10-22T16:23:47+07:00,36244,63,57,23.8,93
2024-10-22T16:24:10+07:00,36245,63,57,23.8,93
2024-10-22T16:24:32+07:00,36246,62,55,23.8,94
2024-10-22T16:24:55+07:00,36247,63,57,23.8,94
2024-10-22T16:25:18+07:00,36248,62,56,23.8,94
2024-10-22T16:25:41+07:00,36249,56,55,nan,nan
2024-10-22T16:26:04+07:00,36250,62,55,23.8,96
2024-10-22T16:26:27+07:00,36251,61,58,23.8,94
2024-10-22T16:26:50+07:00,36252,61,57,23.8,94
2024-10-22T16:27:13+07:00,36253,60,59,23.8,94
2024-10-22T16:27:36+07:00,36254,60,55,23.8,94
2024-10-22T16:27:58+07:00,36255,60,56,23.8,94
2024-10-22T16:28:21+07:00,36256,60,58,23.8,94
2024-10-22T16:28:43+07:00,36257,61,56,23.8,94
2024-10-22T16:29:06+07:00,36258,61,56,23.8,94
2024-10-22T16:29:29+07:00,36259,60,56,23.8,94
2024-10-22T16:29:52+07:00,36260,61,56,23.8,93
2024-10-22T16:30:15+07:00,36261,59,55,23.8,93
2024-10-22T16:30:38+07:00,36262,59,53,23.8,93
2024-10-22T16:31:01+07:00,36263,59,58,23.8,93
2024-10-22T16:31:23+07:00,36264,59,56,23.8,93
2024-10-22T16:31:52+07:00,36265,54,57,nan,nan
2024-10-22T16:32:15+07:00,36266,59,56,24.1,95
2024-10-22T16:32:37+07:00,36267,59,55,23.8,93
2024-10-22T16:33:00+07:00,36268,58,57,23.8,93
2024-10-22T16:33:23+07:00,36269,59,57,23.8,93
2024-10-22T16:33:46+07:00,36270,59,56,23.8,93
2024-10-22T16:34:10+07:00,36271,57,57,23.8,93
2024-10-22T16:34:32+07:00,36272,58,57,23.8,93
2024-10-22T16:34:55+07:00,36273,58,56,23.8,93
2024-10-22T16:35:18+07:00,36274,58,55,23.8,93
2024-10-22T16:35:40+07:00,36275,57,56,23.8,93
2024-10-22T16:36:03+07:00,36276,59,54,23.8,93
2024-10-22T16:36:26+07:00,36277,59,56,23.8,93
2024-10-22T16:36:48+07:00,36278,58,55,23.8,93
2024-10-22T16:37:11+07:00,36279,59,54,23.8,93
2024-10-22T16:37:34+07:00,36280,57,55,23.8,93
2024-10-22T16:37:58+07:00,36281,54,54,nan,nan
2024-10-22T16:38:22+07:00,36282,56,57,24.1,94
2024-10-22T16:38:44+07:00,36283,58,54,23.9,93
2024-10-22T16:39:09+07:00,36284,57,55,23.8,92
2024-10-22T16:39:33+07:00,36285,57,56,24.1,92
2024-10-22T16:39:55+07:00,36286,57,56,24.1,92
2024-10-22T16:40:19+07:00,36287,56,55,24.1,92
2024-10-22T16:40:42+07:00,36288,57,55,24.1,92
2024-10-22T16:41:05+07:00,36289,56,57,24.1,92
2024-10-22T16:41:28+07:00,36290,56,54,24.1,92
2024-10-22T16:41:51+07:00,36291,57,54,24.1,92
2024-10-22T16:42:14+07:00,36292,56,56,24.1,92
2024-10-22T16:42:37+07:00,36293,56,56,24.1,93
2024-10-22T16:42:59+07:00,36294,56,55,24.1,93
2024-10-22T16:43:22+07:00,36295,56,57,24.1,93
2024-10-22T16:43:45+07:00,36296,57,56,24.1,93
2024-10-22T16:44:09+07:00,36297,53,54,nan,nan
2024-10-22T16:44:31+07:00,36298,57,57,24.1,94
2024-10-22T16:44:55+07:00,36299,56,55,24.1,93
2024-10-22T16:45:17+07:00,36300,56,54,24.1,93
2024-10-22T16:45:41+07:00,36301,57,55,24.1,93
2024-10-22T16:46:04+07:00,36302,55,56,24.1,93
2024-10-22T16:46:27+07:00,36303,56,56,24.1,93
2024-10-22T16:46:50+07:00,36304,56,53,24.1,93
2024-10-22T16:47:13+07:00,36305,55,55,24.1,93
2024-10-22T16:47:37+07:00,36306,55,55,24.1,93
2024-10-22T16:48:00+07:00,36307,55,54,24.1,93
2024-10-22T16:48:22+07:00,36308,55,56,24.1,93
2024-10-22T16:48:45+07:00,36309,55,55,24.1,93
2024-10-22T16:49:07+07:00,36310,56,54,24.1,93
2024-10-22T16:49:31+07:00,36311,56,55,24.1,93
2024-10-22T16:49:55+07:00,36312,56,54,24.1,93
2024-10-22T16:50:19+07:00,36313,53,53,nan,nan
2024-10-22T16:50:43+07:00,36314,55,55,24.2,94
2024-10-22T16:51:05+07:00,36315,56,57,24.1,93
2024-10-22T16:51:28+07:00,36316,55,55,24.1,92
2024-10-22T16:51:51+07:00,36317,55,54,24.1,92
2024-10-22T16:52:14+07:00,36318,55,55,24.1,92
2024-10-22T16:52:38+07:00,36319,55,55,24.1,92
2024-10-22T16:53:00+07:00,36320,54,56,24.1,92
2024-10-22T16:53:24+07:00,36321,54,54,24.1,92
2024-10-22T16:53:47+07:00,36322,54,55,24.1,92
2024-10-22T16:54:10+07:00,36323,54,56,24.1,92
2024-10-22T16:54:34+07:00,36324,55,55,24.1,92
2024-10-22T16:54:56+07:00,36325,54,56,24.1,92
2024-10-22T16:55:19+07:00,36326,54,56,24.1,92
2024-10-22T16:55:42+07:00,36327,55,56,24.1,92
2024-10-22T16:56:05+07:00,36328,55,53,24.1,91
2024-10-22T16:56:29+07:00,36329,53,55,nan,nan
2024-10-22T16:56:51+07:00,36330,54,55,24.2,93
2024-10-22T16:57:15+07:00,36331,55,55,24.1,92
2024-10-22T16:57:37+07:00,36332,54,56,24.1,92
2024-10-22T16:58:00+07:00,36333,54,53,24.1,92
2024-10-22T16:58:22+07:00,36334,54,55,24.1,92
2024-10-22T16:58:45+07:00,36335,55,54,24.1,92
2024-10-22T16:59:08+07:00,36336,54,55,24.1,91
2024-10-22T16:59:31+07:00,36337,55,53,24.1,91
2024-10-22T16:59:53+07:00,36338,55,56,24.1,91
2024-10-22T17:00:16+07:00,36339,55,55,24.1,92
2024-10-22T17:00:38+07:00,36340,54,54,24.1,92
2024-10-22T17:01:01+07:00,36341,54,54,24.1,92
2024-10-22T17:01:24+07:00,36342,54,53,24.1,92
2024-10-22T17:01:47+07:00,36343,53,55,24.1,92
2024-10-22T17:02:09+07:00,36344,54,56,24.1,92
2024-10-22T17:02:33+07:00,36345,51,56,nan,nan
2024-10-22T17:02:57+07:00,36346,55,55,24.1,94
2024-10-22T17:03:19+07:00,36347,53,55,24.1,93
2024-10-22T17:03:42+07:00,36348,55,55,24.1,93
2024-10-22T17:04:04+07:00,36349,54,53,24.1,93
2024-10-22T17:04:26+07:00,36350,53,53,24.1,93
2024-10-22T17:04:49+07:00,36351,54,54,24.1,93
2024-10-22T17:05:11+07:00,36352,54,55,24.1,93
2024-10-22T17:05:33+07:00,36353,54,56,24.1,93
2024-10-22T17:05:56+07:00,36354,54,55,24.1,93
2024-10-22T17:06:19+07:00,36355,54,53,24.1,93
2024-10-22T17:06:41+07:00,36356,54,55,24.1,93
2024-10-22T17:07:03+07:00,36357,54,54,24.1,93
2024-10-22T17:07:26+07:00,36358,53,55,24.1,93
2024-10-22T17:08:02+07:00,36359,54,53,24.1,93
2024-10-22T17:08:25+07:00,36360,54,55,24.1,93
2024-10-22T17:08:41+07:00,36361,53,54,nan,nan
2024-10-22T17:09:04+07:00,36362,53,53,24.1,95
2024-10-22T17:09:27+07:00,36363,53,53,24.1,94
2024-10-22T17:09:50+07:00,36364,53,55,24.1,94
2024-10-22T17:10:12+07:00,36365,53,54,24.1,94
2024-10-22T17:10:36+07:00,36366,54,54,24.1,94
2024-10-22T17:10:59+07:00,36367,54,54,24.1,94
2024-10-22T17:11:22+07:00,36368,54,54,24.1,94
2024-10-22T17:11:45+07:00,36369,53,53,24.1,94
2024-10-22T17:12:07+07:00,36370,54,53,24.1,94
2024-10-22T17:12:31+07:00,36371,52,54,24.1,94
2024-10-22T17:12:55+07:00,36372,54,55,24.1,94
2024-10-22T17:13:17+07:00,36373,53,55,24.1,94
2024-10-22T17:13:40+07:00,36374,53,53,24.1,94
2024-10-22T17:14:03+07:00,36375,53,54,24.1,94
2024-10-22T17:14:25+07:00,36376,54,55,24.1,94
2024-10-22T17:14:48+07:00,36377,54,55,24.1,94
2024-10-22T17:15:11+07:00,36378,54,53,24.2,98
2024-10-22T17:15:34+07:00,36379,52,54,24.1,95
2024-10-22T17:15:56+07:00,36380,53,55,24.1,94
2024-10-22T17:16:19+07:00,36381,53,52,24.1,94
2024-10-22T17:16:41+07:00,36382,53,53,24.1,94
2024-10-22T17:17:04+07:00,36383,52,55,24.1,94
2024-10-22T17:17:27+07:00,36384,52,52,24.1,94
2024-10-22T17:17:50+07:00,36385,53,53,24.1,94
2024-10-22T17:18:12+07:00,36386,52,52,24.1,94
2024-10-22T17:18:35+07:00,36387,52,53,24.1,94
2024-10-22T17:18:58+07:00,36388,54,52,24.1,94
2024-10-22T17:19:20+07:00,36389,53,55,24.1,94
2024-10-22T17:19:43+07:00,36390,53,53,24.1,94
2024-10-22T17:20:06+07:00,36391,52,53,24.1,94
2024-10-22T17:20:29+07:00,36392,53,53,24.1,94
2024-10-22T17:20:53+07:00,36393,53,52,24.1,94
2024-10-22T17:21:16+07:00,36394,53,53,24.4,98
2024-10-22T17:21:38+07:00,36395,53,53,24.1,95
2024-10-22T17:22:01+07:00,36396,53,53,24.1,94
2024-10-22T17:22:23+07:00,36397,53,53,24.1,94
2024-10-22T17:22:46+07:00,36398,53,54,24.1,94
2024-10-22T17:23:08+07:00,36399,54,54,24.1,94
2024-10-22T17:23:31+07:00,36400,52,52,24.1,94
2024-10-22T17:23:54+07:00,36401,53,54,24.1,94
2024-10-22T17:24:17+07:00,36402,52,54,24.1,94
2024-10-22T17:24:40+07:00,36403,54,54,24.1,94
2024-10-22T17:25:03+07:00,36404,52,53,24.1,94
2024-10-22T17:25:31+07:00,36405,52,52,24.1,94
2024-10-22T17:25:54+07:00,36406,52,52,24.2,94
2024-10-22T17:26:17+07:00,36407,53,52,24.5,94
2024-10-22T17:26:40+07:00,36408,52,54,24.5,94
2024-10-22T17:27:03+07:00,36409,53,54,24.5,94
2024-10-22T17:27:31+07:00,36410,48,53,nan,nan
2024-10-22T17:27:53+07:00,36411,52,54,24.5,97
2024-10-22T17:28:15+07:00,36412,53,53,24.5,94
2024-10-22T17:28:37+07:00,36413,53,54,24.5,94
2024-10-22T17:28:59+07:00,36414,51,54,24.5,93
2024-10-22T17:29:22+07:00,36415,52,53,24.5,94
2024-10-22T17:30:00+07:00,36416,52,51,24.5,93
2024-10-22T17:30:22+07:00,36417,52,53,24.5,93
2024-10-22T17:30:46+07:00,36418,52,54,24.5,93
2024-10-22T17:31:16+07:00,36419,53,54,24.5,93
2024-10-22T17:31:38+07:00,36420,54,54,24.5,93
2024-10-22T17:32:13+07:00,36421,53,54,24.5,93
2024-10-22T17:32:41+07:00,36422,53,53,24.5,93
2024-10-22T17:33:04+07:00,36423,52,52,24.5,93
2024-10-22T17:33:32+07:00,36424,48,55,nan,nan
2024-10-22T17:33:54+07:00,36425,52,53,24.5,95
2024-10-22T17:34:16+07:00,36426,52,53,24.5,93
2024-10-22T17:34:53+07:00,36427,53,52,24.2,93
2024-10-22T17:35:16+07:00,36428,53,55,24.1,93
2024-10-22T17:35:38+07:00,36429,50,52,24.2,93
2024-10-22T17:36:00+07:00,36430,53,54,24.2,93
2024-10-22T17:36:22+07:00,36431,52,53,24.2,93
2024-10-22T17:36:44+07:00,36432,52,53,24.4,93
2024-10-22T17:37:20+07:00,36433,52,55,24.2,93
2024-10-22T17:37:42+07:00,36434,51,53,24.2,93
2024-10-22T17:38:03+07:00,36435,52,54,24.1,93
2024-10-22T17:38:25+07:00,36436,52,54,24.1,93
2024-10-22T17:38:56+07:00,36437,52,53,24.2,93
2024-10-22T17:39:18+07:00,36438,52,53,24.1,93
2024-10-22T17:39:41+07:00,36439,51,53,24.5,98
2024-10-22T17:40:03+07:00,36440,52,52,24.5,94
2024-10-22T17:40:25+07:00,36441,53,53,24.1,93
2024-10-22T17:40:47+07:00,36442,52,53,24.1,93
2024-10-22T17:41:09+07:00,36443,52,54,24.1,93
2024-10-22T17:41:32+07:00,36444,52,52,24.1,93
2024-10-22T17:41:53+07:00,36445,52,52,24.1,93
2024-10-22T17:42:42+07:00,36446,52,53,24.1,93
2024-10-22T17:43:07+07:00,36447,53,54,24.1,93
2024-10-22T17:43:30+07:00,36448,52,53,24.1,93
2024-10-22T17:43:52+07:00,36449,52,52,24.1,93
2024-10-22T17:44:07+07:00,36450,52,53,24.1,93
2024-10-22T17:44:44+07:00,36451,52,53,24.1,93
2024-10-22T17:45:06+07:00,36452,51,53,24.1,93
2024-10-22T17:45:28+07:00,36453,51,54,24.1,93
2024-10-22T17:45:58+07:00,36454,47,52,nan,nan
2024-10-22T17:46:20+07:00,36455,52,51,24.5,95
2024-10-22T17:46:43+07:00,36456,52,53,24.2,93
2024-10-22T17:47:05+07:00,36457,52,54,24.2,93
2024-10-22T17:47:28+07:00,36458,52,54,24.1,93
2024-10-22T17:47:50+07:00,36459,51,52,24.2,93
2024-10-22T17:48:12+07:00,36460,52,52,24.1,93
2024-10-22T17:48:34+07:00,36461,52,52,24.1,93
2024-10-22T17:48:56+07:00,36462,52,53,24.1,93
2024-10-22T17:49:18+07:00,36463,51,52,24.1,92
2024-10-22T17:49:41+07:00,36464,52,53,24.1,92
2024-10-22T17:50:03+07:00,36465,51,53,24.1,92
2024-10-22T17:50:25+07:00,36466,52,52,24.1,92
2024-10-22T17:50:48+07:00,36467,52,55,24.1,92
2024-10-22T17:51:10+07:00,36468,52,54,24.1,92
2024-10-22T17:51:32+07:00,36469,51,54,24.1,92
2024-10-22T17:51:55+07:00,36470,53,53,24.1,93
2024-10-22T17:52:12+07:00,36471,50,51,nan,nan
2024-10-22T17:52:34+07:00,36472,52,53,24.5,93
2024-10-22T17:52:57+07:00,36473,52,54,24.2,92
2024-10-22T17:53:19+07:00,36474,53,54,24.2,92
2024-10-22T17:53:43+07:00,36475,51,54,24.2,92
2024-10-22T17:54:05+07:00,36476,52,53,24.1,92
2024-10-22T17:54:27+07:00,36477,52,52,24.2,92
2024-10-22T17:54:50+07:00,36478,52,52,24.1,92
2024-10-22T17:55:12+07:00,36479,51,53,24.1,92
2024-10-22T17:55:34+07:00,36480,51,52,24.1,92
2024-10-22T17:55:56+07:00,36481,52,52,24.1,92
2024-10-22T17:56:19+07:00,36482,52,51,24.2,93
2024-10-22T17:56:41+07:00,36483,51,52,24.2,93
2024-10-22T17:57:03+07:00,36484,51,54,24.2,93
2024-10-22T17:57:25+07:00,36485,52,51,24.2,93
2024-10-22T17:57:48+07:00,36486,52,54,24.3,93
2024-10-22T17:58:12+07:00,36487,52,55,24.5,93
2024-10-22T18:01:05+07:00,36488,51,53,24.5,93
2024-10-22T18:01:28+07:00,36489,51,55,24.5,92
2024-10-22T18:01:50+07:00,36490,52,52,24.5,92
2024-10-22T18:02:13+07:00,36491,52,51,24.5,93
2024-10-22T18:02:35+07:00,36492,52,53,24.5,92
2024-10-22T18:02:58+07:00,36493,51,51,24.5,92
2024-10-22T18:03:21+07:00,36494,52,53,24.5,92
2024-10-22T18:03:43+07:00,36495,53,53,24.5,92
2024-10-22T18:04:06+07:00,36496,51,52,24.5,92
2024-10-22T18:04:28+07:00,36497,52,52,24.5,92
2024-10-22T18:04:51+07:00,36498,51,52,24.5,92
2024-10-22T18:05:13+07:00,36499,52,54,24.5,92
2024-10-22T18:05:35+07:00,36500,51,54,24.5,92
2024-10-22T18:05:58+07:00,36501,52,51,24.5,92
2024-10-22T18:06:21+07:00,36502,51,52,24.5,93
2024-10-22T18:06:43+07:00,36503,51,55,24.5,93
2024-10-22T18:07:07+07:00,36504,52,55,24.5,93
2024-10-22T18:07:33+07:00,36505,51,51,24.5,98
2024-10-22T18:07:55+07:00,36506,50,54,24.5,93
2024-10-22T18:08:18+07:00,36507,51,52,24.5,93
2024-10-22T18:08:40+07:00,36508,51,53,24.5,93
2024-10-22T18:09:03+07:00,36509,51,52,24.5,93
2024-10-22T18:09:26+07:00,36510,51,52,24.5,93
2024-10-22T18:09:48+07:00,36511,51,53,24.5,93
2024-10-22T18:10:11+07:00,36512,50,53,24.4,93
2024-10-22T18:10:34+07:00,36513,52,55,24.2,93
2024-10-22T18:10:56+07:00,36514,51,54,24.2,93
2024-10-22T18:11:19+07:00,36515,52,53,24.2,93
2024-10-22T18:11:42+07:00,36516,51,54,24.1,93
2024-10-22T18:12:04+07:00,36517,52,52,24.1,93
2024-10-22T18:12:27+07:00,36518,52,53,24.1,93
2024-10-22T18:12:49+07:00,36519,51,52,24.1,93
2024-10-22T18:13:12+07:00,36520,51,51,24.2,93
2024-10-22T18:14:17+07:00,36521,50,51,24.5,98
2024-10-22T18:14:40+07:00,36522,51,52,24.5,93
2024-10-22T18:15:03+07:00,36523,52,51,24.5,93
2024-10-22T18:15:25+07:00,36524,51,52,24.5,93
2024-10-22T18:15:48+07:00,36525,51,52,24.5,93
2024-10-22T18:16:11+07:00,36526,51,53,24.5,93
2024-10-22T18:16:33+07:00,36527,50,53,24.5,93
2024-10-22T18:16:56+07:00,36528,51,53,24.4,93
2024-10-22T18:17:18+07:00,36529,51,52,24.4,93
2024-10-22T18:17:41+07:00,36530,51,55,24.3,93
2024-10-22T18:18:04+07:00,36531,51,51,24.2,93
2024-10-22T18:18:26+07:00,36532,51,56,24.2,93
2024-10-22T18:18:49+07:00,36533,52,53,24.1,92
2024-10-22T18:19:12+07:00,36534,51,51,24.1,92
2024-10-22T18:19:34+07:00,36535,51,54,24.1,92
2024-10-22T18:19:57+07:00,36536,52,53,24.1,92
2024-10-22T18:20:20+07:00,36537,49,52,nan,nan
2024-10-22T18:20:42+07:00,36538,52,51,24.1,93
2024-10-22T18:21:05+07:00,36539,51,51,24.1,92
2024-10-22T18:21:27+07:00,36540,52,51,24.1,92
2024-10-22T18:21:51+07:00,36541,52,51,24.1,92
2024-10-22T18:22:13+07:00,36542,51,51,24.1,92
2024-10-22T18:22:36+07:00,36543,52,52,24.1,92
2024-10-22T18:22:59+07:00,36544,50,53,24.1,92
2024-10-22T18:23:22+07:00,36545,51,51,24.1,92
2024-10-22T18:23:45+07:00,36546,51,52,24.1,92
2024-10-22T18:24:07+07:00,36547,52,51,24.1,92
2024-10-22T18:24:30+07:00,36548,51,53,24.1,92
2024-10-22T18:24:52+07:00,36549,51,53,24.1,93
2024-10-22T18:25:15+07:00,36550,50,51,24.1,93
2024-10-22T18:25:38+07:00,36551,51,51,24.1,93
2024-10-22T18:26:00+07:00,36552,51,53,24.1,93
2024-10-22T18:26:24+07:00,36553,48,53,24.1,98
2024-10-22T18:26:46+07:00,36554,51,53,24.1,93
2024-10-22T18:27:08+07:00,36555,52,51,24.1,93
2024-10-22T18:27:31+07:00,36556,52,52,24.1,93
2024-10-22T18:27:54+07:00,36557,51,53,24.1,93
2024-10-22T18:28:16+07:00,36558,51,49,24.1,93
2024-10-22T18:28:38+07:00,36559,51,51,24.1,93
2024-10-22T18:29:01+07:00,36560,51,51,24.1,93
2024-10-22T18:29:23+07:00,36561,51,51,24.1,93
2024-10-22T18:29:46+07:00,36562,51,50,24.1,93
2024-10-22T18:30:08+07:00,36563,50,51,24.1,93
2024-10-22T18:30:31+07:00,36564,51,52,24.1,93
2024-10-22T18:30:53+07:00,36565,51,52,24.1,93
2024-10-22T18:31:16+07:00,36566,50,51,24.1,93
2024-10-22T18:31:38+07:00,36567,51,51,24.1,93
2024-10-22T18:32:00+07:00,36568,51,51,24.1,93
2024-10-22T18:32:23+07:00,36569,51,53,24.1,93
2024-10-22T18:32:45+07:00,36570,51,51,24.1,93
2024-10-22T18:33:08+07:00,36571,51,51,24.1,93
2024-10-22T18:33:30+07:00,36572,51,50,24.1,93
2024-10-22T18:33:52+07:00,36573,51,51,24.1,93
2024-10-22T18:34:15+07:00,36574,50,51,24.1,93
2024-10-22T18:34:37+07:00,36575,50,53,24.1,93
2024-10-22T18:35:00+07:00,36576,51,52,24.1,93
2024-10-22T18:35:22+07:00,36577,51,51,24.1,93
2024-10-22T18:35:44+07:00,36578,50,51,24.1,93
2024-10-22T18:36:07+07:00,36579,50,52,24.1,93
2024-10-22T18:36:29+07:00,36580,50,52,24.1,93
2024-10-22T18:36:52+07:00,36581,52,52,24.1,93
2024-10-22T18:37:14+07:00,36582,52,54,24.1,93
2024-10-22T18:37:37+07:00,36583,51,52,24.1,93
2024-10-22T18:37:59+07:00,36584,51,53,24.1,93
2024-10-22T18:38:21+07:00,36585,51,53,24.1,93
2024-10-22T18:38:44+07:00,36586,49,51,24.1,98
2024-10-22T18:39:07+07:00,36587,51,53,24.1,93
2024-10-22T18:39:29+07:00,36588,51,51,24.2,93
2024-10-22T18:39:51+07:00,36589,51,51,24.2,93
2024-10-22T18:40:14+07:00,36590,51,52,24.2,93
2024-10-22T18:40:36+07:00,36591,50,49,24.2,93
2024-10-22T18:40:59+07:00,36592,51,53,24.2,93
2024-10-22T18:41:21+07:00,36593,51,51,24.2,93
2024-10-22T18:41:43+07:00,36594,50,53,24.2,93
2024-10-22T18:42:06+07:00,36595,50,51,24.3,93
2024-10-22T18:42:28+07:00,36596,50,51,24.5,93
2024-10-22T18:42:51+07:00,36597,51,51,24.5,93
2024-10-22T18:43:13+07:00,36598,51,53,24.4,93
2024-10-22T18:43:35+07:00,36599,51,51,24.5,93
2024-10-22T18:43:58+07:00,36600,51,51,24.5,93
2024-10-22T18:44:20+07:00,36601,50,50,24.5,93
2024-10-22T18:44:42+07:00,36602,51,53,24.5,93
2024-10-22T18:45:05+07:00,36603,50,51,24.5,96
2024-10-22T18:45:27+07:00,36604,50,52,24.5,93
2024-10-22T18:45:49+07:00,36605,50,52,24.5,94
2024-10-22T18:46:12+07:00,36606,50,53,24.5,94
2024-10-22T18:46:34+07:00,36607,50,51,24.5,93
2024-10-22T18:46:56+07:00,36608,50,51,24.5,93
2024-10-22T18:47:19+07:00,36609,51,51,24.2,93
2024-10-22T18:47:41+07:00,36610,50,51,24.2,93
2024-10-22T18:48:04+07:00,36611,50,52,24.3,93
2024-10-22T18:48:26+07:00,36612,50,52,24.2,93
2024-10-22T18:48:49+07:00,36613,51,53,24.2,93
2024-10-22T18:49:11+07:00,36614,51,49,24.2,93
2024-10-22T18:49:33+07:00,36615,50,52,24.2,93
2024-10-22T18:49:56+07:00,36616,51,53,24.2,93
2024-10-22T18:50:18+07:00,36617,51,52,24.3,93
2024-10-22T18:50:40+07:00,36618,49,51,24.3,94
2024-10-22T18:51:03+07:00,36619,49,53,24.5,96
2024-10-22T18:51:25+07:00,36620,51,49,24.5,94
2024-10-22T18:51:48+07:00,36621,51,52,24.4,94
2024-10-22T18:52:10+07:00,36622,50,51,24.2,94
2024-10-22T18:52:32+07:00,36623,51,52,24.2,94
2024-10-22T18:52:54+07:00,36624,51,52,24.2,94
2024-10-22T18:53:17+07:00,36625,51,55,24.2,93
2024-10-22T18:53:39+07:00,36626,50,51,24.2,94
2024-10-22T18:54:01+07:00,36627,50,52,24.4,94
2024-10-22T18:54:23+07:00,36628,51,51,24.5,94
2024-10-22T18:54:46+07:00,36629,50,49,24.5,94
2024-10-22T18:55:08+07:00,36630,51,51,24.5,94
2024-10-22T18:55:30+07:00,36631,50,53,24.5,94
2024-10-22T18:55:52+07:00,36632,51,51,24.5,94
2024-10-22T18:56:15+07:00,36633,50,52,24.5,94
2024-10-22T18:56:37+07:00,36634,50,51,24.5,94
2024-10-22T18:57:00+07:00,36635,51,53,24.5,94
2024-10-22T18:57:23+07:00,36636,51,53,24.5,96
2024-10-22T18:57:45+07:00,36637,49,51,24.5,94
2024-10-22T18:58:08+07:00,36638,50,50,24.5,94
2024-10-22T18:58:31+07:00,36639,51,52,24.5,94
2024-10-22T18:58:53+07:00,36640,49,53,24.5,94
2024-10-22T18:59:16+07:00,36641,51,51,24.5,94
2024-10-22T18:59:42+07:00,36642,50,52,24.5,94
2024-10-22T19:00:05+07:00,36643,50,52,24.5,94
2024-10-22T19:00:27+07:00,36644,50,51,24.5,95
2024-10-22T19:00:49+07:00,36645,50,53,24.5,95
2024-10-22T19:01:12+07:00,36646,50,53,24.5,95
2024-10-22T19:01:34+07:00,36647,50,50,24.5,94
2024-10-22T19:01:58+07:00,36648,50,53,24.5,94
2024-10-22T19:02:20+07:00,36649,50,52,24.5,94
2024-10-22T19:02:43+07:00,36650,50,50,24.5,94
2024-10-22T19:03:08+07:00,36651,49,52,24.5,94
2024-10-22T19:03:31+07:00,36652,50,50,24.5,94
2024-10-22T19:03:53+07:00,36653,51,51,24.5,94
2024-10-22T19:04:15+07:00,36654,51,51,24.5,94
2024-10-22T19:04:38+07:00,36655,51,52,24.5,94
2024-10-22T19:05:00+07:00,36656,51,51,24.5,94
2024-10-22T19:05:23+07:00,36657,51,52,24.5,94
2024-10-22T19:05:45+07:00,36658,50,53,24.5,94
2024-10-22T19:06:07+07:00,36659,50,51,24.5,94
2024-10-22T19:06:30+07:00,36660,51,51,24.5,94
2024-10-22T19:06:52+07:00,36661,50,51,24.2,93
2024-10-22T19:07:14+07:00,36662,50,51,24.2,93
2024-10-22T19:07:36+07:00,36663,51,50,24.2,93
2024-10-22T19:07:59+07:00,36664,51,52,24.1,93
2024-10-22T19:08:21+07:00,36665,51,50,24.1,93
2024-10-22T19:08:43+07:00,36666,51,50,24.1,93
2024-10-22T19:09:06+07:00,36667,50,51,24.2,93
2024-10-22T19:09:29+07:00,36668,51,52,24.2,98
2024-10-22T19:09:51+07:00,36669,51,51,24.2,93
2024-10-22T19:10:14+07:00,36670,51,53,24.1,93
2024-10-22T19:10:37+07:00,36671,51,51,24.1,93
2024-10-22T19:10:59+07:00,36672,50,51,24.1,93
2024-10-22T19:11:21+07:00,36673,50,50,24.1,93
2024-10-22T19:11:44+07:00,36674,51,50,24.1,93
2024-10-22T19:12:07+07:00,36675,51,49,24.2,93
2024-10-22T19:12:29+07:00,36676,51,50,24.1,93
2024-10-22T19:12:51+07:00,36677,50,51,24.1,93
2024-10-22T19:13:14+07:00,36678,49,51,24.1,93
2024-10-22T19:13:37+07:00,36679,51,51,24.1,94
2024-10-22T19:13:59+07:00,36680,51,51,24.1,94
2024-10-22T19:14:21+07:00,36681,50,51,24.1,94
2024-10-22T19:14:44+07:00,36682,51,52,24.1,94
2024-10-22T19:15:07+07:00,36683,49,50,24.1,94
2024-10-22T19:15:30+07:00,36684,50,51,24.1,96
2024-10-22T19:15:53+07:00,36685,50,51,24.1,94
2024-10-22T19:16:15+07:00,36686,50,52,24.1,94
2024-10-22T19:16:37+07:00,36687,50,52,24.1,94
2024-10-22T19:17:00+07:00,36688,50,51,24.1,94
2024-10-22T19:17:23+07:00,36689,51,50,24.1,94
2024-10-22T19:17:45+07:00,36690,54,51,24.2,94
2024-10-22T19:18:08+07:00,36691,51,50,24.1,94
2024-10-22T19:18:30+07:00,36692,49,53,24.1,94
2024-10-22T19:18:53+07:00,36693,50,52,24.2,94
2024-10-22T19:19:15+07:00,36694,50,51,24.2,94
2024-10-22T19:19:38+07:00,36695,50,51,24.2,94
2024-10-22T19:20:00+07:00,36696,51,50,24.2,94
2024-10-22T19:20:23+07:00,36697,50,50,24.1,94
2024-10-22T19:20:45+07:00,36698,51,52,24.2,94
2024-10-22T19:21:08+07:00,36699,50,50,24.1,94
2024-10-22T19:21:31+07:00,36700,49,49,24.2,98
2024-10-22T19:21:53+07:00,36701,50,52,24.2,95
2024-10-22T19:22:16+07:00,36702,51,52,24.2,94
2024-10-22T19:22:39+07:00,36703,50,50,24.3,94
2024-10-22T19:23:01+07:00,36704,51,51,24.5,94
2024-10-22T19:23:24+07:00,36705,51,51,24.5,94
2024-10-22T19:23:46+07:00,36706,50,52,24.5,95
2024-10-22T19:24:09+07:00,36707,50,51,24.5,95
2024-10-22T19:24:31+07:00,36708,50,51,24.5,95
2024-10-22T19:24:54+07:00,36709,49,51,24.5,95
2024-10-22T19:25:16+07:00,36710,49,52,24.5,95
2024-10-22T19:25:39+07:00,36711,50,50,24.5,95
2024-10-22T19:26:01+07:00,36712,50,52,24.5,95
2024-10-22T19:26:24+07:00,36713,50,51,24.5,95
2024-10-22T19:26:46+07:00,36714,51,50,24.5,95
2024-10-22T19:27:09+07:00,36715,50,53,24.5,94
2024-10-22T19:28:37+07:00,36716,48,48,24.5,94
2024-10-22T19:28:59+07:00,36717,50,51,24.5,93
2024-10-22T19:29:22+07:00,36718,50,52,24.5,93
2024-10-22T19:29:45+07:00,36719,50,50,24.5,94
2024-10-22T19:30:07+07:00,36720,50,50,24.5,94
2024-10-22T19:30:30+07:00,36721,51,51,24.5,94
2024-10-22T19:30:53+07:00,36722,50,50,24.5,94
2024-10-22T19:31:15+07:00,36723,51,50,24.5,94
2024-10-22T19:31:38+07:00,36724,51,50,24.5,94
2024-10-22T19:32:01+07:00,36725,51,48,24.5,93
2024-10-22T19:32:23+07:00,36726,49,52,24.5,94
2024-10-22T19:32:46+07:00,36727,49,52,24.5,94
2024-10-22T19:33:08+07:00,36728,49,51,24.5,94
2024-10-22T19:33:31+07:00,36729,50,50,24.5,94
2024-10-22T19:33:54+07:00,36730,50,52,24.5,94
2024-10-22T19:34:16+07:00,36731,50,49,24.5,94
2024-10-22T19:34:39+07:00,36732,50,51,24.5,94
2024-10-22T19:35:02+07:00,36733,48,50,24.5,98
2024-10-22T19:35:25+07:00,36734,49,51,24.5,94
2024-10-22T19:35:47+07:00,36735,49,52,24.5,94
2024-10-22T19:36:10+07:00,36736,50,50,24.5,94
2024-10-22T19:36:33+07:00,36737,51,52,24.5,94
2024-10-22T19:36:55+07:00,36738,50,51,24.5,94
2024-10-22T19:37:18+07:00,36739,49,51,24.5,94
2024-10-22T19:37:41+07:00,36740,50,52,24.5,94
2024-10-22T19:38:03+07:00,36741,50,52,24.5,94
2024-10-22T19:38:26+07:00,36742,49,50,24.5,94
2024-10-22T19:38:49+07:00,36743,50,50,24.5,94
2024-10-22T19:39:11+07:00,36744,50,51,24.5,94
2024-10-22T19:39:34+07:00,36745,49,49,24.5,94
2024-10-22T19:39:57+07:00,36746,49,50,24.5,94
2024-10-22T19:40:20+07:00,36747,49,52,24.5,94
2024-10-22T19:40:43+07:00,36748,49,51,24.5,94
2024-10-22T19:41:06+07:00,36749,49,49,24.5,98
2024-10-22T19:41:29+07:00,36750,49,49,24.5,94
2024-10-22T19:41:51+07:00,36751,51,50,24.5,94
2024-10-22T19:42:14+07:00,36752,49,51,24.5,94
2024-10-22T19:42:37+07:00,36753,50,50,24.5,94
2024-10-22T19:42:59+07:00,36754,49,50,24.5,94
2024-10-22T19:43:22+07:00,36755,50,51,24.5,94
2024-10-22T19:43:45+07:00,36756,49,51,24.5,94
2024-10-22T19:44:07+07:00,36757,51,51,24.5,94
2024-10-22T19:44:30+07:00,36758,49,52,24.5,94
2024-10-22T19:44:52+07:00,36759,49,51,24.5,94
2024-10-22T19:45:15+07:00,36760,49,51,24.5,95
2024-10-22T19:45:37+07:00,36761,50,50,24.5,95
2024-10-22T19:46:00+07:00,36762,49,49,24.5,95
2024-10-22T19:46:22+07:00,36763,49,51,24.5,95
2024-10-22T19:46:45+07:00,36764,50,51,24.5,95
2024-10-22T19:47:08+07:00,36765,50,49,24.5,98
2024-10-22T19:47:31+07:00,36766,51,50,24.5,96
2024-10-22T19:47:53+07:00,36767,50,49,24.5,96
2024-10-22T19:48:16+07:00,36768,49,49,24.5,96
2024-10-22T19:48:38+07:00,36769,51,48,24.5,95
2024-10-22T19:49:01+07:00,36770,50,49,24.5,95
2024-10-22T19:49:23+07:00,36771,50,50,24.5,95
2024-10-22T19:49:46+07:00,36772,49,51,24.5,94
2024-10-22T19:50:08+07:00,36773,50,52,24.5,94
2024-10-22T19:50:31+07:00,36774,50,50,24.5,94
2024-10-22T19:50:53+07:00,36775,49,50,24.5,94
2024-10-22T19:51:16+07:00,36776,50,50,24.5,95
2024-10-22T19:51:38+07:00,36777,50,50,24.5,94
2024-10-22T19:52:00+07:00,36778,50,49,24.5,94
2024-10-22T19:52:23+07:00,36779,50,49,24.5,94
2024-10-22T19:52:46+07:00,36780,49,51,24.5,94
2024-10-22T19:53:09+07:00,36781,50,51,24.5,98
2024-10-22T19:53:31+07:00,36782,51,50,24.5,94
2024-10-22T19:53:54+07:00,36783,50,50,24.5,94
2024-10-22T19:54:16+07:00,36784,48,52,24.5,94
2024-10-22T19:54:39+07:00,36785,49,51,24.5,95
2024-10-22T19:55:01+07:00,36786,50,53,24.5,95
2024-10-22T19:55:24+07:00,36787,50,50,24.5,96
2024-10-22T19:55:46+07:00,36788,49,51,24.5,96
2024-10-22T19:56:09+07:00,36789,49,49,24.5,96
2024-10-22T19:56:31+07:00,36790,50,50,24.5,96
2024-10-22T19:56:54+07:00,36791,50,51,24.5,96
2024-10-22T19:57:16+07:00,36792,50,50,24.5,96
2024-10-22T19:57:39+07:00,36793,49,49,24.5,96
2024-10-22T19:58:01+07:00,36794,50,51,24.5,96
2024-10-22T19:58:23+07:00,36795,49,51,24.5,96
2024-10-22T19:58:46+07:00,36796,50,52,24.5,96
2024-10-22T19:59:09+07:00,36797,49,51,24.5,96
2024-10-22T19:59:31+07:00,36798,49,50,24.5,96
2024-10-22T19:59:53+07:00,36799,49,51,24.5,96
2024-10-22T20:00:16+07:00,36800,50,50,24.5,96
2024-10-22T20:00:39+07:00,36801,49,51,24.5,96
2024-10-22T20:01:01+07:00,36802,50,50,24.5,96
2024-10-22T20:01:24+07:00,36803,50,51,24.5,96
2024-10-22T20:01:46+07:00,36804,50,48,24.5,96
2024-10-22T20:02:09+07:00,36805,50,49,24.5,96
2024-10-22T20:02:31+07:00,36806,49,50,24.5,96
2024-10-22T20:02:53+07:00,36807,49,49,24.5,96
2024-10-22T20:03:16+07:00,36808,49,50,24.5,96
2024-10-22T20:03:38+07:00,36809,50,52,24.5,96
2024-10-22T20:04:01+07:00,36810,49,50,24.5,96
2024-10-22T20:04:23+07:00,36811,49,52,24.5,96
2024-10-22T20:04:45+07:00,36812,49,51,24.5,96
2024-10-22T20:05:08+07:00,36813,49,51,24.5,98
2024-10-22T20:05:31+07:00,36814,50,51,24.5,96
2024-10-22T20:05:53+07:00,36815,49,49,24.5,96
2024-10-22T20:06:16+07:00,36816,49,52,24.5,96
2024-10-22T20:06:38+07:00,36817,49,52,24.5,96
2024-10-22T20:07:01+07:00,36818,50,50,24.5,96
2024-10-22T20:07:23+07:00,36819,50,49,24.5,96
2024-10-22T20:07:46+07:00,36820,50,51,24.5,96
2024-10-22T20:08:08+07:00,36821,51,51,24.5,96
2024-10-22T20:08:31+07:00,36822,50,51,24.5,96
2024-10-22T20:08:53+07:00,36823,49,49,24.5,96
2024-10-22T20:09:16+07:00,36824,50,50,24.5,96
2024-10-22T20:09:38+07:00,36825,49,50,24.5,96
2024-10-22T20:10:00+07:00,36826,50,50,24.5,96
2024-10-22T20:10:22+07:00,36827,49,52,24.5,96
2024-10-22T20:10:44+07:00,36828,50,48,24.5,96
2024-10-22T20:11:07+07:00,36829,49,51,24.5,96
2024-10-22T20:11:30+07:00,36830,49,51,24.5,98
2024-10-22T20:11:52+07:00,36831,49,49,24.5,96
2024-10-22T20:12:14+07:00,36832,50,52,24.5,95
2024-10-22T20:12:36+07:00,36833,50,49,24.5,95
2024-10-22T20:12:59+07:00,36834,49,50,24.5,95
2024-10-22T20:13:21+07:00,36835,50,51,24.5,94
2024-10-22T20:13:43+07:00,36836,50,51,24.5,94
2024-10-22T20:14:06+07:00,36837,49,49,24.5,94
2024-10-22T20:14:28+07:00,36838,50,52,24.5,94
2024-10-22T20:14:51+07:00,36839,50,49,24.5,94
2024-10-22T20:15:13+07:00,36840,48,49,24.5,95
2024-10-22T20:15:36+07:00,36841,49,53,24.5,95
2024-10-22T20:15:58+07:00,36842,49,51,24.5,95
2024-10-22T20:16:20+07:00,36843,50,51,24.5,95
2024-10-22T20:16:42+07:00,36844,49,49,24.5,95
2024-10-22T20:17:04+07:00,36845,49,49,24.5,95
2024-10-22T20:17:31+07:00,36846,49,49,24.5,96
2024-10-22T20:17:54+07:00,36847,50,49,24.5,95
2024-10-22T20:18:17+07:00,36848,49,52,24.5,95
2024-10-22T20:18:39+07:00,36849,49,49,24.5,95
2024-10-22T20:19:02+07:00,36850,49,51,24.5,95
2024-10-22T20:19:24+07:00,36851,49,49,24.5,95
2024-10-22T20:19:47+07:00,36852,49,49,24.5,95
2024-10-22T20:20:09+07:00,36853,50,51,24.5,94
2024-10-22T20:20:32+07:00,36854,49,48,24.5,94
2024-10-22T20:20:55+07:00,36855,51,49,24.5,94
2024-10-22T20:21:17+07:00,36856,51,50,24.5,94
2024-10-22T20:21:39+07:00,36857,50,50,24.5,94
2024-10-22T20:22:01+07:00,36858,50,49,24.5,94
2024-10-22T20:22:24+07:00,36859,50,50,24.5,94
2024-10-22T20:22:46+07:00,36860,49,51,24.5,94
2024-10-22T20:23:09+07:00,36861,49,49,24.5,94
2024-10-22T20:23:31+07:00,36862,49,50,24.5,94
2024-10-22T20:23:54+07:00,36863,50,50,24.5,94
2024-10-22T20:24:16+07:00,36864,50,51,24.5,94
2024-10-22T20:24:39+07:00,36865,50,51,24.5,94
2024-10-22T20:25:02+07:00,36866,49,52,24.5,94
2024-10-22T20:25:24+07:00,36867,50,52,24.5,95
2024-10-22T20:25:47+07:00,36868,49,51,24.5,94
2024-10-22T20:26:09+07:00,36869,49,50,24.5,95
2024-10-22T20:26:31+07:00,36870,50,49,24.5,95
2024-10-22T20:26:54+07:00,36871,49,51,24.5,95
2024-10-22T20:27:16+07:00,36872,49,51,24.5,94
2024-10-22T20:27:39+07:00,36873,49,50,24.5,95
2024-10-22T20:28:01+07:00,36874,49,49,24.5,95
2024-10-22T20:28:23+07:00,36875,49,51,24.5,95
2024-10-22T20:28:46+07:00,36876,48,50,24.5,96
2024-10-22T20:29:08+07:00,36877,50,49,24.5,96
2024-10-22T20:29:31+07:00,36878,50,49,24.5,96
2024-10-22T20:29:54+07:00,36879,48,50,24.5,95
2024-10-22T20:30:16+07:00,36880,48,50,24.5,96
2024-10-22T20:30:39+07:00,36881,49,51,24.5,96
2024-10-22T20:31:01+07:00,36882,49,51,24.5,96
2024-10-22T20:31:23+07:00,36883,49,50,24.5,96
2024-10-22T20:31:46+07:00,36884,50,49,24.5,96
2024-10-22T20:32:08+07:00,36885,49,51,24.5,96
2024-10-22T20:32:30+07:00,36886,50,49,24.5,96
2024-10-22T20:32:52+07:00,36887,48,51,24.5,96
2024-10-22T20:33:15+07:00,36888,49,49,24.5,96
2024-10-22T20:33:37+07:00,36889,49,51,24.5,96
2024-10-22T20:34:00+07:00,36890,48,50,24.5,96
2024-10-22T20:34:22+07:00,36891,50,51,24.5,96
2024-10-22T20:34:45+07:00,36892,49,51,24.5,95
2024-10-22T20:35:07+07:00,36893,49,49,24.5,95
2024-10-22T20:35:30+07:00,36894,49,50,24.5,95
2024-10-22T20:35:52+07:00,36895,49,49,24.5,95
2024-10-22T20:36:15+07:00,36896,49,50,24.5,98
2024-10-22T20:36:37+07:00,36897,50,49,24.5,95
2024-10-22T20:36:59+07:00,36898,49,50,24.5,95
2024-10-22T20:37:22+07:00,36899,48,51,24.5,94
2024-10-22T20:37:44+07:00,36900,48,50,24.5,94
2024-10-22T20:38:06+07:00,36901,49,52,24.5,94
2024-10-22T20:38:29+07:00,36902,48,51,24.5,94
2024-10-22T20:38:52+07:00,36903,49,49,24.5,94
2024-10-22T20:39:14+07:00,36904,49,51,24.5,95
2024-10-22T20:39:37+07:00,36905,49,49,24.5,95
2024-10-22T20:39:59+07:00,36906,50,49,24.5,95
2024-10-22T20:40:22+07:00,36907,50,52,24.5,95
2024-10-22T20:40:44+07:00,36908,49,49,24.5,94
2024-10-22T20:41:07+07:00,36909,50,48,24.5,94
2024-10-22T20:41:29+07:00,36910,48,50,24.5,94
2024-10-22T20:41:51+07:00,36911,50,51,24.5,94
2024-10-22T20:42:14+07:00,36912,48,51,24.5,94
2024-10-22T20:42:37+07:00,36913,50,49,24.5,94
2024-10-22T20:42:59+07:00,36914,50,50,24.5,94
2024-10-22T20:43:21+07:00,36915,50,49,24.5,94
2024-10-22T20:43:43+07:00,36916,50,51,24.5,94
2024-10-22T20:44:06+07:00,36917,49,52,24.5,94
2024-10-22T20:44:29+07:00,36918,50,51,24.5,94
2024-10-22T20:44:51+07:00,36919,50,48,24.5,94
2024-10-22T20:45:14+07:00,36920,50,48,24.5,94
2024-10-22T20:45:36+07:00,36921,48,48,24.5,94
2024-10-22T20:45:58+07:00,36922,49,50,24.5,94
2024-10-22T20:46:21+07:00,36923,49,49,24.5,94
2024-10-22T20:46:44+07:00,36924,49,50,24.5,94
2024-10-22T20:47:06+07:00,36925,49,50,24.5,94
2024-10-22T20:47:28+07:00,36926,49,50,24.5,94
2024-10-22T20:47:51+07:00,36927,48,51,24.5,94
2024-10-22T20:48:13+07:00,36928,49,47,24.5,94
2024-10-22T20:48:36+07:00,36929,50,49,24.5,94
2024-10-22T20:48:59+07:00,36930,49,50,24.5,94
2024-10-22T20:49:21+07:00,36931,50,50,24.5,94
2024-10-22T20:49:43+07:00,36932,50,50,24.5,94
2024-10-22T20:50:06+07:00,36933,50,49,24.5,94
2024-10-22T20:50:29+07:00,36934,48,49,24.5,94
2024-10-22T20:50:51+07:00,36935,50,51,24.5,94
2024-10-22T20:51:14+07:00,36936,48,48,24.5,94
2024-10-22T20:51:36+07:00,36937,51,50,24.5,94
2024-10-22T20:51:59+07:00,36938,50,48,24.5,94
2024-10-22T20:52:21+07:00,36939,49,48,24.5,94
2024-10-22T20:52:44+07:00,36940,49,49,24.5,94
2024-10-22T20:53:07+07:00,36941,49,49,24.5,94
2024-10-22T20:53:29+07:00,36942,49,50,24.5,94
2024-10-22T20:53:52+07:00,36943,50,48,24.5,94
2024-10-22T20:54:14+07:00,36944,49,48,24.5,95
2024-10-22T20:54:37+07:00,36945,48,49,24.5,96
2024-10-22T20:55:00+07:00,36946,50,50,24.5,95
2024-10-22T20:55:22+07:00,36947,49,50,24.5,95
2024-10-22T20:55:45+07:00,36948,49,53,24.5,95
2024-10-22T20:56:07+07:00,36949,50,50,24.5,95
2024-10-22T20:56:30+07:00,36950,49,48,24.5,95
2024-10-22T20:56:52+07:00,36951,48,50,24.5,95
2024-10-22T20:57:15+07:00,36952,49,50,24.5,95
2024-10-22T20:57:38+07:00,36953,49,48,24.5,95
2024-10-22T20:58:00+07:00,36954,49,49,24.5,94
2024-10-22T20:58:23+07:00,36955,49,50,24.5,94
2024-10-22T20:58:46+07:00,36956,50,51,24.5,94
2024-10-22T20:59:09+07:00,36957,49,50,24.5,95
2024-10-22T20:59:31+07:00,36958,49,48,24.5,94
2024-10-22T20:59:54+07:00,36959,49,51,24.5,94
2024-10-22T21:00:16+07:00,36960,48,49,24.5,95
2024-10-22T21:00:39+07:00,36961,50,50,24.5,96
2024-10-22T21:01:01+07:00,36962,49,50,24.5,95
2024-10-22T21:01:24+07:00,36963,48,49,24.5,94
2024-10-22T21:01:47+07:00,36964,49,49,24.5,94
2024-10-22T21:02:09+07:00,36965,49,50,24.5,94
2024-10-22T21:02:32+07:00,36966,49,47,24.5,94
2024-10-22T21:02:54+07:00,36967,50,48,24.5,94
2024-10-22T21:03:16+07:00,36968,48,49,24.5,94
2024-10-22T21:03:39+07:00,36969,49,48,24.5,94
2024-10-22T21:04:02+07:00,36970,49,49,24.5,94
2024-10-22T21:04:24+07:00,36971,50,51,24.5,94
2024-10-22T21:04:47+07:00,36972,50,49,24.5,94
2024-10-22T21:05:10+07:00,36973,49,49,24.5,94
2024-10-22T21:05:32+07:00,36974,48,50,24.5,94
2024-10-22T21:05:55+07:00,36975,49,48,24.5,94
2024-10-22T21:06:17+07:00,36976,49,48,24.5,94
2024-10-22T21:06:40+07:00,36977,49,49,24.5,94
2024-10-22T21:07:02+07:00,36978,49,49,24.5,94
2024-10-22T21:07:25+07:00,36979,50,49,24.5,94
2024-10-22T21:07:47+07:00,36980,49,49,24.5,94
2024-10-22T21:08:10+07:00,36981,50,50,24.5,94
2024-10-22T21:08:32+07:00,36982,49,49,24.5,94
2024-10-22T21:08:55+07:00,36983,50,48,24.5,94
2024-10-22T21:09:17+07:00,36984,50,49,24.5,94
2024-10-22T21:09:40+07:00,36985,49,48,24.5,93
2024-10-22T21:10:03+07:00,36986,48,50,24.5,93
2024-10-22T21:10:25+07:00,36987,50,51,24.5,93
2024-10-22T21:10:48+07:00,36988,49,49,24.5,93
2024-10-22T21:11:10+07:00,36989,50,49,24.5,93
2024-10-22T21:11:33+07:00,36990,51,50,24.5,93
2024-10-22T21:11:56+07:00,36991,49,50,24.5,93
2024-10-22T21:12:18+07:00,36992,49,49,24.5,93
2024-10-22T21:12:41+07:00,36993,49,49,24.5,93
2024-10-22T21:13:04+07:00,36994,49,49,24.5,93
2024-10-22T21:13:26+07:00,36995,50,48,24.5,93
2024-10-22T21:13:49+07:00,36996,48,47,24.5,92
2024-10-22T21:14:11+07:00,36997,49,49,24.5,92
2024-10-22T21:14:34+07:00,36998,48,47,24.5,92
2024-10-22T21:14:56+07:00,36999,49,51,24.5,92
2024-10-22T21:15:19+07:00,37000,49,48,24.5,92
2024-10-22T21:15:42+07:00,37001,48,48,24.5,92
2024-10-22T21:16:04+07:00,37002,49,50,24.4,92
2024-10-22T21:16:27+07:00,37003,50,48,24.2,92
2024-10-22T21:16:50+07:00,37004,50,49,24.2,92
2024-10-22T21:17:12+07:00,37005,50,49,24.2,92
2024-10-22T21:17:35+07:00,37006,50,48,24.2,92
2024-10-22T21:17:57+07:00,37007,49,49,24.2,93
2024-10-22T21:18:20+07:00,37008,49,49,24.2,92
2024-10-22T21:18:43+07:00,37009,50,49,24.1,96
2024-10-22T21:19:05+07:00,37010,51,49,24.2,92
2024-10-22T21:19:28+07:00,37011,50,48,24.1,92
2024-10-22T21:19:50+07:00,37012,49,51,24.2,92
2024-10-22T21:20:12+07:00,37013,49,49,24.1,91
2024-10-22T21:20:35+07:00,37014,50,48,24.1,91
2024-10-22T21:20:57+07:00,37015,50,49,24.1,91
2024-10-22T21:21:19+07:00,37016,49,49,24.1,91
2024-10-22T21:21:42+07:00,37017,50,47,24.1,91
2024-10-22T21:22:04+07:00,37018,49,50,24.1,91
2024-10-22T21:22:26+07:00,37019,49,49,24.1,91
2024-10-22T21:22:49+07:00,37020,50,47,24.1,90
2024-10-22T21:23:11+07:00,37021,50,49,24.1,90
2024-10-22T21:23:34+07:00,37022,49,48,24.1,91
2024-10-22T21:23:56+07:00,37023,49,50,24.1,90
2024-10-22T21:24:18+07:00,37024,49,48,24.1,90
2024-10-22T21:24:41+07:00,37025,49,48,24.1,90
2024-10-22T21:25:04+07:00,37026,49,48,24.1,90
2024-10-22T21:25:26+07:00,37027,49,48,24.1,90
2024-10-22T21:25:49+07:00,37028,48,47,24.1,91
2024-10-22T21:26:11+07:00,37029,49,48,24.1,91
2024-10-22T21:26:34+07:00,37030,50,44,24.1,91
2024-10-22T21:26:56+07:00,37031,48,48,24.1,90
2024-10-22T21:27:18+07:00,37032,49,49,24.1,90
2024-10-22T21:27:41+07:00,37033,49,47,24.1,90
2024-10-22T21:28:03+07:00,37034,49,47,24.1,90
2024-10-22T21:28:26+07:00,37035,50,49,24.1,91
2024-10-22T21:28:49+07:00,37036,49,47,24.1,91
2024-10-22T21:29:11+07:00,37037,50,49,24.1,92
2024-10-22T21:29:33+07:00,37038,49,48,24.1,92
2024-10-22T21:29:56+07:00,37039,49,49,24.1,92
2024-10-22T21:30:19+07:00,37040,49,49,24.1,92
2024-10-22T21:30:42+07:00,37041,48,49,24.1,94
2024-10-22T21:31:04+07:00,37042,50,48,24.1,92
2024-10-22T21:31:27+07:00,37043,49,49,24.1,91
2024-10-22T21:31:49+07:00,37044,50,51,24.1,91
2024-10-22T21:32:11+07:00,37045,50,49,24.1,91
2024-10-22T21:32:34+07:00,37046,49,49,24.1,91
2024-10-22T21:32:56+07:00,37047,49,50,24.1,91
2024-10-22T21:33:19+07:00,37048,48,47,24.1,92
2024-10-22T21:33:41+07:00,37049,49,47,24.1,92
2024-10-22T21:34:03+07:00,37050,49,46,24.1,92
2024-10-22T21:34:26+07:00,37051,49,49,24.1,92
2024-10-22T21:34:48+07:00,37052,49,47,24.1,91
2024-10-22T21:35:10+07:00,37053,50,50,24.1,91
2024-10-22T21:35:33+07:00,37054,48,47,24.1,91
2024-10-22T21:35:55+07:00,37055,50,48,24.1,90
2024-10-22T21:36:17+07:00,37056,49,47,24.1,90
2024-10-22T21:36:39+07:00,37057,49,47,24.1,90
2024-10-22T21:37:02+07:00,37058,50,47,24.1,91
2024-10-22T21:37:24+07:00,37059,50,46,24.1,91
2024-10-22T21:37:46+07:00,37060,49,46,24.1,91
2024-10-22T21:38:09+07:00,37061,49,48,24.1,91
2024-10-22T21:38:31+07:00,37062,49,46,24.1,91
2024-10-22T21:38:53+07:00,37063,50,49,24.1,90
2024-10-22T21:39:15+07:00,37064,50,50,24.1,90
2024-10-22T21:39:38+07:00,37065,50,51,24.1,91
2024-10-22T21:40:00+07:00,37066,49,49,24.1,91
2024-10-22T21:40:22+07:00,37067,49,46,24.1,92
2024-10-22T21:40:44+07:00,37068,49,49,24.1,91
2024-10-22T21:41:06+07:00,37069,49,48,24.1,91
2024-10-22T21:41:29+07:00,37070,49,49,24.1,91
2024-10-22T21:41:51+07:00,37071,49,48,24.1,91
2024-10-22T21:42:14+07:00,37072,49,50,24.1,91
2024-10-22T21:42:36+07:00,37073,49,48,24.1,91
2024-10-22T21:42:59+07:00,37074,48,49,24.1,91
2024-10-22T21:43:21+07:00,37075,49,49,24.1,91
2024-10-22T21:43:44+07:00,37076,50,47,24.1,91
2024-10-22T21:44:06+07:00,37077,50,48,24.1,90
2024-10-22T21:44:29+07:00,37078,48,48,24.1,90
2024-10-22T21:44:51+07:00,37079,49,47,24.1,90
2024-10-22T21:45:13+07:00,37080,48,48,24.1,90
2024-10-22T21:45:36+07:00,37081,49,48,24.1,90
2024-10-22T21:45:58+07:00,37082,48,47,24.1,90
2024-10-22T21:46:21+07:00,37083,49,49,24.1,91
2024-10-22T21:46:43+07:00,37084,49,49,24.1,91
2024-10-22T21:47:05+07:00,37085,49,48,24.1,92
2024-10-22T21:47:28+07:00,37086,48,46,24.1,92
2024-10-22T21:47:50+07:00,37087,49,50,24.1,92
2024-10-22T21:48:13+07:00,37088,50,48,24.1,92
2024-10-22T21:48:35+07:00,37089,49,46,24.1,92
2024-10-22T21:48:58+07:00,37090,49,50,24.1,92
2024-10-22T21:49:20+07:00,37091,49,49,24.1,92
2024-10-22T21:49:43+07:00,37092,48,47,24.1,92
2024-10-22T21:50:05+07:00,37093,49,47,24.1,92
2024-10-22T21:50:27+07:00,37094,49,48,24.1,92
2024-10-22T21:50:50+07:00,37095,50,48,24.1,92
2024-10-22T21:51:12+07:00,37096,49,47,24.1,92
2024-10-22T21:51:34+07:00,37097,50,50,24.1,91
2024-10-22T21:51:56+07:00,37098,49,47,24.1,91
2024-10-22T21:52:19+07:00,37099,49,48,24.1,91
2024-10-22T21:52:41+07:00,37100,50,47,24.1,91
2024-10-22T21:53:03+07:00,37101,50,51,24.1,91
2024-10-22T21:53:26+07:00,37102,48,48,24.1,90
2024-10-22T21:53:48+07:00,37103,50,47,24.1,90
2024-10-22T21:54:10+07:00,37104,49,49,24.1,90
2024-10-22T21:54:33+07:00,37105,50,49,24.1,91
2024-10-22T21:54:55+07:00,37106,49,49,24.1,90
2024-10-22T21:55:17+07:00,37107,48,49,24.1,90
2024-10-22T21:55:39+07:00,37108,50,49,24.1,90
2024-10-22T21:56:02+07:00,37109,49,50,24.1,90
2024-10-22T21:56:24+07:00,37110,49,48,24.1,90
2024-10-22T21:56:46+07:00,37111,49,48,24.1,90
2024-10-22T21:57:09+07:00,37112,49,48,24.1,90
2024-10-22T21:57:31+07:00,37113,50,49,24.1,90
2024-10-22T21:57:53+07:00,37114,49,49,24.1,90
2024-10-22T21:58:15+07:00,37115,49,47,24.1,90
2024-10-22T21:58:37+07:00,37116,49,48,24.1,90
2024-10-22T21:59:00+07:00,37117,49,49,24.1,90
2024-10-22T21:59:22+07:00,37118,49,49,24.1,90
2024-10-22T21:59:44+07:00,37119,50,48,24.1,90
2024-10-22T22:00:07+07:00,37120,49,49,24.1,90
2024-10-22T22:00:29+07:00,37121,51,45,24.1,90
2024-10-22T22:00:52+07:00,37122,49,49,24.1,90
2024-10-22T22:01:14+07:00,37123,49,48,24.1,90
2024-10-22T22:01:37+07:00,37124,48,47,24.1,90
2024-10-22T22:01:59+07:00,37125,49,49,24.1,90
2024-10-22T22:02:21+07:00,37126,49,46,24.1,90
2024-10-22T22:02:43+07:00,37127,49,47,24.1,90
2024-10-22T22:03:06+07:00,37128,49,48,24.1,91
2024-10-22T22:03:28+07:00,37129,48,48,24.1,91
2024-10-22T22:03:50+07:00,37130,48,47,24.1,91
2024-10-22T22:04:12+07:00,37131,49,48,24.1,91
2024-10-22T22:04:34+07:00,37132,48,49,24.1,90
2024-10-22T22:04:57+07:00,37133,50,48,24.1,90
2024-10-22T22:05:20+07:00,37134,50,49,24.1,91
2024-10-22T22:05:42+07:00,37135,49,47,24.1,92
2024-10-22T22:06:04+07:00,37136,49,47,24.1,92
2024-10-22T22:06:27+07:00,37137,49,47,24.1,92
2024-10-22T22:06:50+07:00,37138,48,47,24.1,92
2024-10-22T22:07:12+07:00,37139,49,48,24.1,92
2024-10-22T22:07:41+07:00,37140,48,47,24.1,98
2024-10-22T22:08:03+07:00,37141,48,47,24.1,93
2024-10-22T22:08:26+07:00,37142,48,45,24.1,92
2024-10-22T22:08:48+07:00,37143,49,48,24.1,92
2024-10-22T22:09:11+07:00,37144,49,49,24.1,92
2024-10-22T22:09:33+07:00,37145,49,48,24.1,92
2024-10-22T22:09:55+07:00,37146,49,49,24.1,92
2024-10-22T22:10:18+07:00,37147,49,47,24.1,92
2024-10-22T22:10:40+07:00,37148,48,47,24.1,92
2024-10-22T22:11:04+07:00,37149,49,49,24.1,92
2024-10-22T22:11:27+07:00,37150,49,47,24.1,92
2024-10-22T22:11:49+07:00,37151,49,46,24.1,92
2024-10-22T22:12:11+07:00,37152,49,46,24.1,92
2024-10-22T22:12:34+07:00,37153,50,47,24.1,92
2024-10-22T22:12:57+07:00,37154,49,48,24.1,92
2024-10-22T22:13:19+07:00,37155,48,46,24.1,92
2024-10-22T22:13:42+07:00,37156,49,48,24.1,93
2024-10-22T22:14:05+07:00,37157,49,48,24.1,98
2024-10-22T22:14:28+07:00,37158,48,48,24.1,92
2024-10-22T22:14:50+07:00,37159,49,49,24.1,92
2024-10-22T22:15:12+07:00,37160,49,48,24.1,92
2024-10-22T22:15:35+07:00,37161,48,47,24.1,92
2024-10-22T22:15:58+07:00,37162,49,49,24.1,93
2024-10-22T22:16:20+07:00,37163,48,49,24.1,93
2024-10-22T22:16:42+07:00,37164,48,48,24.1,93
2024-10-22T22:17:05+07:00,37165,48,49,24.1,93
2024-10-22T22:17:27+07:00,37166,49,46,24.1,93
2024-10-22T22:17:49+07:00,37167,49,49,24.1,93
2024-10-22T22:18:11+07:00,37168,48,47,24.1,93
2024-10-22T22:18:34+07:00,37169,49,48,24.1,92
2024-10-22T22:18:56+07:00,37170,49,45,24.1,92
2024-10-22T22:19:19+07:00,37171,50,48,24.1,92
2024-10-22T22:19:42+07:00,37172,49,46,24.1,92
2024-10-22T22:20:05+07:00,37173,49,47,24.1,92
2024-10-22T22:20:27+07:00,37174,49,45,24.1,93
2024-10-22T22:20:50+07:00,37175,49,48,24.1,93
2024-10-22T22:21:12+07:00,37176,48,48,24.1,93
2024-10-22T22:21:35+07:00,37177,49,49,24.1,92
2024-10-22T22:21:57+07:00,37178,49,49,24.1,92
2024-10-22T22:22:20+07:00,37179,48,48,24.1,92
2024-10-22T22:22:42+07:00,37180,48,47,24.1,92
2024-10-22T22:23:04+07:00,37181,48,48,24.1,93
2024-10-22T22:23:26+07:00,37182,49,48,24.1,92
2024-10-22T22:23:49+07:00,37183,49,48,24.1,93
2024-10-22T22:24:11+07:00,37184,49,48,24.1,92
2024-10-22T22:24:33+07:00,37185,48,47,24.1,92
2024-10-22T22:24:55+07:00,37186,48,48,24.1,92
2024-10-22T22:25:17+07:00,37187,49,50,24.1,92
2024-10-22T22:25:40+07:00,37188,48,47,24.1,92
2024-10-22T22:26:03+07:00,37189,48,47,24.1,93
2024-10-22T22:26:25+07:00,37190,49,47,24.1,92
2024-10-22T22:26:47+07:00,37191,49,49,24.1,92
2024-10-22T22:27:09+07:00,37192,49,46,24.1,92
2024-10-22T22:27:32+07:00,37193,48,48,24.1,92
2024-10-22T22:27:54+07:00,37194,49,48,24.1,93
2024-10-22T22:28:16+07:00,37195,49,47,24.1,93
2024-10-22T22:28:39+07:00,37196,49,46,24.1,93
2024-10-22T22:29:01+07:00,37197,49,49,24.1,93
2024-10-22T22:29:24+07:00,37198,50,49,24.1,93
2024-10-22T22:29:46+07:00,37199,49,46,24.1,93
2024-10-22T22:30:08+07:00,37200,48,47,24.1,93
2024-10-22T22:30:30+07:00,37201,49,48,24.1,93
2024-10-22T22:30:52+07:00,37202,49,48,24.1,93
2024-10-22T22:31:14+07:00,37203,48,46,24.1,93
2024-10-22T22:31:37+07:00,37204,48,47,24.1,93
2024-10-22T22:31:59+07:00,37205,49,48,24.1,93
2024-10-22T22:32:22+07:00,37206,50,46,24.1,94
2024-10-22T22:32:44+07:00,37207,49,48,24.1,93
2024-10-22T22:33:07+07:00,37208,49,46,24.1,93
2024-10-22T22:33:29+07:00,37209,48,49,24.1,93
2024-10-22T22:33:51+07:00,37210,49,48,24.1,93
2024-10-22T22:34:14+07:00,37211,49,45,24.1,93
2024-10-22T22:34:36+07:00,37212,49,49,24.1,93
2024-10-22T22:34:58+07:00,37213,48,50,24.1,93
2024-10-22T22:35:20+07:00,37214,49,49,24.1,93
2024-10-22T22:35:42+07:00,37215,49,48,24.1,92
2024-10-22T22:36:04+07:00,37216,49,48,24.1,92
2024-10-22T22:36:28+07:00,37217,49,48,24.1,92
2024-10-22T22:36:50+07:00,37218,49,47,24.1,92
2024-10-22T22:37:13+07:00,37219,48,48,24.1,92
2024-10-22T22:37:35+07:00,37220,49,48,24.1,92
2024-10-22T22:37:57+07:00,37221,48,48,24.1,92
2024-10-22T22:38:19+07:00,37222,48,46,24.1,93
2024-10-22T22:38:42+07:00,37223,49,48,24.1,92
2024-10-22T22:39:04+07:00,37224,49,47,24.1,93
2024-10-22T22:39:26+07:00,37225,48,47,24.1,93
2024-10-22T22:39:48+07:00,37226,49,46,24.1,93
2024-10-22T22:40:10+07:00,37227,50,46,24.1,93
2024-10-22T22:40:33+07:00,37228,49,46,24.1,93
2024-10-22T22:40:55+07:00,37229,49,48,24.1,93
2024-10-22T22:41:17+07:00,37230,47,48,24.1,92
2024-10-22T22:41:39+07:00,37231,49,48,24.1,93
2024-10-22T22:42:01+07:00,37232,48,46,24.1,93
2024-10-22T22:42:24+07:00,37233,49,47,24.1,92
2024-10-22T22:42:46+07:00,37234,49,47,24.1,92
2024-10-22T22:43:09+07:00,37235,49,49,24.1,92
2024-10-22T22:43:30+07:00,37236,48,47,24.1,92
2024-10-22T22:43:53+07:00,37237,48,48,24.1,92
2024-10-22T22:44:16+07:00,37238,49,48,24.1,92
2024-10-22T22:44:39+07:00,37239,49,49,24.1,92
2024-10-22T22:45:01+07:00,37240,49,46,24.1,92
2024-10-22T22:45:23+07:00,37241,48,47,24.1,93
2024-10-22T22:45:46+07:00,37242,48,45,24.1,93
2024-10-22T22:46:08+07:00,37243,49,49,24.1,93
2024-10-22T22:46:30+07:00,37244,49,47,24.1,93
2024-10-22T22:46:52+07:00,37245,48,47,24.1,93
2024-10-22T22:47:15+07:00,37246,49,47,24.1,93
2024-10-22T22:47:37+07:00,37247,48,46,24.1,93
2024-10-22T22:47:59+07:00,37248,48,48,24.1,93
2024-10-22T22:48:21+07:00,37249,49,46,24.1,93
2024-10-22T22:48:43+07:00,37250,48,49,24.1,93
2024-10-22T22:49:06+07:00,37251,49,49,24.1,93
2024-10-22T22:49:28+07:00,37252,49,47,24.1,93
2024-10-22T22:49:50+07:00,37253,49,49,24.1,93
2024-10-22T22:50:12+07:00,37254,49,47,24.1,93
2024-10-22T22:50:35+07:00,37255,48,49,24.1,93
2024-10-22T22:50:57+07:00,37256,49,48,24.1,93
2024-10-22T22:51:19+07:00,37257,48,49,24.1,93
2024-10-22T22:51:41+07:00,37258,48,46,24.1,93
2024-10-22T22:52:03+07:00,37259,48,47,24.1,93
2024-10-22T22:52:25+07:00,37260,48,48,24.1,93
2024-10-22T22:52:47+07:00,37261,49,49,24.1,93
2024-10-22T22:53:09+07:00,37262,48,48,24.1,93
2024-10-22T22:53:31+07:00,37263,49,46,24.1,93
2024-10-22T22:53:53+07:00,37264,49,47,24.1,93
2024-10-22T22:54:16+07:00,37265,49,45,24.1,93
2024-10-22T22:54:38+07:00,37266,49,46,24.1,93
2024-10-22T22:55:00+07:00,37267,48,45,24.1,93
2024-10-22T22:55:22+07:00,37268,49,47,24.1,93
2024-10-22T22:55:44+07:00,37269,48,49,24.1,93
2024-10-22T22:56:07+07:00,37270,48,45,24.1,94
2024-10-22T22:56:29+07:00,37271,49,45,24.1,94
2024-10-22T22:56:52+07:00,37272,49,48,24.1,94
2024-10-22T22:57:14+07:00,37273,47,49,24.1,94
2024-10-22T22:57:37+07:00,37274,48,47,24.1,93
2024-10-22T22:57:59+07:00,37275,48,49,24.1,93
2024-10-22T22:58:21+07:00,37276,50,47,24.1,93
2024-10-22T22:58:43+07:00,37277,49,47,24.1,93
2024-10-22T22:59:06+07:00,37278,48,48,24.1,93
2024-10-22T22:59:28+07:00,37279,49,47,24.1,92
2024-10-22T22:59:50+07:00,37280,49,47,24.1,92
2024-10-22T23:00:12+07:00,37281,49,47,24.1,93
2024-10-22T23:00:34+07:00,37282,49,49,24.1,92
2024-10-22T23:00:57+07:00,37283,49,49,24.1,92
2024-10-22T23:01:19+07:00,37284,49,48,24.1,92
2024-10-22T23:01:42+07:00,37285,49,47,24.1,93
2024-10-22T23:02:04+07:00,37286,49,47,24.1,93
2024-10-22T23:02:27+07:00,37287,49,50,24.1,93
2024-10-22T23:03:02+07:00,37288,49,47,24.1,93
2024-10-22T23:03:24+07:00,37289,47,46,24.1,93
2024-10-22T23:03:47+07:00,37290,48,46,24.1,93
2024-10-22T23:04:09+07:00,37291,49,47,24.1,93
2024-10-22T23:04:31+07:00,37292,48,48,24.1,92
2024-10-22T23:04:53+07:00,37293,48,47,24.1,92
2024-10-22T23:05:15+07:00,37294,49,49,24.1,92
2024-10-22T23:05:37+07:00,37295,48,48,24.1,93
2024-10-22T23:06:00+07:00,37296,48,48,24.1,93
2024-10-22T23:06:22+07:00,37297,49,46,24.1,93
2024-10-22T23:06:45+07:00,37298,48,45,24.1,93
2024-10-22T23:07:07+07:00,37299,49,48,24.1,93
2024-10-22T23:07:29+07:00,37300,48,47,24.1,93
2024-10-22T23:07:52+07:00,37301,48,47,24.1,93
2024-10-22T23:08:14+07:00,37302,49,45,24.1,93
2024-10-22T23:08:36+07:00,37303,49,45,24.1,93
2024-10-22T23:08:59+07:00,37304,46,47,24.1,93
2024-10-22T23:09:21+07:00,37305,48,48,24.1,93
2024-10-22T23:09:43+07:00,37306,48,49,24.1,93
2024-10-22T23:10:05+07:00,37307,49,49,24.1,93
2024-10-22T23:10:27+07:00,37308,49,46,24.1,93
2024-10-22T23:10:51+07:00,37309,48,48,24.1,93
2024-10-22T23:11:12+07:00,37310,49,47,24.1,93
2024-10-22T23:11:35+07:00,37311,47,48,24.1,93
2024-10-22T23:11:57+07:00,37312,49,48,24.1,93
2024-10-22T23:12:19+07:00,37313,49,49,24.1,93
2024-10-22T23:12:42+07:00,37314,49,47,24.1,93
2024-10-22T23:13:04+07:00,37315,49,47,24.1,93
2024-10-22T23:13:26+07:00,37316,49,48,24.1,93
2024-10-22T23:13:48+07:00,37317,49,48,24.1,93
2024-10-22T23:14:10+07:00,37318,48,47,24.1,93
2024-10-22T23:14:33+07:00,37319,48,45,24.1,93
2024-10-22T23:14:55+07:00,37320,48,46,24.1,94
2024-10-22T23:15:18+07:00,37321,48,47,24.1,94
2024-10-22T23:15:41+07:00,37322,49,47,24.1,94
2024-10-22T23:16:03+07:00,37323,49,46,24.1,94
2024-10-22T23:16:26+07:00,37324,48,47,24.1,94
2024-10-22T23:16:48+07:00,37325,46,48,24.1,93
2024-10-22T23:17:10+07:00,37326,48,46,24.1,93
2024-10-22T23:17:33+07:00,37327,48,48,24.1,93
2024-10-22T23:17:56+07:00,37328,48,46,24.1,93
2024-10-22T23:18:18+07:00,37329,48,47,24.1,93
2024-10-22T23:18:40+07:00,37330,48,48,24.1,93
2024-10-22T23:19:03+07:00,37331,48,48,24.1,93
2024-10-22T23:19:25+07:00,37332,48,45,24.1,93
2024-10-22T23:19:47+07:00,37333,48,46,24.1,93
2024-10-22T23:20:09+07:00,37334,49,46,24.1,93
2024-10-22T23:20:31+07:00,37335,48,45,24.1,93
2024-10-22T23:20:53+07:00,37336,49,45,24.1,93
2024-10-22T23:21:19+07:00,37337,47,47,24.1,98
2024-10-22T23:21:41+07:00,37338,48,48,24.1,92
2024-10-22T23:22:03+07:00,37339,49,48,24.1,92
2024-10-22T23:22:26+07:00,37340,49,48,24.1,92
2024-10-22T23:22:48+07:00,37341,49,47,24.1,92
2024-10-22T23:23:11+07:00,37342,49,46,24.1,92
2024-10-22T23:23:33+07:00,37343,47,46,24.1,92
2024-10-22T23:23:56+07:00,37344,49,47,24.1,92
2024-10-22T23:24:18+07:00,37345,48,48,24.1,92
2024-10-22T23:24:40+07:00,37346,49,46,24.1,92
2024-10-22T23:25:02+07:00,37347,49,48,24.1,92
2024-10-22T23:25:25+07:00,37348,49,47,24.1,92
2024-10-22T23:25:47+07:00,37349,48,48,24.1,92
2024-10-22T23:26:09+07:00,37350,49,45,24.1,92
2024-10-22T23:26:31+07:00,37351,48,48,24.1,92
2024-10-22T23:26:53+07:00,37352,48,47,24.1,93
2024-10-22T23:27:16+07:00,37353,47,46,24.1,93
2024-10-22T23:27:38+07:00,37354,49,46,24.1,93
2024-10-22T23:28:00+07:00,37355,48,46,24.1,93
2024-10-22T23:28:23+07:00,37356,49,47,24.1,93
2024-10-22T23:28:45+07:00,37357,49,47,24.1,93
2024-10-22T23:29:07+07:00,37358,48,45,24.1,93
2024-10-22T23:29:30+07:00,37359,49,47,24.1,93
2024-10-22T23:29:52+07:00,37360,49,45,24.1,93
2024-10-22T23:30:14+07:00,37361,48,45,24.1,93
2024-10-22T23:30:37+07:00,37362,49,48,24.1,93
2024-10-22T23:30:59+07:00,37363,48,46,24.1,93
2024-10-22T23:31:21+07:00,37364,48,47,23.8,93
2024-10-22T23:31:43+07:00,37365,48,47,23.8,93
2024-10-22T23:32:06+07:00,37366,49,47,23.8,93
2024-10-22T23:32:28+07:00,37367,49,48,23.8,93
2024-10-22T23:32:50+07:00,37368,49,48,23.8,93
2024-10-22T23:33:12+07:00,37369,49,46,23.8,93
2024-10-22T23:33:35+07:00,37370,49,47,23.8,93
2024-10-22T23:33:57+07:00,37371,49,46,23.8,93
2024-10-22T23:34:19+07:00,37372,49,45,23.8,93
2024-10-22T23:34:42+07:00,37373,48,47,23.8,93
2024-10-22T23:35:05+07:00,37374,49,47,23.9,93
2024-10-22T23:35:27+07:00,37375,48,47,24.1,93
2024-10-22T23:35:49+07:00,37376,50,46,24.1,93
2024-10-22T23:36:12+07:00,37377,48,48,24.1,93
2024-10-22T23:36:34+07:00,37378,49,49,23.8,92
2024-10-22T23:36:56+07:00,37379,49,47,23.8,92
2024-10-22T23:37:19+07:00,37380,48,45,23.8,92
2024-10-22T23:37:42+07:00,37381,48,47,23.8,92
2024-10-22T23:38:04+07:00,37382,49,46,23.8,91
2024-10-22T23:38:26+07:00,37383,49,46,23.8,91
2024-10-22T23:38:49+07:00,37384,49,46,23.8,91
2024-10-22T23:39:11+07:00,37385,48,46,23.8,92
2024-10-22T23:39:34+07:00,37386,48,48,23.8,92
2024-10-22T23:39:57+07:00,37387,48,46,23.8,92
2024-10-22T23:40:19+07:00,37388,48,47,23.8,92
2024-10-22T23:40:42+07:00,37389,48,49,23.8,91
2024-10-22T23:41:05+07:00,37390,49,48,23.8,91
2024-10-22T23:41:28+07:00,37391,49,46,23.8,91
2024-10-22T23:41:50+07:00,37392,49,45,23.8,92
2024-10-22T23:42:12+07:00,37393,49,47,23.8,92
2024-10-22T23:42:35+07:00,37394,48,46,23.8,92
2024-10-22T23:42:58+07:00,37395,48,46,23.8,92
2024-10-22T23:43:20+07:00,37396,49,45,23.8,92
2024-10-22T23:43:42+07:00,37397,49,47,23.8,92
2024-10-22T23:44:05+07:00,37398,50,45,23.8,92
2024-10-22T23:44:27+07:00,37399,49,46,23.8,92
2024-10-22T23:44:50+07:00,37400,49,45,23.8,92
2024-10-22T23:45:12+07:00,37401,49,47,23.8,92
2024-10-22T23:45:35+07:00,37402,47,46,23.8,92
2024-10-22T23:45:57+07:00,37403,49,47,23.8,92
2024-10-22T23:46:19+07:00,37404,48,47,23.8,92
2024-10-22T23:46:41+07:00,37405,48,47,23.8,92
2024-10-22T23:47:04+07:00,37406,48,46,23.8,92
2024-10-22T23:47:27+07:00,37407,48,46,23.8,92
2024-10-22T23:47:49+07:00,37408,48,45,23.8,91
2024-10-22T23:48:11+07:00,37409,48,45,23.8,92
2024-10-22T23:48:33+07:00,37410,49,46,23.8,92
2024-10-22T23:48:56+07:00,37411,49,48,23.8,92
2024-10-22T23:49:19+07:00,37412,49,47,23.8,92
2024-10-22T23:49:41+07:00,37413,48,49,23.8,92
2024-10-22T23:50:03+07:00,37414,49,46,23.8,92
2024-10-22T23:50:25+07:00,37415,49,46,23.8,92
2024-10-22T23:50:47+07:00,37416,48,47,23.8,92
2024-10-22T23:51:09+07:00,37417,48,48,23.8,92
2024-10-22T23:51:32+07:00,37418,48,47,23.8,92
2024-10-22T23:51:55+07:00,37419,49,47,23.8,92
2024-10-22T23:52:18+07:00,37420,48,47,23.8,92
2024-10-22T23:52:40+07:00,37421,48,47,23.8,93
2024-10-22T23:53:03+07:00,37422,48,46,23.8,93
2024-10-22T23:53:25+07:00,37423,49,45,23.8,93
2024-10-22T23:53:47+07:00,37424,48,47,23.8,93
2024-10-22T23:54:22+07:00,37425,48,45,23.8,93
2024-10-22T23:54:45+07:00,37426,48,46,23.8,93
2024-10-22T23:55:07+07:00,37427,48,48,23.8,93
2024-10-22T23:55:29+07:00,37428,49,46,23.8,93
2024-10-22T23:55:51+07:00,37429,48,46,23.8,93
2024-10-22T23:56:14+07:00,37430,48,45,23.8,92
2024-10-22T23:56:36+07:00,37431,49,47,23.8,92
2024-10-22T23:56:58+07:00,37432,49,46,23.8,92
2024-10-22T23:57:20+07:00,37433,48,48,23.8,93
2024-10-22T23:57:43+07:00,37434,48,47,23.8,93
2024-10-22T23:58:07+07:00,37435,48,46,23.8,95
2024-10-22T23:58:29+07:00,37436,48,46,23.8,93
2024-10-22T23:58:51+07:00,37437,48,46,23.8,93
2024-10-22T23:59:14+07:00,37438,48,45,23.8,93
2024-10-22T23:59:36+07:00,37439,49,46,23.8,93
2024-10-22T23:59:58+07:00,37440,48,46,23.8,93
2024-10-23T00:00:20+07:00,37441,48,47,23.8,93
2024-10-23T00:00:42+07:00,37442,48,47,23.8,93
2024-10-23T00:01:05+07:00,37443,48,48,23.8,93
2024-10-23T00:01:27+07:00,37444,49,46,23.8,93
2024-10-23T00:01:50+07:00,37445,48,47,23.8,93
2024-10-23T00:02:12+07:00,37446,48,46,23.8,93
2024-10-23T00:02:35+07:00,37447,48,46,23.8,93
2024-10-23T00:02:57+07:00,37448,48,46,23.8,93
2024-10-23T00:03:19+07:00,37449,48,47,23.8,93
2024-10-23T00:03:41+07:00,37450,48,46,23.8,93
2024-10-23T00:04:04+07:00,37451,48,47,23.8,93
2024-10-23T00:04:26+07:00,37452,48,46,23.8,93
2024-10-23T00:04:48+07:00,37453,48,47,23.8,93
2024-10-23T00:05:10+07:00,37454,49,47,23.8,94
2024-10-23T00:05:33+07:00,37455,49,47,23.8,94
2024-10-23T00:05:55+07:00,37456,48,45,23.8,94
2024-10-23T00:06:17+07:00,37457,48,47,23.8,94
2024-10-23T00:06:39+07:00,37458,49,47,23.8,94
2024-10-23T00:07:01+07:00,37459,48,46,23.8,94
2024-10-23T00:07:23+07:00,37460,48,46,23.8,94
2024-10-23T00:07:45+07:00,37461,48,47,23.8,94
2024-10-23T00:08:07+07:00,37462,48,46,23.8,94
2024-10-23T00:08:30+07:00,37463,48,46,23.8,94
2024-10-23T00:08:52+07:00,37464,48,47,23.8,94
2024-10-23T00:09:14+07:00,37465,48,47,23.8,94
2024-10-23T00:09:36+07:00,37466,49,45,23.8,94
2024-10-23T00:09:58+07:00,37467,48,47,23.8,94
2024-10-23T00:10:21+07:00,37468,48,47,23.8,95
2024-10-23T00:10:43+07:00,37469,48,46,23.8,94
2024-10-23T00:11:05+07:00,37470,48,46,23.8,94
2024-10-23T00:11:27+07:00,37471,49,46,23.8,94
2024-10-23T00:11:50+07:00,37472,48,46,23.8,94
2024-10-23T00:12:12+07:00,37473,48,48,23.8,94
2024-10-23T00:12:35+07:00,37474,47,46,23.8,94
2024-10-23T00:12:57+07:00,37475,48,46,23.8,94
2024-10-23T00:13:19+07:00,37476,48,46,23.8,94
2024-10-23T00:13:42+07:00,37477,48,46,23.8,94
2024-10-23T00:14:04+07:00,37478,48,46,23.8,94
2024-10-23T00:14:26+07:00,37479,49,47,23.8,94
2024-10-23T00:14:48+07:00,37480,49,46,23.8,94
2024-10-23T00:15:10+07:00,37481,48,46,23.8,94
2024-10-23T00:15:33+07:00,37482,48,45,23.8,94
2024-10-23T00:15:54+07:00,37483,48,46,23.8,94
2024-10-23T00:16:17+07:00,37484,48,47,23.8,95
2024-10-23T00:16:39+07:00,37485,48,47,23.8,94
2024-10-23T00:17:01+07:00,37486,49,45,23.8,94
2024-10-23T00:17:23+07:00,37487,48,46,23.8,94
2024-10-23T00:17:45+07:00,37488,49,46,23.8,94
2024-10-23T00:18:08+07:00,37489,48,47,23.8,94
2024-10-23T00:18:30+07:00,37490,48,47,23.8,94
2024-10-23T00:18:52+07:00,37491,49,47,23.8,94
2024-10-23T00:19:14+07:00,37492,48,46,23.8,94
2024-10-23T00:19:37+07:00,37493,49,46,23.8,94
2024-10-23T00:19:59+07:00,37494,49,46,23.8,94
2024-10-23T00:20:21+07:00,37495,48,47,23.8,94
2024-10-23T00:20:44+07:00,37496,47,47,23.8,94
2024-10-23T00:21:06+07:00,37497,48,47,23.8,94
2024-10-23T00:21:28+07:00,37498,48,46,23.8,94
2024-10-23T00:21:50+07:00,37499,48,46,23.8,94
2024-10-23T00:22:12+07:00,37500,48,47,23.8,94
2024-10-23T00:22:35+07:00,37501,48,48,23.8,95
2024-10-23T00:22:58+07:00,37502,48,47,23.8,94
2024-10-23T00:23:20+07:00,37503,48,46,23.8,94
2024-10-23T00:23:42+07:00,37504,49,46,23.8,94
2024-10-23T00:24:04+07:00,37505,48,46,23.8,94
2024-10-23T00:24:26+07:00,37506,48,46,23.8,94
2024-10-23T00:24:48+07:00,37507,48,46,23.8,94
2024-10-23T00:25:10+07:00,37508,48,47,23.8,94
2024-10-23T00:25:33+07:00,37509,48,45,23.8,94
2024-10-23T00:25:55+07:00,37510,48,47,23.8,94
2024-10-23T00:26:17+07:00,37511,48,46,23.8,95
2024-10-23T00:26:39+07:00,37512,49,46,23.8,94
2024-10-23T00:27:01+07:00,37513,48,46,23.8,94
2024-10-23T00:27:23+07:00,37514,49,47,23.8,95
2024-10-23T00:27:46+07:00,37515,48,47,23.8,94
2024-10-23T00:28:08+07:00,37516,48,46,23.8,94
2024-10-23T00:28:31+07:00,37517,47,46,23.8,94
2024-10-23T00:28:53+07:00,37518,48,46,23.8,94
2024-10-23T00:29:15+07:00,37519,49,46,23.8,94
2024-10-23T00:29:38+07:00,37520,49,47,23.8,94
2024-10-23T00:30:00+07:00,37521,49,46,23.8,94
2024-10-23T00:30:22+07:00,37522,49,46,23.8,94
2024-10-23T00:30:45+07:00,37523,48,47,23.8,94
2024-10-23T00:31:07+07:00,37524,49,45,23.8,94
2024-10-23T00:31:29+07:00,37525,49,46,23.8,94
2024-10-23T00:31:51+07:00,37526,48,45,23.8,94
2024-10-23T00:32:14+07:00,37527,48,47,23.8,94
2024-10-23T00:32:36+07:00,37528,49,46,23.8,95
2024-10-23T00:32:58+07:00,37529,48,46,23.8,94
2024-10-23T00:33:20+07:00,37530,48,47,23.6,94
2024-10-23T00:33:42+07:00,37531,48,46,23.4,94
2024-10-23T00:34:05+07:00,37532,48,46,23.4,94
2024-10-23T00:34:27+07:00,37533,48,47,23.4,94
2024-10-23T00:34:49+07:00,37534,48,46,23.4,95
2024-10-23T00:35:11+07:00,37535,49,47,23.7,95
2024-10-23T00:35:34+07:00,37536,48,45,23.8,95
2024-10-23T00:35:56+07:00,37537,49,47,23.8,95
2024-10-23T00:36:18+07:00,37538,48,46,23.8,95
2024-10-23T00:36:41+07:00,37539,48,45,23.8,95
2024-10-23T00:37:03+07:00,37540,48,47,23.7,95
2024-10-23T00:37:25+07:00,37541,48,46,23.4,95
2024-10-23T00:37:48+07:00,37542,48,47,23.4,95
2024-10-23T00:38:10+07:00,37543,48,47,23.4,95
2024-10-23T00:38:32+07:00,37544,49,46,23.4,95
2024-10-23T00:38:54+07:00,37545,48,45,23.4,95
2024-10-23T00:39:16+07:00,37546,48,46,23.4,95
2024-10-23T00:39:38+07:00,37547,48,47,23.4,95
2024-10-23T00:40:01+07:00,37548,49,46,23.4,95
2024-10-23T00:40:23+07:00,37549,48,45,23.4,95
2024-10-23T00:40:45+07:00,37550,48,46,23.4,96
2024-10-23T00:41:08+07:00,37551,49,45,23.4,96
2024-10-23T00:41:30+07:00,37552,48,46,23.4,96
2024-10-23T00:41:52+07:00,37553,48,45,23.4,96
2024-10-23T00:42:14+07:00,37554,48,46,23.4,96
2024-10-23T00:42:36+07:00,37555,49,45,23.4,96
2024-10-23T00:42:59+07:00,37556,47,45,23.4,96
2024-10-23T00:43:21+07:00,37557,48,45,23.4,96
2024-10-23T00:43:43+07:00,37558,48,46,23.4,96
2024-10-23T00:44:05+07:00,37559,49,47,23.4,96
2024-10-23T00:44:28+07:00,37560,48,46,23.4,96
2024-10-23T00:44:50+07:00,37561,48,46,23.4,96
2024-10-23T00:45:13+07:00,37562,48,45,23.4,96
2024-10-23T00:45:35+07:00,37563,48,45,23.4,96
2024-10-23T00:45:57+07:00,37564,48,45,23.4,96
2024-10-23T00:46:19+07:00,37565,48,46,23.4,96
2024-10-23T00:46:41+07:00,37566,48,46,23.4,96
2024-10-23T00:47:04+07:00,37567,49,45,23.4,96
2024-10-23T00:47:26+07:00,37568,49,46,23.4,96
2024-10-23T00:47:48+07:00,37569,48,45,23.4,96
2024-10-23T00:48:10+07:00,37570,48,46,23.4,96
2024-10-23T00:48:33+07:00,37571,48,47,23.4,96
2024-10-23T00:48:55+07:00,37572,48,45,23.4,96
2024-10-23T00:49:17+07:00,37573,49,46,23.4,96
2024-10-23T00:49:39+07:00,37574,48,45,23.4,96
2024-10-23T00:50:02+07:00,37575,49,45,23.4,96
2024-10-23T00:50:24+07:00,37576,48,47,23.4,96
2024-10-23T00:50:46+07:00,37577,48,46,23.4,96
2024-10-23T00:51:08+07:00,37578,48,46,23.4,96
2024-10-23T00:51:30+07:00,37579,48,45,23.6,96
2024-10-23T00:51:52+07:00,37580,47,46,23.7,96
2024-10-23T00:52:14+07:00,37581,47,45,23.8,96
2024-10-23T00:52:36+07:00,37582,48,46,23.8,96
2024-10-23T00:52:59+07:00,37583,47,45,23.8,96
2024-10-23T00:53:22+07:00,37584,48,46,23.8,96
2024-10-23T00:53:44+07:00,37585,49,47,23.8,96
2024-10-23T00:54:06+07:00,37586,48,47,23.8,96
2024-10-23T00:54:28+07:00,37587,48,46,23.8,96
2024-10-23T00:54:50+07:00,37588,48,47,23.8,96
2024-10-23T00:55:13+07:00,37589,48,47,23.7,96
2024-10-23T00:55:35+07:00,37590,48,47,23.7,96
2024-10-23T00:55:57+07:00,37591,48,45,23.4,96
2024-10-23T00:56:19+07:00,37592,48,45,23.4,96
2024-10-23T00:56:41+07:00,37593,47,46,23.4,96
2024-10-23T00:57:03+07:00,37594,48,45,23.6,96
2024-10-23T00:57:25+07:00,37595,48,46,23.7,96
2024-10-23T00:57:47+07:00,37596,48,45,23.7,96
2024-10-23T00:58:09+07:00,37597,47,46,23.8,96
2024-10-23T00:58:32+07:00,37598,48,46,23.8,96
2024-10-23T00:58:54+07:00,37599,47,46,23.8,96
2024-10-23T00:59:17+07:00,37600,48,46,23.8,96
2024-10-23T00:59:39+07:00,37601,48,46,23.8,96
2024-10-23T01:00:01+07:00,37602,48,45,23.8,96
2024-10-23T01:00:23+07:00,37603,48,46,23.4,95
2024-10-23T01:00:45+07:00,37604,48,45,23.4,95
2024-10-23T01:01:07+07:00,37605,48,46,23.4,94
2024-10-23T01:01:29+07:00,37606,48,46,23.4,94
2024-10-23T01:01:52+07:00,37607,48,46,23.4,94
2024-10-23T01:02:14+07:00,37608,47,45,23.4,94
2024-10-23T01:02:37+07:00,37609,47,46,23.4,94
2024-10-23T01:02:59+07:00,37610,48,46,23.4,94
2024-10-23T01:03:21+07:00,37611,47,45,23.4,94
2024-10-23T01:03:44+07:00,37612,48,46,23.4,94
2024-10-23T01:04:06+07:00,37613,48,46,23.4,94
2024-10-23T01:04:28+07:00,37614,48,46,23.4,93
2024-10-23T01:04:50+07:00,37615,49,45,23.4,93
2024-10-23T01:05:12+07:00,37616,47,46,23.4,94
2024-10-23T01:05:35+07:00,37617,48,46,23.4,93
2024-10-23T01:05:57+07:00,37618,48,45,23.4,93
2024-10-23T01:06:19+07:00,37619,48,45,23.4,93
2024-10-23T01:06:41+07:00,37620,48,46,23.4,93
2024-10-23T01:07:03+07:00,37621,49,45,23.4,93
2024-10-23T01:07:25+07:00,37622,49,46,23.4,93
2024-10-23T01:07:47+07:00,37623,48,46,23.4,93
2024-10-23T01:08:09+07:00,37624,49,45,23.4,93
2024-10-23T01:08:32+07:00,37625,48,45,23.4,93
2024-10-23T01:08:53+07:00,37626,49,47,23.4,93
2024-10-23T01:09:15+07:00,37627,48,46,23.4,93
2024-10-23T01:09:38+07:00,37628,48,45,23.4,93
2024-10-23T01:10:00+07:00,37629,48,47,23.4,93
2024-10-23T01:10:22+07:00,37630,48,45,23.4,93
2024-10-23T01:10:44+07:00,37631,48,45,23.4,94
2024-10-23T01:11:07+07:00,37632,48,46,23.4,94
2024-10-23T01:11:29+07:00,37633,48,46,23.4,97
2024-10-23T01:11:52+07:00,37634,47,46,23.4,94
2024-10-23T01:12:14+07:00,37635,48,46,23.4,94
2024-10-23T01:12:36+07:00,37636,47,45,23.4,94
2024-10-23T01:12:58+07:00,37637,48,46,23.4,94
2024-10-23T01:13:20+07:00,37638,48,45,23.4,93
2024-10-23T01:13:42+07:00,37639,49,45,23.4,93
2024-10-23T01:14:04+07:00,37640,47,44,23.4,93
2024-10-23T01:14:26+07:00,37641,48,47,23.4,93
2024-10-23T01:14:48+07:00,37642,48,45,23.4,93
2024-10-23T01:15:11+07:00,37643,48,47,23.4,93
2024-10-23T01:15:33+07:00,37644,48,45,23.4,93
2024-10-23T01:15:55+07:00,37645,48,46,23.4,93
2024-10-23T01:16:17+07:00,37646,48,45,23.4,93
2024-10-23T01:16:39+07:00,37647,48,44,23.4,93
2024-10-23T01:17:01+07:00,37648,48,45,23.4,93
2024-10-23T01:18:28+07:00,37649,47,45,23.4,98
2024-10-23T01:18:50+07:00,37650,48,46,23.4,93
2024-10-23T01:19:12+07:00,37651,49,45,23.4,93
2024-10-23T01:19:34+07:00,37652,49,47,23.4,93
2024-10-23T01:19:56+07:00,37653,47,46,23.4,93
2024-10-23T01:20:19+07:00,37654,48,47,23.4,93
2024-10-23T01:20:41+07:00,37655,48,45,23.4,93
2024-10-23T01:21:03+07:00,37656,49,45,23.4,93
2024-10-23T01:21:25+07:00,37657,48,46,23.4,93
2024-10-23T01:21:47+07:00,37658,48,46,23.4,93
2024-10-23T01:22:09+07:00,37659,49,45,23.4,93
2024-10-23T01:22:32+07:00,37660,48,46,23.4,93
2024-10-23T01:22:54+07:00,37661,47,46,23.4,93
2024-10-23T01:23:16+07:00,37662,48,45,23.4,93
2024-10-23T01:23:38+07:00,37663,48,45,23.4,93
2024-10-23T01:24:01+07:00,37664,48,46,23.4,93
2024-10-23T01:24:23+07:00,37665,47,45,23.4,93
2024-10-23T01:24:45+07:00,37666,48,45,23.4,93
2024-10-23T01:25:08+07:00,37667,49,46,23.4,93
2024-10-23T01:25:30+07:00,37668,48,45,23.4,93
2024-10-23T01:25:52+07:00,37669,48,45,23.4,93
2024-10-23T01:26:14+07:00,37670,48,45,23.4,93
2024-10-23T01:26:36+07:00,37671,45,46,23.4,93
2024-10-23T01:26:58+07:00,37672,47,45,23.4,93
2024-10-23T01:27:20+07:00,37673,47,45,23.4,93
2024-10-23T01:27:42+07:00,37674,48,45,23.4,93
2024-10-23T01:28:05+07:00,37675,48,45,23.4,93
2024-10-23T01:28:27+07:00,37676,48,45,23.4,93
2024-10-23T01:28:49+07:00,37677,48,45,23.4,93
2024-10-23T01:29:11+07:00,37678,48,45,23.4,93
2024-10-23T01:29:33+07:00,37679,48,46,23.4,93
2024-10-23T01:29:55+07:00,37680,47,45,23.4,93
2024-10-23T01:30:17+07:00,37681,48,45,23.4,93
2024-10-23T01:30:40+07:00,37682,48,46,23.4,93
2024-10-23T01:31:02+07:00,37683,48,46,23.4,93
2024-10-23T01:31:24+07:00,37684,48,45,23.4,93
2024-10-23T01:31:46+07:00,37685,48,45,23.4,93
2024-10-23T01:32:09+07:00,37686,48,47,23.4,93
2024-10-23T01:32:31+07:00,37687,47,44,23.4,92
2024-10-23T01:32:53+07:00,37688,49,45,23.4,92
2024-10-23T01:33:15+07:00,37689,48,44,23.4,92
2024-10-23T01:33:37+07:00,37690,48,44,23.4,92
2024-10-23T01:34:00+07:00,37691,49,45,23.4,92
2024-10-23T01:34:22+07:00,37692,48,46,23.4,92
2024-10-23T01:34:44+07:00,37693,48,46,23.4,92
2024-10-23T01:35:06+07:00,37694,48,45,23.4,92
2024-10-23T01:35:28+07:00,37695,48,46,23.4,92
2024-10-23T01:35:50+07:00,37696,48,47,23.4,92
2024-10-23T01:36:12+07:00,37697,48,45,23.4,92
2024-10-23T01:36:34+07:00,37698,48,45,23.4,92
2024-10-23T01:36:57+07:00,37699,47,45,23.4,92
2024-10-23T01:37:20+07:00,37700,47,45,23.4,92
2024-10-23T01:37:42+07:00,37701,48,45,23.4,92
2024-10-23T01:38:04+07:00,37702,48,46,23.4,92
2024-10-23T01:38:26+07:00,37703,48,45,23.4,92
2024-10-23T01:38:48+07:00,37704,49,45,23.4,92
2024-10-23T01:39:10+07:00,37705,48,45,23.4,92
2024-10-23T01:39:33+07:00,37706,48,45,23.4,92
2024-10-23T01:39:55+07:00,37707,48,46,23.4,92
2024-10-23T01:40:17+07:00,37708,48,45,23.4,92
2024-10-23T01:40:39+07:00,37709,48,43,23.4,92
2024-10-23T01:41:01+07:00,37710,47,45,23.4,92
2024-10-23T01:41:23+07:00,37711,48,46,23.4,92
2024-10-23T01:41:45+07:00,37712,48,45,23.4,93
2024-10-23T01:42:07+07:00,37713,47,45,23.4,93
2024-10-23T01:42:29+07:00,37714,48,45,23.4,93
2024-10-23T01:42:52+07:00,37715,48,45,23.4,92
2024-10-23T01:43:15+07:00,37716,48,46,23.4,93
2024-10-23T01:43:37+07:00,37717,48,44,23.4,92
2024-10-23T01:44:00+07:00,37718,48,45,23.4,92
2024-10-23T01:44:22+07:00,37719,48,46,23.4,92
2024-10-23T01:44:44+07:00,37720,48,43,23.4,92
2024-10-23T01:45:06+07:00,37721,49,44,23.4,92
2024-10-23T01:45:28+07:00,37722,48,45,23.4,92
2024-10-23T01:45:50+07:00,37723,48,44,23.4,92
2024-10-23T01:46:12+07:00,37724,48,46,23.4,92
2024-10-23T01:46:34+07:00,37725,48,46,23.4,92
2024-10-23T01:46:56+07:00,37726,48,47,23.4,92
2024-10-23T01:47:18+07:00,37727,48,45,23.4,92
2024-10-23T01:47:40+07:00,37728,47,44,23.4,92
2024-10-23T01:48:03+07:00,37729,48,44,23.4,92
2024-10-23T01:48:25+07:00,37730,47,45,23.4,93
2024-10-23T01:48:47+07:00,37731,48,45,23.4,93
2024-10-23T01:49:10+07:00,37732,47,44,23.4,92
2024-10-23T01:49:32+07:00,37733,47,45,23.4,93
2024-10-23T01:49:54+07:00,37734,48,45,23.4,93
2024-10-23T01:50:16+07:00,37735,48,45,23.4,93
2024-10-23T01:50:38+07:00,37736,47,45,23.4,92
2024-10-23T01:51:00+07:00,37737,48,44,23.4,92
2024-10-23T01:51:22+07:00,37738,47,46,23.4,93
2024-10-23T01:51:44+07:00,37739,48,44,23.4,93
2024-10-23T01:52:06+07:00,37740,48,44,23.4,93
2024-10-23T01:52:28+07:00,37741,48,45,23.4,93
2024-10-23T01:52:50+07:00,37742,48,45,23.4,93
2024-10-23T01:53:13+07:00,37743,48,45,23.4,93
2024-10-23T01:53:35+07:00,37744,48,45,23.4,93
2024-10-23T01:53:57+07:00,37745,48,45,23.4,93
2024-10-23T01:54:19+07:00,37746,49,45,23.4,93
2024-10-23T01:54:41+07:00,37747,48,46,23.4,92
2024-10-23T01:55:04+07:00,37748,48,44,23.4,92
2024-10-23T01:55:26+07:00,37749,48,45,23.4,92
2024-10-23T01:55:48+07:00,37750,48,45,23.4,92
2024-10-23T01:56:10+07:00,37751,48,45,23.4,92
2024-10-23T01:56:32+07:00,37752,48,46,23.4,92
2024-10-23T01:56:54+07:00,37753,48,46,23.4,93
2024-10-23T01:57:16+07:00,37754,48,44,23.4,93
2024-10-23T01:57:38+07:00,37755,47,46,23.4,93
2024-10-23T01:58:00+07:00,37756,48,45,23.4,92
2024-10-23T01:58:22+07:00,37757,47,44,23.4,92
2024-10-23T01:58:44+07:00,37758,47,44,23.4,93
2024-10-23T01:59:06+07:00,37759,48,45,23.4,93
2024-10-23T01:59:28+07:00,37760,48,45,23.4,93
2024-10-23T01:59:50+07:00,37761,48,45,23.4,93
2024-10-23T02:00:12+07:00,37762,48,46,23.4,93
2024-10-23T02:00:34+07:00,37763,48,46,23.4,93
2024-10-23T02:00:56+07:00,37764,48,45,23.4,93
2024-10-23T02:01:19+07:00,37765,47,44,23.4,93
2024-10-23T02:01:41+07:00,37766,48,45,23.4,93
2024-10-23T02:02:03+07:00,37767,48,46,23.4,93
2024-10-23T02:02:26+07:00,37768,48,46,23.4,93
2024-10-23T02:02:48+07:00,37769,48,45,23.4,93
2024-10-23T02:03:10+07:00,37770,48,45,23.4,93
2024-10-23T02:03:32+07:00,37771,49,46,23.4,93
2024-10-23T02:03:54+07:00,37772,48,45,23.4,93
2024-10-23T02:04:17+07:00,37773,48,45,23.4,93
2024-10-23T02:04:39+07:00,37774,48,45,23.4,93
2024-10-23T02:05:01+07:00,37775,48,45,23.4,93
2024-10-23T02:05:23+07:00,37776,48,45,23.4,93
2024-10-23T02:05:45+07:00,37777,47,43,23.4,93
2024-10-23T02:06:07+07:00,37778,48,45,23.4,93
2024-10-23T02:06:29+07:00,37779,48,46,23.4,93
2024-10-23T02:06:51+07:00,37780,48,45,23.4,93
2024-10-23T02:07:13+07:00,37781,48,45,23.4,93
2024-10-23T02:07:36+07:00,37782,48,46,23.4,96
2024-10-23T02:07:58+07:00,37783,48,46,23.4,93
2024-10-23T02:08:20+07:00,37784,48,46,23.4,93
2024-10-23T02:08:42+07:00,37785,48,45,23.4,93
2024-10-23T02:09:05+07:00,37786,48,45,23.4,93
2024-10-23T02:09:27+07:00,37787,48,44,23.4,93
2024-10-23T02:09:49+07:00,37788,47,46,23.4,93
2024-10-23T02:10:11+07:00,37789,48,46,23.4,93
2024-10-23T02:10:33+07:00,37790,47,44,23.4,93
2024-10-23T02:10:55+07:00,37791,48,46,23.4,93
2024-10-23T02:11:18+07:00,37792,48,45,23.4,93
2024-10-23T02:11:40+07:00,37793,48,45,23.4,93
2024-10-23T02:12:02+07:00,37794,47,45,23.4,93
2024-10-23T02:12:24+07:00,37795,48,46,23.4,93
2024-10-23T02:12:46+07:00,37796,48,45,23.4,93
2024-10-23T02:13:08+07:00,37797,48,46,23.4,93
2024-10-23T02:13:31+07:00,37798,47,45,23.4,93
2024-10-23T02:13:53+07:00,37799,47,46,23.4,93
2024-10-23T02:14:15+07:00,37800,48,45,23.4,93
2024-10-23T02:14:37+07:00,37801,48,45,23.4,93
2024-10-23T02:15:00+07:00,37802,48,46,23.4,93
2024-10-23T02:15:22+07:00,37803,48,45,23.4,93
2024-10-23T02:15:44+07:00,37804,48,44,23.4,93
2024-10-23T02:16:06+07:00,37805,48,47,23.4,93
2024-10-23T02:16:28+07:00,37806,48,45,23.4,93
2024-10-23T02:16:50+07:00,37807,48,46,23.4,93
2024-10-23T02:17:12+07:00,37808,48,45,23.4,93
2024-10-23T02:17:34+07:00,37809,48,46,23.4,93
2024-10-23T02:17:56+07:00,37810,48,45,23.4,93
2024-10-23T02:18:18+07:00,37811,48,46,23.4,93
2024-10-23T02:18:40+07:00,37812,47,45,23.4,93
2024-10-23T02:19:02+07:00,37813,49,47,23.4,93
2024-10-23T02:19:25+07:00,37814,48,45,23.4,93
2024-10-23T02:19:47+07:00,37815,48,45,23.4,93
2024-10-23T02:20:09+07:00,37816,48,45,23.4,93
2024-10-23T02:20:31+07:00,37817,48,45,23.4,93
2024-10-23T02:20:53+07:00,37818,48,45,23.4,93
2024-10-23T02:21:15+07:00,37819,48,45,23.4,93
2024-10-23T02:21:37+07:00,37820,48,46,23.4,93
2024-10-23T02:21:59+07:00,37821,47,46,23.4,93
2024-10-23T02:22:21+07:00,37822,47,45,23.4,93
2024-10-23T02:22:43+07:00,37823,48,45,23.4,93
2024-10-23T02:23:05+07:00,37824,47,46,23.4,93
2024-10-23T02:23:27+07:00,37825,47,46,23.4,93
2024-10-23T02:23:49+07:00,37826,47,45,23.4,93
2024-10-23T02:24:12+07:00,37827,48,47,23.4,93
2024-10-23T02:24:34+07:00,37828,48,46,23.4,93
2024-10-23T02:24:56+07:00,37829,48,45,23.4,93
2024-10-23T02:25:19+07:00,37830,48,46,23.4,94
2024-10-23T02:25:42+07:00,37831,47,46,23.4,94
2024-10-23T02:26:04+07:00,37832,48,46,23.4,94
2024-10-23T02:26:26+07:00,37833,48,46,23.4,94
2024-10-23T02:26:49+07:00,37834,48,46,23.4,94
2024-10-23T02:27:11+07:00,37835,48,46,23.4,94
2024-10-23T02:27:34+07:00,37836,47,45,23.4,94
2024-10-23T02:27:56+07:00,37837,48,46,23.4,94
2024-10-23T02:28:19+07:00,37838,48,46,23.4,93
2024-10-23T02:28:41+07:00,37839,48,45,23.4,93
2024-10-23T02:29:03+07:00,37840,48,46,23.4,93
2024-10-23T02:29:26+07:00,37841,47,45,23.4,93
2024-10-23T02:29:48+07:00,37842,47,45,23.4,93
2024-10-23T02:30:11+07:00,37843,48,45,23.4,93
2024-10-23T02:30:33+07:00,37844,47,44,23.4,93
2024-10-23T02:30:55+07:00,37845,48,46,23.4,93
2024-10-23T02:31:17+07:00,37846,47,47,23.4,93
2024-10-23T02:31:40+07:00,37847,47,45,23.4,93
2024-10-23T02:32:03+07:00,37848,48,46,23.4,93
2024-10-23T02:32:25+07:00,37849,48,44,23.4,93
2024-10-23T02:32:47+07:00,37850,48,45,23.4,93
2024-10-23T02:33:09+07:00,37851,48,46,23.4,93
2024-10-23T02:33:32+07:00,37852,47,45,23.4,93
2024-10-23T02:33:54+07:00,37853,48,46,23.4,93
2024-10-23T02:34:17+07:00,37854,48,45,23.4,93
2024-10-23T02:34:39+07:00,37855,48,46,23.4,93
2024-10-23T02:35:01+07:00,37856,49,45,23.4,93
2024-10-23T02:35:24+07:00,37857,47,45,23.4,93
2024-10-23T02:35:46+07:00,37858,48,45,23.4,93
2024-10-23T02:36:08+07:00,37859,48,46,23.4,93
2024-10-23T02:36:30+07:00,37860,48,46,23.4,93
2024-10-23T02:36:52+07:00,37861,48,46,23.4,93
2024-10-23T02:37:14+07:00,37862,48,45,23.4,93
2024-10-23T02:37:36+07:00,37863,48,46,23.4,93
2024-10-23T02:37:59+07:00,37864,47,45,23.4,93
2024-10-23T02:38:21+07:00,37865,48,46,23.3,93
2024-10-23T02:38:43+07:00,37866,47,46,23.4,93
2024-10-23T02:39:05+07:00,37867,47,45,23.4,93
2024-10-23T02:39:27+07:00,37868,48,45,23.3,93
2024-10-23T02:39:50+07:00,37869,48,45,23.3,93
2024-10-23T02:40:12+07:00,37870,48,46,23.1,93
2024-10-23T02:40:34+07:00,37871,47,46,23,93
2024-10-23T02:40:56+07:00,37872,48,46,23.2,93
2024-10-23T02:41:19+07:00,37873,48,45,23,93
2024-10-23T02:41:41+07:00,37874,48,44,23,93
2024-10-23T02:42:03+07:00,37875,47,45,23,93
2024-10-23T02:42:25+07:00,37876,48,45,23,93
2024-10-23T02:42:47+07:00,37877,48,46,23,93
2024-10-23T02:43:09+07:00,37878,47,46,23,93
2024-10-23T02:43:31+07:00,37879,47,45,23,93
2024-10-23T02:43:53+07:00,37880,47,44,23,93
2024-10-23T02:44:16+07:00,37881,47,44,23,93
2024-10-23T02:44:38+07:00,37882,48,45,23,93
2024-10-23T02:45:00+07:00,37883,47,46,23,93
2024-10-23T02:45:22+07:00,37884,48,45,23.2,93
2024-10-23T02:45:45+07:00,37885,48,45,23.4,93
2024-10-23T02:46:07+07:00,37886,47,45,23.4,93
2024-10-23T02:46:29+07:00,37887,47,46,23.4,93
2024-10-23T02:46:51+07:00,37888,47,45,23.4,93
2024-10-23T02:47:13+07:00,37889,47,45,23.4,93
2024-10-23T02:47:35+07:00,37890,48,46,23.4,93
2024-10-23T02:47:58+07:00,37891,48,45,23.4,93
2024-10-23T02:48:20+07:00,37892,47,44,23.4,94
2024-10-23T02:48:43+07:00,37893,48,45,23.4,94
2024-10-23T02:49:05+07:00,37894,47,45,23.4,94
2024-10-23T02:49:27+07:00,37895,47,46,23.4,94
2024-10-23T02:49:50+07:00,37896,47,45,23.4,93
2024-10-23T02:50:12+07:00,37897,47,46,23.4,93
2024-10-23T02:50:35+07:00,37898,47,45,23.4,94
2024-10-23T02:50:57+07:00,37899,47,46,23.4,94
2024-10-23T02:51:19+07:00,37900,47,46,23.4,94
2024-10-23T02:51:42+07:00,37901,48,45,23.4,94
2024-10-23T02:52:04+07:00,37902,48,45,23.4,94
2024-10-23T02:52:26+07:00,37903,48,45,23.4,94
2024-10-23T02:52:49+07:00,37904,47,46,23.4,94
2024-10-23T02:53:11+07:00,37905,47,46,23.4,94
2024-10-23T02:53:34+07:00,37906,47,45,23.4,94
2024-10-23T02:53:56+07:00,37907,47,45,23.4,93
2024-10-23T02:54:18+07:00,37908,47,43,23.4,93
2024-10-23T02:54:40+07:00,37909,47,44,23.4,93
2024-10-23T02:55:03+07:00,37910,47,44,23.4,93
2024-10-23T02:55:25+07:00,37911,47,45,23.4,93
2024-10-23T02:55:48+07:00,37912,47,45,23.4,93
2024-10-23T02:56:11+07:00,37913,48,46,23.4,93
2024-10-23T02:56:34+07:00,37914,47,46,23.4,93
2024-10-23T02:56:56+07:00,37915,48,45,23.4,93
2024-10-23T02:57:19+07:00,37916,47,47,23.4,93
2024-10-23T02:57:41+07:00,37917,47,45,23.4,93
2024-10-23T02:58:03+07:00,37918,47,43,23.4,93
2024-10-23T02:58:25+07:00,37919,48,45,23.4,93
2024-10-23T02:58:47+07:00,37920,48,46,23.4,93
2024-10-23T02:59:09+07:00,37921,48,45,23.4,93
2024-10-23T02:59:32+07:00,37922,48,45,23.4,93
2024-10-23T02:59:54+07:00,37923,47,45,23.4,93
2024-10-23T03:00:16+07:00,37924,47,44,23.4,93
2024-10-23T03:00:38+07:00,37925,47,46,23.4,93
2024-10-23T03:01:00+07:00,37926,47,45,23.4,93
2024-10-23T03:01:22+07:00,37927,47,45,23.4,93
2024-10-23T03:01:44+07:00,37928,48,46,23.4,93
2024-10-23T03:02:07+07:00,37929,48,45,23.4,93
2024-10-23T03:02:30+07:00,37930,47,45,23.4,93
2024-10-23T03:02:52+07:00,37931,47,45,23.4,93
2024-10-23T03:03:15+07:00,37932,47,45,23.4,93
2024-10-23T03:03:37+07:00,37933,47,46,23.4,93
2024-10-23T03:03:59+07:00,37934,48,45,23.4,93
2024-10-23T03:04:21+07:00,37935,47,45,23.4,93
2024-10-23T03:04:43+07:00,37936,47,44,23.4,93
2024-10-23T03:05:05+07:00,37937,47,46,23.4,93
2024-10-23T03:05:27+07:00,37938,48,45,23.4,93
2024-10-23T03:05:49+07:00,37939,48,45,23.4,93
2024-10-23T03:06:12+07:00,37940,47,45,23.4,93
2024-10-23T03:06:34+07:00,37941,48,45,23.4,93
2024-10-23T03:06:56+07:00,37942,47,47,23.4,93
2024-10-23T03:07:18+07:00,37943,47,46,23.4,93
2024-10-23T03:07:41+07:00,37944,48,46,23.4,93
2024-10-23T03:08:03+07:00,37945,47,45,23.4,93
2024-10-23T03:08:25+07:00,37946,47,45,23.4,93
2024-10-23T03:08:48+07:00,37947,47,45,23.4,93
2024-10-23T03:09:10+07:00,37948,48,46,23.4,93
2024-10-23T03:09:32+07:00,37949,47,46,23.4,93
2024-10-23T03:09:54+07:00,37950,47,45,23.4,93
2024-10-23T03:10:16+07:00,37951,47,46,23.4,93
2024-10-23T03:10:38+07:00,37952,47,45,23.4,93
2024-10-23T03:11:00+07:00,37953,48,46,23.4,93
2024-10-23T03:11:23+07:00,37954,47,45,23.4,93
2024-10-23T03:11:45+07:00,37955,47,46,23.4,93
2024-10-23T03:12:07+07:00,37956,47,45,23.4,93
2024-10-23T03:12:29+07:00,37957,48,45,23.4,93
2024-10-23T03:12:51+07:00,37958,48,45,23.4,93
2024-10-23T03:13:13+07:00,37959,47,45,23.4,93
2024-10-23T03:13:36+07:00,37960,48,45,23.4,93
2024-10-23T03:13:58+07:00,37961,48,46,23.4,93
2024-10-23T03:14:20+07:00,37962,48,45,23.4,93
2024-10-23T03:14:44+07:00,37963,46,44,23.4,93
2024-10-23T03:15:06+07:00,37964,47,45,23.4,93
2024-10-23T03:15:28+07:00,37965,47,46,23.4,93
2024-10-23T03:15:50+07:00,37966,48,45,23.4,93
2024-10-23T03:16:12+07:00,37967,48,45,23.4,93
2024-10-23T03:16:34+07:00,37968,47,45,23.4,93
2024-10-23T03:16:56+07:00,37969,47,46,23.4,93
2024-10-23T03:17:18+07:00,37970,47,45,23.4,93
2024-10-23T03:17:41+07:00,37971,48,45,23.4,93
2024-10-23T03:18:03+07:00,37972,48,45,23.4,92
2024-10-23T03:18:25+07:00,37973,48,45,23.4,92
2024-10-23T03:18:47+07:00,37974,47,45,23.4,92
2024-10-23T03:19:09+07:00,37975,48,45,23.4,92
2024-10-23T03:19:31+07:00,37976,48,45,23.4,92
2024-10-23T03:19:53+07:00,37977,48,45,23.4,92
2024-10-23T03:20:15+07:00,37978,47,44,23.4,92
2024-10-23T03:20:39+07:00,37979,47,44,23.4,91
2024-10-23T03:21:03+07:00,37980,48,45,23.4,94
2024-10-23T03:21:25+07:00,37981,48,46,23.4,92
2024-10-23T03:21:47+07:00,37982,47,45,23.4,92
2024-10-23T03:22:09+07:00,37983,48,45,23.4,92
2024-10-23T03:22:31+07:00,37984,47,44,23.4,92
2024-10-23T03:22:53+07:00,37985,47,45,23.4,92
2024-10-23T03:23:15+07:00,37986,47,46,23.4,92
2024-10-23T03:23:38+07:00,37987,48,45,23.4,92
2024-10-23T03:24:00+07:00,37988,47,46,23.4,92
2024-10-23T03:24:22+07:00,37989,48,45,23.4,92
2024-10-23T03:24:44+07:00,37990,47,44,23.4,92
2024-10-23T03:25:06+07:00,37991,47,43,23.4,92
2024-10-23T03:25:29+07:00,37992,48,46,23.4,92
2024-10-23T03:25:51+07:00,37993,48,45,23.4,92
2024-10-23T03:26:13+07:00,37994,47,44,23.4,92
2024-10-23T03:26:35+07:00,37995,47,45,23.4,92
2024-10-23T03:26:58+07:00,37996,47,46,23.4,92
2024-10-23T03:27:20+07:00,37997,47,46,23.4,92
2024-10-23T03:27:42+07:00,37998,48,45,23.4,92
2024-10-23T03:28:04+07:00,37999,47,46,23.4,92
2024-10-23T03:28:26+07:00,38000,48,45,23.4,92
2024-10-23T03:28:48+07:00,38001,47,45,23.4,92
2024-10-23T03:29:10+07:00,38002,47,45,23.4,92
2024-10-23T03:29:32+07:00,38003,47,46,23.4,92
2024-10-23T03:29:54+07:00,38004,48,45,23.4,92
2024-10-23T03:30:16+07:00,38005,47,44,23.4,92
2024-10-23T03:30:38+07:00,38006,47,44,23.4,92
2024-10-23T03:31:00+07:00,38007,48,45,23.4,92
2024-10-23T03:31:22+07:00,38008,47,44,23.4,92
2024-10-23T03:31:44+07:00,38009,47,44,23.4,92
2024-10-23T03:32:06+07:00,38010,48,44,23.4,92
2024-10-23T03:32:29+07:00,38011,47,44,23.4,92
2024-10-23T03:32:51+07:00,38012,47,43,23.4,92
2024-10-23T03:33:13+07:00,38013,47,45,23.4,92
2024-10-23T03:33:35+07:00,38014,48,45,23.4,92
2024-10-23T03:33:57+07:00,38015,48,45,23.4,92
2024-10-23T03:34:20+07:00,38016,47,45,23.4,92
2024-10-23T03:34:42+07:00,38017,47,44,23.4,92
2024-10-23T03:35:04+07:00,38018,47,45,23.4,92
2024-10-23T03:35:26+07:00,38019,47,45,23.4,92
2024-10-23T03:35:48+07:00,38020,47,45,23.4,93
2024-10-23T03:36:10+07:00,38021,47,46,23.4,93
2024-10-23T03:36:32+07:00,38022,48,45,23.4,93
2024-10-23T03:36:54+07:00,38023,47,45,23.4,93
2024-10-23T03:37:16+07:00,38024,48,45,23.4,92
2024-10-23T03:37:38+07:00,38025,47,43,23.4,92
2024-10-23T03:38:00+07:00,38026,47,44,23.4,93
2024-10-23T03:38:22+07:00,38027,47,44,23.4,93
2024-10-23T03:38:44+07:00,38028,47,44,23.4,93
2024-10-23T03:39:07+07:00,38029,47,44,23.4,93
2024-10-23T03:39:29+07:00,38030,47,43,23.4,93
2024-10-23T03:39:52+07:00,38031,48,44,23.4,93
2024-10-23T03:40:14+07:00,38032,47,44,23.4,93
2024-10-23T03:40:36+07:00,38033,48,45,23.4,93
2024-10-23T03:40:58+07:00,38034,47,44,23.4,93
2024-10-23T03:41:20+07:00,38035,47,45,23.4,92
2024-10-23T03:41:43+07:00,38036,48,44,23.4,92
2024-10-23T03:42:05+07:00,38037,47,44,23.4,92
2024-10-23T03:42:27+07:00,38038,48,45,23.4,92
2024-10-23T03:42:49+07:00,38039,48,45,23.4,92
2024-10-23T03:43:11+07:00,38040,47,45,23.4,92
2024-10-23T03:43:33+07:00,38041,46,44,23.4,93
2024-10-23T03:43:55+07:00,38042,47,45,23.4,93
2024-10-23T03:44:17+07:00,38043,48,45,23.4,93
2024-10-23T03:44:40+07:00,38044,47,45,23.4,93
2024-10-23T03:45:03+07:00,38045,47,45,23.4,93
2024-10-23T03:45:26+07:00,38046,47,45,23.4,93
2024-10-23T03:45:48+07:00,38047,47,43,23.4,93
2024-10-23T03:46:10+07:00,38048,48,44,23.4,93
2024-10-23T03:46:32+07:00,38049,48,46,23.4,93
2024-10-23T03:46:54+07:00,38050,48,45,23.4,93
2024-10-23T03:47:16+07:00,38051,47,44,23.4,93
2024-10-23T03:47:38+07:00,38052,47,45,23.4,93
2024-10-23T03:48:00+07:00,38053,47,45,23.4,92
2024-10-23T03:48:23+07:00,38054,48,45,23.4,92
2024-10-23T03:48:45+07:00,38055,47,45,23.4,92
2024-10-23T03:49:07+07:00,38056,47,43,23.4,92
2024-10-23T03:49:30+07:00,38057,47,45,23.4,92
2024-10-23T03:49:52+07:00,38058,47,44,23.4,92
2024-10-23T03:50:14+07:00,38059,47,44,23.4,92
2024-10-23T03:50:37+07:00,38060,48,46,23.4,92
2024-10-23T03:50:59+07:00,38061,47,46,23.4,92
2024-10-23T03:51:23+07:00,38062,47,44,23.4,92
2024-10-23T03:51:45+07:00,38063,47,45,23.4,93
2024-10-23T03:52:07+07:00,38064,48,45,23.4,92
2024-10-23T03:52:29+07:00,38065,47,45,23.4,92
2024-10-23T03:52:52+07:00,38066,47,44,23.4,92
2024-10-23T03:53:14+07:00,38067,47,45,23.4,92
2024-10-23T03:53:36+07:00,38068,47,45,23.4,92
2024-10-23T03:53:58+07:00,38069,47,45,23.4,92
2024-10-23T03:54:20+07:00,38070,47,44,23.4,92
2024-10-23T03:54:42+07:00,38071,48,46,23.4,92
2024-10-23T03:55:04+07:00,38072,48,45,23.4,93
2024-10-23T03:55:26+07:00,38073,47,44,23.4,93
2024-10-23T03:55:48+07:00,38074,47,44,23.4,92
2024-10-23T03:56:10+07:00,38075,47,45,23.4,92
2024-10-23T03:56:32+07:00,38076,47,45,23.4,92
2024-10-23T03:56:55+07:00,38077,47,44,23.4,92
2024-10-23T03:57:18+07:00,38078,47,45,23.4,92
2024-10-23T03:57:41+07:00,38079,47,44,23.4,92
2024-10-23T03:58:03+07:00,38080,47,44,23.4,92
2024-10-23T03:58:25+07:00,38081,47,44,23.4,93
2024-10-23T03:58:47+07:00,38082,47,44,23.4,92
2024-10-23T03:59:09+07:00,38083,47,45,23.4,92
2024-10-23T03:59:31+07:00,38084,48,45,23.4,92
2024-10-23T03:59:53+07:00,38085,48,45,23.4,92
2024-10-23T04:00:15+07:00,38086,47,44,23.4,92
2024-10-23T04:00:38+07:00,38087,47,46,23.4,92
2024-10-23T04:01:00+07:00,38088,47,46,23.4,92
2024-10-23T04:01:22+07:00,38089,48,45,23.4,93
2024-10-23T04:01:44+07:00,38090,47,47,23.4,92
2024-10-23T04:02:07+07:00,38091,47,44,23.3,92
2024-10-23T04:02:29+07:00,38092,48,45,23.3,92
2024-10-23T04:02:51+07:00,38093,47,46,23.1,92
2024-10-23T04:03:13+07:00,38094,47,44,23.1,92
2024-10-23T04:03:36+07:00,38095,46,45,23.1,92
2024-10-23T04:03:58+07:00,38096,48,44,23,92
2024-10-23T04:04:21+07:00,38097,47,45,23,92
2024-10-23T04:04:43+07:00,38098,48,44,23,92
2024-10-23T04:05:05+07:00,38099,47,43,23,92
2024-10-23T04:05:27+07:00,38100,47,45,23,92
2024-10-23T04:05:49+07:00,38101,48,45,23,92
2024-10-23T04:06:11+07:00,38102,48,44,23,92
2024-10-23T04:06:33+07:00,38103,48,45,23,92
2024-10-23T04:06:56+07:00,38104,48,44,23,92
2024-10-23T04:07:18+07:00,38105,47,43,23,92
2024-10-23T04:07:40+07:00,38106,47,43,23,92
2024-10-23T04:08:02+07:00,38107,47,43,23,93
2024-10-23T04:08:24+07:00,38108,47,44,23,93
2024-10-23T04:08:46+07:00,38109,48,43,23,93
2024-10-23T04:09:08+07:00,38110,47,45,23,93
2024-10-23T04:09:31+07:00,38111,48,45,23,93
2024-10-23T04:09:54+07:00,38112,47,43,23,93
2024-10-23T04:10:16+07:00,38113,48,45,23,93
2024-10-23T04:10:38+07:00,38114,48,44,23,93
2024-10-23T04:11:01+07:00,38115,47,44,23,93
2024-10-23T04:11:23+07:00,38116,48,45,23,93
2024-10-23T04:11:45+07:00,38117,47,44,23,93
2024-10-23T04:12:07+07:00,38118,48,45,23,93
2024-10-23T04:12:33+07:00,38119,47,43,23,93
2024-10-23T04:12:55+07:00,38120,47,45,23,93
2024-10-23T04:13:17+07:00,38121,47,45,23,93
2024-10-23T04:13:39+07:00,38122,47,44,23,93
2024-10-23T04:14:01+07:00,38123,48,45,23,93
2024-10-23T04:14:23+07:00,38124,47,44,23,93
2024-10-23T04:14:45+07:00,38125,47,44,23,93
2024-10-23T04:15:07+07:00,38126,48,43,23,93
2024-10-23T04:15:29+07:00,38127,47,44,23,93
2024-10-23T04:15:53+07:00,38128,46,43,23,93
2024-10-23T04:16:15+07:00,38129,47,44,23,93
2024-10-23T04:16:37+07:00,38130,47,43,23,93
2024-10-23T04:16:59+07:00,38131,48,45,23,93
2024-10-23T04:17:21+07:00,38132,47,43,23,93
2024-10-23T04:17:44+07:00,38133,47,44,23,93
2024-10-23T04:18:06+07:00,38134,47,45,23,93
2024-10-23T04:18:28+07:00,38135,47,44,23,93
2024-10-23T04:18:50+07:00,38136,47,43,23,93
2024-10-23T04:19:11+07:00,38137,48,43,23,93
2024-10-23T04:19:34+07:00,38138,47,43,23,93
2024-10-23T04:19:56+07:00,38139,48,44,23,93
2024-10-23T04:20:18+07:00,38140,47,43,23.3,93
2024-10-23T04:20:40+07:00,38141,47,44,23.1,93
2024-10-23T04:21:02+07:00,38142,47,43,23,93
2024-10-23T04:21:24+07:00,38143,47,43,23,93
2024-10-23T04:21:46+07:00,38144,47,44,23,93
2024-10-23T04:22:10+07:00,38145,47,44,23,93
2024-10-23T04:22:32+07:00,38146,48,44,23,93
2024-10-23T04:22:54+07:00,38147,47,45,23,93
2024-10-23T04:23:16+07:00,38148,47,45,23.4,93
2024-10-23T04:23:38+07:00,38149,47,44,23.4,93
2024-10-23T04:24:00+07:00,38150,47,45,23.4,93
2024-10-23T04:24:22+07:00,38151,47,45,23.4,93
2024-10-23T04:24:44+07:00,38152,47,45,23.4,93
2024-10-23T04:25:06+07:00,38153,47,45,23.4,93
2024-10-23T04:25:28+07:00,38154,48,44,23.4,93
2024-10-23T04:25:50+07:00,38155,46,45,23.4,93
2024-10-23T04:26:12+07:00,38156,47,44,23.4,93
2024-10-23T04:26:34+07:00,38157,47,45,23.4,93
2024-10-23T04:26:57+07:00,38158,47,45,23.4,94
2024-10-23T04:27:19+07:00,38159,47,46,23.4,94
2024-10-23T04:27:41+07:00,38160,47,43,23.4,93
2024-10-23T04:28:07+07:00,38161,47,45,23.4,94
2024-10-23T04:28:29+07:00,38162,47,45,23.4,93
2024-10-23T04:28:51+07:00,38163,47,45,23.4,93
2024-10-23T04:29:13+07:00,38164,47,44,23.4,93
2024-10-23T04:29:35+07:00,38165,47,44,23.4,93
2024-10-23T04:29:57+07:00,38166,48,45,23.4,93
2024-10-23T04:30:19+07:00,38167,47,44,23.4,93
2024-10-23T04:30:41+07:00,38168,47,45,23.4,93
2024-10-23T04:31:03+07:00,38169,47,44,23.4,93
2024-10-23T04:31:26+07:00,38170,47,46,23.4,93
2024-10-23T04:31:48+07:00,38171,47,45,23.4,93
2024-10-23T04:32:10+07:00,38172,47,43,23.2,93
2024-10-23T04:32:32+07:00,38173,46,45,23.1,93
2024-10-23T04:32:54+07:00,38174,47,46,23,93
2024-10-23T04:33:16+07:00,38175,47,44,23,93
2024-10-23T04:33:38+07:00,38176,47,44,23,93
2024-10-23T04:34:04+07:00,38177,47,44,23,93
2024-10-23T04:34:27+07:00,38178,47,44,23,93
2024-10-23T04:34:49+07:00,38179,47,45,23,93
2024-10-23T04:35:11+07:00,38180,47,43,23,93
2024-10-23T04:35:33+07:00,38181,47,45,23,93
2024-10-23T04:35:55+07:00,38182,48,44,23,93
2024-10-23T04:36:17+07:00,38183,47,45,23,93
2024-10-23T04:36:39+07:00,38184,47,44,23,93
2024-10-23T04:37:01+07:00,38185,47,44,23,93
2024-10-23T04:37:24+07:00,38186,47,44,23,93
2024-10-23T04:37:46+07:00,38187,47,45,23,93
2024-10-23T04:38:08+07:00,38188,47,46,23,93
2024-10-23T04:38:30+07:00,38189,47,44,23,93
2024-10-23T04:38:52+07:00,38190,48,45,23,93
2024-10-23T04:39:14+07:00,38191,47,45,23,93
2024-10-23T04:39:36+07:00,38192,48,44,23,93
2024-10-23T04:39:58+07:00,38193,47,44,23,93
2024-10-23T04:40:22+07:00,38194,48,45,23,93
2024-10-23T04:40:44+07:00,38195,47,44,23,93
2024-10-23T04:41:06+07:00,38196,47,45,23,93
2024-10-23T04:41:29+07:00,38197,47,44,23,93
2024-10-23T04:41:51+07:00,38198,48,44,23,93
2024-10-23T04:42:13+07:00,38199,47,44,23,93
2024-10-23T04:42:36+07:00,38200,47,45,23,93
2024-10-23T04:42:58+07:00,38201,48,44,23,93
2024-10-23T04:43:20+07:00,38202,47,45,23,93
2024-10-23T04:43:43+07:00,38203,47,44,23,93
2024-10-23T04:44:05+07:00,38204,48,45,23,93
2024-10-23T04:44:27+07:00,38205,47,44,23,93
2024-10-23T04:44:50+07:00,38206,47,46,23,93
2024-10-23T04:45:12+07:00,38207,48,44,23,93
2024-10-23T04:45:34+07:00,38208,47,46,23,93
2024-10-23T04:45:56+07:00,38209,47,44,23,93
2024-10-23T04:46:20+07:00,38210,47,44,23,93
2024-10-23T04:46:42+07:00,38211,47,45,23,93
2024-10-23T04:47:04+07:00,38212,47,45,23,93
2024-10-23T04:47:26+07:00,38213,47,45,23,93
2024-10-23T04:47:48+07:00,38214,47,44,23,93
2024-10-23T04:48:11+07:00,38215,47,44,23,93
2024-10-23T04:48:33+07:00,38216,48,43,23,93
2024-10-23T04:48:55+07:00,38217,47,45,23,93
2024-10-23T04:49:17+07:00,38218,47,45,23,93
2024-10-23T04:49:39+07:00,38219,47,44,23,93
2024-10-23T04:50:01+07:00,38220,47,45,23,93
2024-10-23T04:50:23+07:00,38221,47,45,23,93
2024-10-23T04:50:45+07:00,38222,47,45,23,93
2024-10-23T04:51:07+07:00,38223,47,45,23,93
2024-10-23T04:51:29+07:00,38224,48,45,23,93
2024-10-23T04:51:51+07:00,38225,47,45,23,93
2024-10-23T04:52:13+07:00,38226,47,44,23,93
2024-10-23T04:52:37+07:00,38227,47,44,23,93
2024-10-23T04:52:59+07:00,38228,48,45,23,93
2024-10-23T04:53:21+07:00,38229,47,45,23,93
2024-10-23T04:53:44+07:00,38230,47,43,23,93
2024-10-23T04:54:06+07:00,38231,47,45,23,93
2024-10-23T04:54:29+07:00,38232,47,44,23,93
2024-10-23T04:54:51+07:00,38233,48,44,23,93
2024-10-23T04:55:13+07:00,38234,46,45,23,93
2024-10-23T04:55:35+07:00,38235,48,44,23,93
2024-10-23T04:55:57+07:00,38236,47,43,23,93
2024-10-23T04:56:20+07:00,38237,47,45,23,93
2024-10-23T04:56:42+07:00,38238,48,43,23,93
2024-10-23T04:57:04+07:00,38239,47,45,23,93
2024-10-23T04:57:26+07:00,38240,47,44,23,93
2024-10-23T04:57:48+07:00,38241,48,44,23,93
2024-10-23T04:58:10+07:00,38242,47,44,23,93
2024-10-23T04:58:33+07:00,38243,47,45,23,93
2024-10-23T04:58:56+07:00,38244,47,46,23,93
2024-10-23T04:59:18+07:00,38245,47,44,23,93
2024-10-23T04:59:41+07:00,38246,48,45,23,93
2024-10-23T05:00:03+07:00,38247,47,45,23,93
2024-10-23T05:00:25+07:00,38248,47,44,23,93
2024-10-23T05:00:48+07:00,38249,47,43,23,93
2024-10-23T05:01:10+07:00,38250,47,45,23,93
2024-10-23T05:01:32+07:00,38251,47,44,23,93
2024-10-23T05:01:54+07:00,38252,47,46,23,93
2024-10-23T05:02:16+07:00,38253,47,44,23,93
2024-10-23T05:02:39+07:00,38254,47,45,23,93
2024-10-23T05:03:01+07:00,38255,47,44,23,93
2024-10-23T05:03:23+07:00,38256,47,44,23,93
2024-10-23T05:03:45+07:00,38257,47,44,23,93
2024-10-23T05:04:08+07:00,38258,47,45,23,93
2024-10-23T05:04:30+07:00,38259,47,44,23,93
2024-10-23T05:04:54+07:00,38260,46,46,23,93
2024-10-23T05:05:16+07:00,38261,46,43,23,93
2024-10-23T05:05:38+07:00,38262,46,43,23,93
2024-10-23T05:06:00+07:00,38263,47,44,23,93
2024-10-23T05:06:22+07:00,38264,48,43,23,93
2024-10-23T05:06:45+07:00,38265,47,45,23,93
2024-10-23T05:07:07+07:00,38266,47,43,23,93
2024-10-23T05:07:29+07:00,38267,48,45,23,93
2024-10-23T05:07:51+07:00,38268,48,45,23,93
2024-10-23T05:08:14+07:00,38269,47,44,23,93
2024-10-23T05:08:36+07:00,38270,48,47,23,93
2024-10-23T05:08:58+07:00,38271,47,44,23,93
2024-10-23T05:09:21+07:00,38272,47,43,23,93
2024-10-23T05:09:43+07:00,38273,48,44,23,93
2024-10-23T05:10:05+07:00,38274,47,43,23,93
2024-10-23T05:10:27+07:00,38275,47,45,23,93
2024-10-23T05:10:51+07:00,38276,47,42,23,93
2024-10-23T05:11:13+07:00,38277,47,45,23,93
2024-10-23T05:11:36+07:00,38278,47,45,23,93
2024-10-23T05:11:58+07:00,38279,47,44,23,93
2024-10-23T05:12:20+07:00,38280,47,43,23,93
2024-10-23T05:12:43+07:00,38281,47,43,23,93
2024-10-23T05:13:05+07:00,38282,47,43,23,93
2024-10-23T05:13:28+07:00,38283,47,44,23,93
2024-10-23T05:13:50+07:00,38284,46,45,23,93
2024-10-23T05:14:12+07:00,38285,47,44,23,93
2024-10-23T05:14:35+07:00,38286,47,45,23,93
2024-10-23T05:14:57+07:00,38287,47,43,23,93
2024-10-23T05:15:19+07:00,38288,47,45,23,93
2024-10-23T05:15:41+07:00,38289,47,45,23,93
2024-10-23T05:16:04+07:00,38290,46,43,23,93
2024-10-23T05:16:27+07:00,38291,47,43,23,94
2024-10-23T05:16:50+07:00,38292,47,43,23,93
2024-10-23T05:17:15+07:00,38293,47,44,23,93
2024-10-23T05:17:37+07:00,38294,47,43,23,93
2024-10-23T05:18:00+07:00,38295,47,45,23,93
2024-10-23T05:18:22+07:00,38296,47,45,23,93
2024-10-23T05:18:44+07:00,38297,47,42,23,93
2024-10-23T05:19:07+07:00,38298,46,43,23,93
2024-10-23T05:19:29+07:00,38299,46,43,23,93
2024-10-23T05:19:51+07:00,38300,48,45,23,93
2024-10-23T05:20:14+07:00,38301,47,43,23,93
2024-10-23T05:20:36+07:00,38302,48,44,23,93
2024-10-23T05:20:58+07:00,38303,47,45,23,93
2024-10-23T05:21:20+07:00,38304,47,44,23,93
2024-10-23T05:21:43+07:00,38305,47,42,23,93
2024-10-23T05:22:05+07:00,38306,47,44,23,93
2024-10-23T05:22:28+07:00,38307,47,45,23,93
2024-10-23T05:22:52+07:00,38308,47,44,23,93
2024-10-23T05:23:16+07:00,38309,47,43,23,93
2024-10-23T05:23:39+07:00,38310,47,44,23,93
2024-10-23T05:24:02+07:00,38311,47,45,23,93
2024-10-23T05:24:24+07:00,38312,48,43,23,93
2024-10-23T05:24:46+07:00,38313,47,45,23,93
2024-10-23T05:25:08+07:00,38314,46,43,23,93
2024-10-23T05:25:31+07:00,38315,47,44,23,93
2024-10-23T05:25:54+07:00,38316,47,45,23,93
2024-10-23T05:26:16+07:00,38317,47,43,23,93
2024-10-23T05:26:39+07:00,38318,47,46,23,93
2024-10-23T05:27:01+07:00,38319,47,45,23,93
2024-10-23T05:27:23+07:00,38320,47,45,23,93
2024-10-23T05:27:45+07:00,38321,47,43,23,93
2024-10-23T05:28:08+07:00,38322,47,46,23,93
2024-10-23T05:28:30+07:00,38323,46,45,23,93
2024-10-23T05:28:56+07:00,38324,47,45,23,93
2024-10-23T05:29:20+07:00,38325,46,45,23,93
2024-10-23T05:29:42+07:00,38326,47,44,23,93
2024-10-23T05:30:05+07:00,38327,47,44,23,93
2024-10-23T05:30:27+07:00,38328,47,44,23,93
2024-10-23T05:30:50+07:00,38329,47,43,23,93
2024-10-23T05:31:12+07:00,38330,47,42,23,93
2024-10-23T05:31:35+07:00,38331,48,45,23,93
2024-10-23T05:31:57+07:00,38332,47,44,23,93
2024-10-23T05:32:21+07:00,38333,48,45,23,93
2024-10-23T05:32:43+07:00,38334,47,43,23,93
2024-10-23T05:33:06+07:00,38335,47,42,23,93
2024-10-23T05:33:28+07:00,38336,48,43,23,93
2024-10-23T05:33:51+07:00,38337,47,43,23,93
2024-10-23T05:34:13+07:00,38338,47,43,23,93
2024-10-23T05:34:35+07:00,38339,47,44,23,93
2024-10-23T05:34:59+07:00,38340,46,46,23,93
2024-10-23T05:35:22+07:00,38341,47,44,23,93
2024-10-23T05:35:44+07:00,38342,48,44,23,93
2024-10-23T05:36:07+07:00,38343,48,45,23,93
2024-10-23T05:36:29+07:00,38344,46,44,23,93
2024-10-23T05:36:52+07:00,38345,47,45,23,93
2024-10-23T05:37:14+07:00,38346,47,44,23,93
2024-10-23T05:37:37+07:00,38347,47,42,23,93
2024-10-23T05:37:59+07:00,38348,47,43,23,93
2024-10-23T05:38:22+07:00,38349,47,44,23,93
2024-10-23T05:38:45+07:00,38350,46,41,23,93
2024-10-23T05:39:08+07:00,38351,47,44,23,93
2024-10-23T05:39:30+07:00,38352,47,44,23,93
2024-10-23T05:39:52+07:00,38353,46,42,23,93
2024-10-23T05:40:15+07:00,38354,47,44,23,93
2024-10-23T05:40:37+07:00,38355,46,43,23,93
2024-10-23T05:41:01+07:00,38356,47,45,23,93
2024-10-23T05:41:24+07:00,38357,47,41,23,93
2024-10-23T05:41:46+07:00,38358,47,45,23,93
2024-10-23T05:42:09+07:00,38359,48,43,23,93
2024-10-23T05:42:32+07:00,38360,46,42,23,93
2024-10-23T05:42:55+07:00,38361,47,45,23,93
2024-10-23T05:43:17+07:00,38362,47,44,23,93
2024-10-23T05:43:40+07:00,38363,47,46,23,93
2024-10-23T05:44:03+07:00,38364,47,44,23,93
2024-10-23T05:44:25+07:00,38365,45,42,23,93
2024-10-23T05:44:48+07:00,38366,46,44,23,93
2024-10-23T05:45:11+07:00,38367,47,45,23,93
2024-10-23T05:45:34+07:00,38368,47,45,23,93
2024-10-23T05:45:56+07:00,38369,48,45,23,93
2024-10-23T05:46:19+07:00,38370,47,44,23,93
2024-10-23T05:46:42+07:00,38371,47,42,23,93
2024-10-23T05:47:06+07:00,38372,47,42,23,93
2024-10-23T05:47:30+07:00,38373,47,42,23,93
2024-10-23T05:47:52+07:00,38374,47,44,23,93
2024-10-23T05:48:15+07:00,38375,47,41,23,93
2024-10-23T05:48:37+07:00,38376,47,42,23,93
2024-10-23T05:49:00+07:00,38377,46,43,23,93
2024-10-23T05:49:22+07:00,38378,47,45,23,93
2024-10-23T05:49:45+07:00,38379,47,44,23,93
2024-10-23T05:50:08+07:00,38380,49,44,23,93
2024-10-23T05:50:31+07:00,38381,47,43,23,93
2024-10-23T05:50:53+07:00,38382,47,44,23,93
2024-10-23T05:51:17+07:00,38383,46,46,23,93
2024-10-23T05:51:39+07:00,38384,46,42,23,93
2024-10-23T05:52:02+07:00,38385,47,43,23,93
2024-10-23T05:52:25+07:00,38386,47,44,23,93
2024-10-23T05:52:47+07:00,38387,47,44,23,93
2024-10-23T05:53:11+07:00,38388,47,45,23,93
2024-10-23T05:53:34+07:00,38389,47,44,23,93
2024-10-23T05:53:57+07:00,38390,46,43,23,93
2024-10-23T05:54:20+07:00,38391,47,43,23,93
2024-10-23T05:54:42+07:00,38392,47,43,23,93
2024-10-23T05:55:05+07:00,38393,45,46,23,93
2024-10-23T05:55:27+07:00,38394,47,45,23,93
2024-10-23T05:55:50+07:00,38395,47,45,23,93
2024-10-23T05:56:13+07:00,38396,47,43,23,93
2024-10-23T05:56:35+07:00,38397,47,44,23,93
2024-10-23T05:56:58+07:00,38398,46,42,23,93
2024-10-23T05:57:21+07:00,38399,47,44,23,93
2024-10-23T05:57:43+07:00,38400,46,45,23,93
2024-10-23T05:58:06+07:00,38401,47,44,23,93
2024-10-23T05:58:29+07:00,38402,47,43,23,93
2024-10-23T05:58:51+07:00,38403,47,44,23,93
2024-10-23T05:59:15+07:00,38404,48,43,23,92
2024-10-23T05:59:39+07:00,38405,47,44,23,92
2024-10-23T06:00:01+07:00,38406,47,44,23,92
2024-10-23T06:00:24+07:00,38407,47,45,23,92
2024-10-23T06:00:46+07:00,38408,46,44,23,92
2024-10-23T06:01:09+07:00,38409,47,46,23,92
2024-10-23T06:01:31+07:00,38410,46,43,23,92
2024-10-23T06:01:54+07:00,38411,47,44,23,92
2024-10-23T06:02:17+07:00,38412,47,45,23,92
2024-10-23T06:02:39+07:00,38413,48,46,23,93
2024-10-23T06:03:01+07:00,38414,46,43,23,93
2024-10-23T06:03:24+07:00,38415,47,44,23,92
2024-10-23T06:03:46+07:00,38416,47,42,23,92
2024-10-23T06:04:09+07:00,38417,45,45,23,92
2024-10-23T06:04:32+07:00,38418,46,43,23,92
2024-10-23T06:04:55+07:00,38419,46,44,23,92
2024-10-23T06:05:19+07:00,38420,47,44,23,92
2024-10-23T06:05:42+07:00,38421,46,45,23,92
2024-10-23T06:06:04+07:00,38422,47,43,23,92
2024-10-23T06:06:27+07:00,38423,48,45,23,92
2024-10-23T06:06:49+07:00,38424,47,46,23,92
2024-10-23T06:07:12+07:00,38425,47,45,23,92
2024-10-23T06:07:34+07:00,38426,47,42,23,92
2024-10-23T06:07:57+07:00,38427,46,42,23,92
2024-10-23T06:08:19+07:00,38428,46,45,23.1,93
2024-10-23T06:08:42+07:00,38429,46,45,23.3,93
2024-10-23T06:09:05+07:00,38430,47,45,23.4,93
2024-10-23T06:09:27+07:00,38431,46,44,23.4,93
2024-10-23T06:09:50+07:00,38432,47,44,23.4,93
2024-10-23T06:10:12+07:00,38433,45,45,23.4,92
2024-10-23T06:10:34+07:00,38434,47,42,23.4,92
2024-10-23T06:10:57+07:00,38435,47,45,23.4,92
2024-10-23T06:11:22+07:00,38436,46,42,23.4,92
2024-10-23T06:11:45+07:00,38437,46,45,23.4,92
2024-10-23T06:12:08+07:00,38438,46,45,23.4,92
2024-10-23T06:12:30+07:00,38439,47,43,23.4,92
2024-10-23T06:12:52+07:00,38440,47,43,23.4,92
2024-10-23T06:13:15+07:00,38441,47,45,23.4,92
2024-10-23T06:13:37+07:00,38442,47,45,23.4,92
2024-10-23T06:13:59+07:00,38443,47,42,23.4,92
2024-10-23T06:14:22+07:00,38444,46,42,23.4,92
2024-10-23T06:14:45+07:00,38445,48,46,23.4,92
2024-10-23T06:15:07+07:00,38446,47,44,23.4,91
2024-10-23T06:15:30+07:00,38447,46,43,23.4,91
2024-10-23T06:15:52+07:00,38448,47,45,23.4,92
2024-10-23T06:16:15+07:00,38449,47,43,23.4,92
2024-10-23T06:16:37+07:00,38450,46,44,23.4,92
2024-10-23T06:16:59+07:00,38451,46,43,23.4,92
2024-10-23T06:17:23+07:00,38452,47,43,23.4,92
2024-10-23T06:17:47+07:00,38453,48,44,23.4,93
2024-10-23T06:18:09+07:00,38454,46,44,23.4,92
2024-10-23T06:18:32+07:00,38455,47,44,23.4,92
2024-10-23T06:18:55+07:00,38456,45,43,23.4,93
2024-10-23T06:19:17+07:00,38457,47,45,23.4,93
2024-10-23T06:19:40+07:00,38458,47,45,23.4,93
2024-10-23T06:20:02+07:00,38459,45,43,23.4,93
2024-10-23T06:20:25+07:00,38460,47,43,23.4,93
2024-10-23T06:20:47+07:00,38461,47,43,23.4,93
2024-10-23T06:21:10+07:00,38462,47,43,23.4,93
2024-10-23T06:21:32+07:00,38463,47,43,23.4,93
2024-10-23T06:21:55+07:00,38464,47,43,23.4,93
2024-10-23T06:22:17+07:00,38465,47,44,23.4,93
2024-10-23T06:22:40+07:00,38466,46,42,23.4,93
2024-10-23T06:23:02+07:00,38467,47,44,23.4,93
2024-10-23T06:23:26+07:00,38468,45,43,23.4,92
2024-10-23T06:23:49+07:00,38469,47,44,23.4,92
2024-10-23T06:24:12+07:00,38470,47,41,23.4,92
2024-10-23T06:24:35+07:00,38471,47,44,23.8,92
2024-10-23T06:24:57+07:00,38472,47,43,23.8,92
2024-10-23T06:25:20+07:00,38473,47,45,23.8,93
2024-10-23T06:25:42+07:00,38474,47,46,23.8,92
2024-10-23T06:26:05+07:00,38475,45,43,23.8,92
2024-10-23T06:26:28+07:00,38476,47,43,23.8,92
2024-10-23T06:26:51+07:00,38477,47,44,23.8,91
2024-10-23T06:27:13+07:00,38478,47,44,23.8,91
2024-10-23T06:27:36+07:00,38479,46,42,23.8,92
2024-10-23T06:27:59+07:00,38480,45,45,23.8,92
2024-10-23T06:28:22+07:00,38481,46,45,23.8,92
2024-10-23T06:28:44+07:00,38482,46,44,23.8,91
2024-10-23T06:29:07+07:00,38483,47,43,23.8,91
2024-10-23T06:29:30+07:00,38484,46,45,23.8,91
2024-10-23T06:29:54+07:00,38485,46,43,23.8,90
2024-10-23T06:30:16+07:00,38486,47,44,23.8,90
2024-10-23T06:30:39+07:00,38487,45,45,23.8,90
2024-10-23T06:31:02+07:00,38488,46,44,23.8,90
2024-10-23T06:31:24+07:00,38489,46,45,23.8,90
2024-10-23T06:31:47+07:00,38490,46,43,24,90
2024-10-23T06:32:09+07:00,38491,45,45,24.1,90
2024-10-23T06:32:32+07:00,38492,47,42,24.1,90
2024-10-23T06:32:55+07:00,38493,46,43,24.1,90
2024-10-23T06:33:17+07:00,38494,46,43,24.1,90
2024-10-23T06:33:40+07:00,38495,45,42,24.1,89
2024-10-23T06:34:03+07:00,38496,46,44,24.1,90
2024-10-23T06:34:26+07:00,38497,47,44,24.1,90
2024-10-23T06:34:49+07:00,38498,47,45,24.1,90
2024-10-23T06:35:12+07:00,38499,46,42,24.1,90
2024-10-23T06:35:36+07:00,38500,45,42,24.1,90
2024-10-23T06:35:59+07:00,38501,47,45,24.1,89
2024-10-23T06:36:22+07:00,38502,47,45,24.1,89
2024-10-23T06:36:45+07:00,38503,46,44,24.1,89
2024-10-23T06:37:07+07:00,38504,45,45,24.1,89
2024-10-23T06:37:30+07:00,38505,47,44,24.1,89
2024-10-23T06:37:53+07:00,38506,46,43,24.1,89
2024-10-23T06:38:15+07:00,38507,46,43,24.2,89
2024-10-23T06:38:38+07:00,38508,47,44,24.5,89
2024-10-23T06:39:01+07:00,38509,47,43,24.5,90
2024-10-23T06:39:24+07:00,38510,46,41,24.5,90
2024-10-23T06:39:47+07:00,38511,47,43,24.5,89
2024-10-23T06:40:10+07:00,38512,46,45,24.5,89
2024-10-23T06:40:32+07:00,38513,46,43,24.5,89
2024-10-23T06:40:55+07:00,38514,47,42,24.5,89
2024-10-23T06:41:17+07:00,38515,45,43,24.5,89
2024-10-23T06:41:41+07:00,38516,46,44,24.5,89
2024-10-23T06:42:05+07:00,38517,46,44,24.5,89
2024-10-23T06:42:27+07:00,38518,47,45,24.5,89
2024-10-23T06:42:50+07:00,38519,45,45,24.5,89
2024-10-23T06:43:12+07:00,38520,45,43,24.5,89
2024-10-23T06:43:35+07:00,38521,47,42,24.5,88
2024-10-23T06:43:58+07:00,38522,46,43,24.5,88
2024-10-23T06:44:22+07:00,38523,46,45,24.5,89
2024-10-23T06:44:45+07:00,38524,47,44,24.5,89
2024-10-23T06:45:08+07:00,38525,46,42,24.5,88
2024-10-23T06:45:30+07:00,38526,47,44,24.5,89
2024-10-23T06:45:53+07:00,38527,45,43,24.5,89
2024-10-23T06:46:16+07:00,38528,47,44,24.5,89
2024-10-23T06:46:39+07:00,38529,46,44,24.8,89
2024-10-23T06:47:02+07:00,38530,45,45,24.8,88
2024-10-23T06:47:25+07:00,38531,46,42,24.5,87
2024-10-23T06:47:48+07:00,38532,46,44,24.5,86
2024-10-23T06:48:11+07:00,38533,46,44,24.5,86
2024-10-23T06:48:34+07:00,38534,47,45,24.5,86
2024-10-23T06:48:56+07:00,38535,46,44,24.5,86
2024-10-23T06:49:21+07:00,38536,47,45,24.6,87
2024-10-23T06:49:43+07:00,38537,45,44,24.8,87
2024-10-23T06:50:06+07:00,38538,47,44,24.8,88
2024-10-23T06:50:29+07:00,38539,45,44,24.8,89
2024-10-23T06:50:51+07:00,38540,46,43,24.8,89
2024-10-23T06:51:14+07:00,38541,46,45,24.8,88
2024-10-23T06:51:36+07:00,38542,45,44,24.8,88
2024-10-23T06:51:59+07:00,38543,46,44,24.8,87
2024-10-23T06:52:22+07:00,38544,46,45,24.8,87
2024-10-23T06:52:45+07:00,38545,45,44,24.8,86
2024-10-23T06:53:08+07:00,38546,46,42,24.8,85
2024-10-23T06:53:31+07:00,38547,46,43,24.8,85
2024-10-23T06:53:56+07:00,38548,46,43,24.8,85
2024-10-23T06:54:20+07:00,38549,47,45,24.8,86
2024-10-23T06:54:42+07:00,38550,45,45,24.8,86
2024-10-23T06:55:05+07:00,38551,46,43,24.8,85
2024-10-23T06:55:27+07:00,38552,47,44,24.8,85
2024-10-23T06:55:50+07:00,38553,45,46,24.8,86
2024-10-23T06:56:13+07:00,38554,45,45,24.8,86
2024-10-23T06:56:36+07:00,38555,45,41,24.8,85
2024-10-23T06:56:59+07:00,38556,46,44,24.8,85
2024-10-23T06:57:22+07:00,38557,47,43,24.8,85
2024-10-23T06:57:44+07:00,38558,47,44,24.8,85
2024-10-23T06:58:08+07:00,38559,46,44,24.8,85
2024-10-23T06:58:30+07:00,38560,47,42,24.8,85
2024-10-23T06:58:52+07:00,38561,46,45,24.8,86
2024-10-23T06:59:16+07:00,38562,46,46,24.8,86
2024-10-23T06:59:38+07:00,38563,45,41,24.8,86
2024-10-23T07:00:02+07:00,38564,47,43,24.8,85
2024-10-23T07:00:25+07:00,38565,45,43,24.8,85
2024-10-23T07:00:48+07:00,38566,45,45,24.9,85
2024-10-23T07:01:11+07:00,38567,45,42,25.3,86
2024-10-23T07:01:34+07:00,38568,46,43,25.3,86
2024-10-23T07:01:56+07:00,38569,45,44,25.3,85
2024-10-23T07:02:19+07:00,38570,46,43,25.3,86
2024-10-23T07:02:42+07:00,38571,46,43,25.3,85
2024-10-23T07:03:04+07:00,38572,47,45,25.3,85
2024-10-23T07:03:27+07:00,38573,45,46,25.3,85
2024-10-23T07:03:50+07:00,38574,46,44,25.3,85
2024-10-23T07:04:13+07:00,38575,45,45,25.3,85
2024-10-23T07:04:36+07:00,38576,45,43,25.3,85
2024-10-23T07:04:59+07:00,38577,45,42,25.3,86
2024-10-23T07:05:22+07:00,38578,45,42,25.3,86
2024-10-23T07:05:45+07:00,38579,45,43,25.3,85
2024-10-23T07:06:11+07:00,38580,46,43,25.3,85
2024-10-23T07:06:35+07:00,38581,45,45,25.8,85
2024-10-23T07:06:58+07:00,38582,45,43,25.8,84
2024-10-23T07:07:21+07:00,38583,45,43,25.8,83
2024-10-23T07:07:43+07:00,38584,46,43,25.8,83
2024-10-23T07:08:06+07:00,38585,45,43,25.8,84
2024-10-23T07:08:29+07:00,38586,45,45,25.8,83
2024-10-23T07:08:51+07:00,38587,45,43,25.8,84
2024-10-23T07:09:14+07:00,38588,45,44,25.8,83
2024-10-23T07:09:37+07:00,38589,45,44,25.8,83
2024-10-23T07:10:00+07:00,38590,46,45,25.8,83
2024-10-23T07:10:23+07:00,38591,46,43,25.8,83
2024-10-23T07:10:45+07:00,38592,44,44,25.8,83
2024-10-23T07:11:08+07:00,38593,45,42,25.8,83
2024-10-23T07:11:31+07:00,38594,44,43,25.8,83
2024-10-23T07:11:53+07:00,38595,45,42,25.8,83
2024-10-23T07:12:17+07:00,38596,45,43,25.8,82
2024-10-23T07:12:40+07:00,38597,45,44,25.8,82
2024-10-23T07:13:02+07:00,38598,45,44,25.8,83
2024-10-23T07:13:25+07:00,38599,45,45,25.8,83
2024-10-23T07:13:49+07:00,38600,45,44,25.8,83
2024-10-23T07:14:11+07:00,38601,46,43,25.8,83
2024-10-23T07:14:34+07:00,38602,46,43,25.8,83
2024-10-23T07:14:56+07:00,38603,44,42,25.8,83
2024-10-23T07:15:19+07:00,38604,46,44,25.8,82
2024-10-23T07:15:42+07:00,38605,46,45,25.8,82
2024-10-23T07:16:04+07:00,38606,44,44,25.8,82
2024-10-23T07:16:27+07:00,38607,45,44,25.8,83
2024-10-23T07:16:49+07:00,38608,46,45,25.8,82
2024-10-23T07:17:12+07:00,38609,46,44,25.8,82
2024-10-23T07:17:36+07:00,38610,45,43,25.8,81
2024-10-23T07:17:58+07:00,38611,44,45,25.8,81
2024-10-23T07:18:22+07:00,38612,45,43,25.8,81
2024-10-23T07:18:44+07:00,38613,44,43,25.8,82
2024-10-23T07:19:07+07:00,38614,45,45,25.8,82
2024-10-23T07:19:29+07:00,38615,45,44,25.8,82
2024-10-23T07:19:52+07:00,38616,44,45,25.8,82
2024-10-23T07:20:15+07:00,38617,44,42,25.8,83
2024-10-23T07:20:38+07:00,38618,45,44,25.8,83
2024-10-23T07:21:00+07:00,38619,46,44,25.8,83
2024-10-23T07:21:23+07:00,38620,44,45,25.8,83
2024-10-23T07:21:46+07:00,38621,46,44,25.8,83
2024-10-23T07:22:08+07:00,38622,46,43,25.8,83
2024-10-23T07:22:31+07:00,38623,45,44,25.8,82
2024-10-23T07:22:54+07:00,38624,45,44,25.8,82
2024-10-23T07:23:16+07:00,38625,46,42,25.8,81
2024-10-23T07:23:38+07:00,38626,46,45,25.8,81
2024-10-23T07:24:01+07:00,38627,45,43,25.8,83
2024-10-23T07:24:24+07:00,38628,44,43,25.8,83
2024-10-23T07:24:47+07:00,38629,45,43,25.8,83
2024-10-23T07:25:10+07:00,38630,44,44,25.8,84
2024-10-23T07:25:33+07:00,38631,45,43,25.8,84
2024-10-23T07:25:55+07:00,38632,47,44,25.8,84
2024-10-23T07:26:18+07:00,38633,45,44,25.8,84
2024-10-23T07:26:40+07:00,38634,44,44,25.8,84
2024-10-23T07:27:03+07:00,38635,45,45,25.8,84
2024-10-23T07:27:26+07:00,38636,45,44,25.8,84
2024-10-23T07:27:49+07:00,38637,45,44,25.8,84
2024-10-23T07:28:11+07:00,38638,45,43,25.8,84
2024-10-23T07:28:34+07:00,38639,45,43,25.8,84
2024-10-23T07:28:57+07:00,38640,45,46,25.8,83
2024-10-23T07:29:19+07:00,38641,45,44,25.8,82
2024-10-23T07:29:42+07:00,38642,45,44,25.8,82
2024-10-23T07:30:04+07:00,38643,48,43,25.8,84
2024-10-23T07:30:28+07:00,38644,45,44,25.8,85
2024-10-23T07:30:52+07:00,38645,45,44,25.8,85
2024-10-23T07:31:15+07:00,38646,45,42,26.1,85
2024-10-23T07:31:38+07:00,38647,45,45,26.2,85
2024-10-23T07:32:01+07:00,38648,45,44,26.2,85
2024-10-23T07:32:23+07:00,38649,44,45,26.2,85
2024-10-23T07:32:46+07:00,38650,45,43,26.2,84
2024-10-23T07:33:09+07:00,38651,45,44,26.2,85
2024-10-23T07:33:31+07:00,38652,45,45,26.2,84
2024-10-23T07:33:54+07:00,38653,45,43,26.2,83
2024-10-23T07:34:17+07:00,38654,45,43,26.2,82
2024-10-23T07:34:40+07:00,38655,46,43,26.2,81
2024-10-23T07:35:02+07:00,38656,45,41,26.2,83
2024-10-23T07:35:26+07:00,38657,45,42,26.2,84
2024-10-23T07:35:48+07:00,38658,45,43,26.2,83
2024-10-23T07:36:11+07:00,38659,45,45,26.2,83
2024-10-23T07:36:37+07:00,38660,46,42,26.2,81
2024-10-23T07:36:52+07:00,38661,44,45,26.2,81
2024-10-23T07:37:15+07:00,38662,45,43,26.2,81
2024-10-23T07:37:37+07:00,38663,44,44,26.2,81
2024-10-23T07:38:00+07:00,38664,45,43,26.2,80
2024-10-23T07:38:23+07:00,38665,45,45,26.2,80
2024-10-23T07:38:46+07:00,38666,45,44,26.2,80
2024-10-23T07:39:08+07:00,38667,46,44,26.2,80
2024-10-23T07:39:31+07:00,38668,45,42,26.2,80
2024-10-23T07:39:54+07:00,38669,45,44,26.2,81
2024-10-23T07:40:17+07:00,38670,45,43,26.2,81
2024-10-23T07:40:40+07:00,38671,45,44,26.2,81
2024-10-23T07:41:03+07:00,38672,46,45,26.2,80
2024-10-23T07:41:26+07:00,38673,45,44,26.2,80
2024-10-23T07:41:51+07:00,38674,45,45,26.2,80
2024-10-23T07:42:14+07:00,38675,44,44,26.2,80
2024-10-23T07:42:38+07:00,38676,44,44,26.2,80
2024-10-23T07:43:03+07:00,38677,45,42,26.2,79
2024-10-23T07:43:26+07:00,38678,45,45,26.2,80
2024-10-23T07:43:49+07:00,38679,45,45,26.2,80
2024-10-23T07:44:12+07:00,38680,45,44,26.2,80
2024-10-23T07:44:35+07:00,38681,46,44,26.2,80
2024-10-23T07:44:58+07:00,38682,45,43,26.2,80
2024-10-23T07:45:21+07:00,38683,44,46,26.2,80
2024-10-23T07:45:44+07:00,38684,44,46,26.2,79
2024-10-23T07:46:07+07:00,38685,45,44,26.2,80
2024-10-23T07:46:29+07:00,38686,45,43,26.2,80
2024-10-23T07:46:52+07:00,38687,45,43,26.2,80
2024-10-23T07:47:14+07:00,38688,46,44,26.2,79
2024-10-23T07:47:37+07:00,38689,44,46,26.2,79
2024-10-23T07:48:01+07:00,38690,45,44,26.2,79
2024-10-23T07:48:23+07:00,38691,45,43,26.2,79
2024-10-23T07:48:50+07:00,38692,44,43,26.2,79
2024-10-23T07:49:13+07:00,38693,45,45,26.2,79
2024-10-23T07:49:36+07:00,38694,45,44,26.2,79
2024-10-23T07:49:59+07:00,38695,44,45,26.2,79
2024-10-23T07:50:21+07:00,38696,46,44,26.2,79
2024-10-23T07:50:44+07:00,38697,44,44,26.2,80
2024-10-23T07:51:07+07:00,38698,44,43,26.2,80
2024-10-23T07:51:30+07:00,38699,44,44,26.2,80
2024-10-23T07:51:53+07:00,38700,45,45,26.2,81
2024-10-23T07:52:16+07:00,38701,45,41,26.2,81
2024-10-23T07:52:38+07:00,38702,46,43,26.2,80
2024-10-23T07:53:01+07:00,38703,45,43,26.2,80
2024-10-23T07:53:24+07:00,38704,46,45,26.2,79
2024-10-23T07:53:47+07:00,38705,45,43,26.2,78
2024-10-23T07:54:10+07:00,38706,46,43,26.2,78
2024-10-23T07:54:32+07:00,38707,45,45,26.2,78
2024-10-23T07:54:59+07:00,38708,45,45,26.2,78
2024-10-23T07:55:23+07:00,38709,45,44,26.2,79
2024-10-23T07:55:45+07:00,38710,45,44,26.2,79
2024-10-23T07:56:08+07:00,38711,45,44,26.2,79
2024-10-23T07:56:31+07:00,38712,45,42,26.1,79
2024-10-23T07:56:53+07:00,38713,44,44,26.2,79
2024-10-23T07:57:16+07:00,38714,45,44,26.2,79
2024-10-23T07:57:39+07:00,38715,45,41,26.2,79
2024-10-23T07:58:02+07:00,38716,45,45,26.2,79
2024-10-23T07:58:25+07:00,38717,45,45,26.2,80
2024-10-23T07:58:48+07:00,38718,45,42,26.2,79
2024-10-23T07:59:11+07:00,38719,44,45,26.2,80
2024-10-23T07:59:33+07:00,38720,46,43,26.2,81
2024-10-23T07:59:56+07:00,38721,46,45,26.2,80
2024-10-23T08:00:19+07:00,38722,45,43,26.2,78
2024-10-23T08:00:42+07:00,38723,46,43,25.9,78
2024-10-23T08:01:09+07:00,38724,45,43,25.8,79
2024-10-23T08:01:34+07:00,38725,45,45,25.8,78
2024-10-23T08:01:57+07:00,38726,46,45,25.8,77
2024-10-23T08:02:24+07:00,38727,46,43,25.8,77
2024-10-23T08:02:47+07:00,38728,46,45,25.8,78
2024-10-23T08:03:09+07:00,38729,45,43,25.8,77
2024-10-23T08:03:32+07:00,38730,45,44,25.8,78
2024-10-23T08:03:54+07:00,38731,45,44,25.8,78
2024-10-23T08:04:17+07:00,38732,45,41,25.8,78
2024-10-23T08:04:40+07:00,38733,44,44,25.8,78
2024-10-23T08:05:03+07:00,38734,44,44,25.8,77
2024-10-23T08:05:26+07:00,38735,46,44,25.8,77
2024-10-23T08:05:49+07:00,38736,45,43,25.8,77
2024-10-23T08:06:12+07:00,38737,45,44,25.8,77
2024-10-23T08:06:34+07:00,38738,45,45,26.2,77
2024-10-23T08:06:57+07:00,38739,45,43,26.2,77
2024-10-23T08:07:21+07:00,38740,44,43,26.2,78
2024-10-23T08:07:44+07:00,38741,44,43,26.2,78
2024-10-23T08:08:07+07:00,38742,45,46,26.2,78
2024-10-23T08:08:30+07:00,38743,45,44,26.2,78
2024-10-23T08:08:52+07:00,38744,44,43,26.2,77
2024-10-23T08:09:15+07:00,38745,46,43,26.2,77
2024-10-23T08:09:38+07:00,38746,45,42,26.2,77
2024-10-23T08:10:02+07:00,38747,45,43,26.2,77
2024-10-23T08:10:25+07:00,38748,45,43,26.2,76
2024-10-23T08:10:48+07:00,38749,45,42,26.2,77
2024-10-23T08:11:11+07:00,38750,45,45,26.2,77
2024-10-23T08:11:33+07:00,38751,45,45,26.2,76
2024-10-23T08:11:57+07:00,38752,45,44,25.8,76
2024-10-23T08:12:19+07:00,38753,45,44,25.8,77
2024-10-23T08:12:42+07:00,38754,44,43,25.8,77
2024-10-23T08:13:05+07:00,38755,45,45,26.2,77
2024-10-23T08:13:30+07:00,38756,44,45,26.2,77
2024-10-23T08:13:54+07:00,38757,45,44,26.2,77
2024-10-23T08:14:16+07:00,38758,45,43,26.2,77
2024-10-23T08:14:39+07:00,38759,44,44,26.2,77
2024-10-23T08:15:02+07:00,38760,46,45,26.2,76
2024-10-23T08:15:25+07:00,38761,44,44,26.2,77
2024-10-23T08:15:48+07:00,38762,44,45,26.2,77
2024-10-23T08:16:11+07:00,38763,43,43,26.2,76
2024-10-23T08:16:34+07:00,38764,44,43,26.2,76
2024-10-23T08:16:57+07:00,38765,45,43,26.2,76
2024-10-23T08:17:20+07:00,38766,45,43,26.2,75
2024-10-23T08:17:43+07:00,38767,46,42,26.2,76
2024-10-23T08:18:05+07:00,38768,45,44,26.2,77
2024-10-23T08:18:28+07:00,38769,45,43,26.2,76
2024-10-23T08:18:51+07:00,38770,45,44,26.2,77
2024-10-23T08:19:15+07:00,38771,43,45,26.2,77
2024-10-23T08:19:39+07:00,38772,45,42,26.2,77
2024-10-23T08:20:02+07:00,38773,45,44,26.3,77
2024-10-23T08:20:25+07:00,38774,46,44,26.7,77
2024-10-23T08:20:47+07:00,38775,45,43,26.7,77
2024-10-23T08:21:11+07:00,38776,45,45,26.7,76
2024-10-23T08:21:33+07:00,38777,44,43,26.7,76
2024-10-23T08:21:57+07:00,38778,44,45,26.7,75
2024-10-23T08:22:20+07:00,38779,45,42,26.7,75
2024-10-23T08:22:43+07:00,38780,45,43,26.7,75
2024-10-23T08:23:06+07:00,38781,45,44,26.7,75
2024-10-23T08:23:29+07:00,38782,44,43,26.7,75
2024-10-23T08:23:53+07:00,38783,44,44,26.7,75
2024-10-23T08:24:15+07:00,38784,46,45,26.7,75
2024-10-23T08:24:37+07:00,38785,44,44,26.7,74
2024-10-23T08:25:01+07:00,38786,45,44,26.7,74
2024-10-23T08:25:24+07:00,38787,45,44,26.7,75
2024-10-23T08:25:49+07:00,38788,45,44,26.7,75
2024-10-23T08:26:13+07:00,38789,44,41,26.7,75
2024-10-23T08:26:36+07:00,38790,45,44,26.7,76
2024-10-23T08:27:00+07:00,38791,45,43,26.7,75
2024-10-23T08:27:25+07:00,38792,45,45,26.7,75
2024-10-23T08:27:48+07:00,38793,44,42,26.7,73
2024-10-23T08:28:11+07:00,38794,44,45,26.7,74
2024-10-23T08:28:35+07:00,38795,45,43,26.7,75
2024-10-23T08:28:59+07:00,38796,45,45,26.7,75
2024-10-23T08:29:23+07:00,38797,45,45,26.7,74
2024-10-23T08:29:47+07:00,38798,44,43,26.7,74
2024-10-23T08:30:11+07:00,38799,44,43,26.7,74
2024-10-23T08:30:34+07:00,38800,44,44,26.7,74
2024-10-23T08:30:57+07:00,38801,46,44,26.7,73
2024-10-23T08:31:21+07:00,38802,44,45,26.7,73
2024-10-23T08:31:45+07:00,38803,44,43,26.7,73
2024-10-23T08:32:10+07:00,38804,45,43,26.7,73
2024-10-23T08:32:33+07:00,38805,44,43,26.7,74
2024-10-23T08:32:57+07:00,38806,44,44,26.7,73
2024-10-23T08:33:21+07:00,38807,44,44,26.7,73
2024-10-23T08:33:45+07:00,38808,45,43,26.9,74
2024-10-23T08:34:07+07:00,38809,45,45,27.1,74
2024-10-23T08:34:30+07:00,38810,44,43,27.1,73
2024-10-23T08:34:54+07:00,38811,45,43,27.1,73
2024-10-23T08:35:17+07:00,38812,45,44,27.1,73
2024-10-23T08:35:40+07:00,38813,44,43,27.1,73
2024-10-23T08:36:03+07:00,38814,44,44,27.1,73
2024-10-23T08:36:26+07:00,38815,44,44,27.1,73
2024-10-23T08:36:48+07:00,38816,44,44,27.1,73
2024-10-23T08:37:11+07:00,38817,45,44,26.7,73
2024-10-23T08:37:35+07:00,38818,45,43,26.7,73
2024-10-23T08:38:01+07:00,38819,44,43,26.7,73
2024-10-23T08:38:23+07:00,38820,43,44,26.7,73
2024-10-23T08:38:47+07:00,38821,44,43,27.1,74
2024-10-23T08:39:10+07:00,38822,44,45,27.1,73
2024-10-23T08:39:33+07:00,38823,44,44,27.1,73
2024-10-23T08:39:56+07:00,38824,45,42,27.1,73
2024-10-23T08:40:19+07:00,38825,44,45,27.1,72
2024-10-23T08:40:42+07:00,38826,44,44,27.1,72
2024-10-23T08:41:05+07:00,38827,44,44,26.7,72
2024-10-23T08:41:28+07:00,38828,45,43,26.7,73
2024-10-23T08:41:52+07:00,38829,45,42,26.7,72
2024-10-23T08:42:14+07:00,38830,45,43,26.7,73
2024-10-23T08:42:38+07:00,38831,44,44,26.7,73
2024-10-23T08:43:01+07:00,38832,44,44,27.1,73
2024-10-23T08:43:25+07:00,38833,45,45,27.1,74
2024-10-23T08:43:49+07:00,38834,44,45,27.1,73
2024-10-23T08:44:14+07:00,38835,46,47,27,72
2024-10-23T08:44:37+07:00,38836,45,45,26.9,73
2024-10-23T08:45:00+07:00,38837,45,45,27.1,73
2024-10-23T08:45:22+07:00,38838,44,44,27.1,73
2024-10-23T08:45:46+07:00,38839,44,43,27.1,72
2024-10-23T08:46:09+07:00,38840,45,44,27.1,72
2024-10-23T08:46:32+07:00,38841,44,43,27.1,73
2024-10-23T08:46:55+07:00,38842,44,44,27.1,73
2024-10-23T08:47:18+07:00,38843,45,44,27.1,73
2024-10-23T08:47:41+07:00,38844,44,43,27.1,73
2024-10-23T08:48:04+07:00,38845,45,44,27.1,73
2024-10-23T08:48:27+07:00,38846,44,44,27.2,72
2024-10-23T08:48:51+07:00,38847,44,41,27.6,73
2024-10-23T08:49:14+07:00,38848,43,46,27.6,73
2024-10-23T08:49:37+07:00,38849,44,45,27.6,73
2024-10-23T08:50:00+07:00,38850,45,44,27.6,72
2024-10-23T08:50:24+07:00,38851,45,43,27.6,71
2024-10-23T08:50:47+07:00,38852,44,45,27.6,71
2024-10-23T08:51:12+07:00,38853,45,45,27.3,71
2024-10-23T08:51:37+07:00,38854,44,44,27.6,71
2024-10-23T08:52:19+07:00,38855,44,46,27.6,72
2024-10-23T08:53:43+07:00,38856,44,45,27.6,73
2024-10-23T08:54:11+07:00,38857,44,46,27.6,73
2024-10-23T08:54:52+07:00,38858,45,44,27.6,73
2024-10-23T08:55:47+07:00,38859,43,43,27.6,73
2024-10-23T08:56:16+07:00,38860,44,45,27.6,73
2024-10-23T08:56:31+07:00,38861,43,43,27.6,73
2024-10-23T08:56:55+07:00,38862,44,45,27.6,73
2024-10-23T08:57:17+07:00,38863,44,43,27.6,73
2024-10-23T08:57:45+07:00,38864,44,44,27.6,72
2024-10-23T08:58:08+07:00,38865,44,45,27.6,72
2024-10-23T08:58:31+07:00,38866,45,44,27.6,72
2024-10-23T08:58:55+07:00,38867,44,45,27.6,72
2024-10-23T08:59:21+07:00,38868,44,44,27.6,72
2024-10-23T08:59:44+07:00,38869,44,43,27.6,73
2024-10-23T09:00:06+07:00,38870,44,43,27.6,73
2024-10-23T09:00:43+07:00,38871,45,43,27.6,72
2024-10-23T09:01:07+07:00,38872,45,46,27.6,72
2024-10-23T09:01:30+07:00,38873,44,43,27.3,72
2024-10-23T09:01:53+07:00,38874,44,45,27.3,72
2024-10-23T09:02:20+07:00,38875,44,42,27.2,71
2024-10-23T09:02:44+07:00,38876,43,46,27.1,72
2024-10-23T09:03:07+07:00,38877,44,44,27.1,72
2024-10-23T09:03:31+07:00,38878,45,43,27.1,72
2024-10-23T09:03:54+07:00,38879,44,45,27.1,72
2024-10-23T09:04:16+07:00,38880,44,44,27.1,73
2024-10-23T09:04:40+07:00,38881,45,44,27.1,73
2024-10-23T09:05:03+07:00,38882,44,45,27.1,73
2024-10-23T09:05:25+07:00,38883,43,43,27.1,72
2024-10-23T09:05:48+07:00,38884,45,43,27.1,72
2024-10-23T09:06:16+07:00,38885,45,45,27.1,73
2024-10-23T09:06:39+07:00,38886,45,45,27.1,72
2024-10-23T09:07:03+07:00,38887,44,45,27.1,73
2024-10-23T09:07:26+07:00,38888,44,45,27.1,73
2024-10-23T09:07:49+07:00,38889,43,44,27.1,73
2024-10-23T09:08:12+07:00,38890,45,45,27.1,73
2024-10-23T09:08:39+07:00,38891,43,45,27.1,73
2024-10-23T09:09:02+07:00,38892,44,43,27.1,72
2024-10-23T09:09:25+07:00,38893,44,45,27.1,72
2024-10-23T09:09:48+07:00,38894,44,45,27.1,73
2024-10-23T09:10:11+07:00,38895,43,43,27.1,73
2024-10-23T09:10:34+07:00,38896,44,46,27.1,73
2024-10-23T09:10:56+07:00,38897,45,43,27.1,73
2024-10-23T09:11:19+07:00,38898,44,44,27.1,73
2024-10-23T09:11:42+07:00,38899,43,46,27.2,73
2024-10-23T09:12:05+07:00,38900,45,46,27.1,72
2024-10-23T09:12:27+07:00,38901,45,44,27.1,72
2024-10-23T09:12:50+07:00,38902,44,43,27.1,72
2024-10-23T09:13:13+07:00,38903,43,44,27.1,73
2024-10-23T09:13:36+07:00,38904,45,44,27.1,72
2024-10-23T09:13:59+07:00,38905,44,41,27.1,72
2024-10-23T09:14:22+07:00,38906,43,46,27.1,72
2024-10-23T09:14:47+07:00,38907,43,44,27.2,73
2024-10-23T09:15:10+07:00,38908,44,43,27.1,73
2024-10-23T09:15:33+07:00,38909,43,42,27.1,72
2024-10-23T09:15:56+07:00,38910,44,45,27.2,73
2024-10-23T09:16:19+07:00,38911,44,44,27.6,72
2024-10-23T09:16:42+07:00,38912,43,45,27.6,72
2024-10-23T09:17:04+07:00,38913,44,43,27.6,73
2024-10-23T09:17:27+07:00,38914,44,44,27.6,72
2024-10-23T09:17:50+07:00,38915,44,44,27.6,71
2024-10-23T09:18:14+07:00,38916,43,43,27.6,72
2024-10-23T09:18:37+07:00,38917,44,43,27.6,72
2024-10-23T09:19:00+07:00,38918,44,43,27.6,72
2024-10-23T09:19:22+07:00,38919,44,44,27.6,73
2024-10-23T09:19:45+07:00,38920,44,45,27.6,72
2024-10-23T09:20:08+07:00,38921,44,44,27.6,71
2024-10-23T09:20:30+07:00,38922,44,45,27.6,71
2024-10-23T09:20:54+07:00,38923,44,44,27.6,71
2024-10-23T09:21:16+07:00,38924,43,43,27.6,72
2024-10-23T09:21:39+07:00,38925,44,45,27.6,72
2024-10-23T09:22:01+07:00,38926,45,45,27.6,72
2024-10-23T09:22:24+07:00,38927,43,45,27.6,71
2024-10-23T09:22:47+07:00,38928,44,45,27.6,71
2024-10-23T09:23:10+07:00,38929,44,45,27.6,72
2024-10-23T09:23:33+07:00,38930,44,43,27.9,72
2024-10-23T09:23:55+07:00,38931,44,45,28,70
2024-10-23T09:24:18+07:00,38932,43,44,28,70
2024-10-23T09:24:41+07:00,38933,44,46,28,70
2024-10-23T09:25:03+07:00,38934,44,45,28,70
2024-10-23T09:25:26+07:00,38935,44,42,28,70
2024-10-23T09:25:49+07:00,38936,44,45,28,70
2024-10-23T09:26:11+07:00,38937,43,44,28,70
2024-10-23T09:26:34+07:00,38938,43,45,28,70
2024-10-23T09:26:57+07:00,38939,43,45,28,70
2024-10-23T09:27:20+07:00,38940,43,46,28.1,70
2024-10-23T09:27:42+07:00,38941,44,45,28,70
2024-10-23T09:28:06+07:00,38942,43,43,28.1,69
2024-10-23T09:28:29+07:00,38943,44,44,28,69
2024-10-23T09:28:52+07:00,38944,44,46,28.1,70
2024-10-23T09:29:15+07:00,38945,43,45,28.5,70
2024-10-23T09:29:38+07:00,38946,44,45,28.5,71
2024-10-23T09:29:53+07:00,38947,43,43,28.5,70
2024-10-23T09:30:16+07:00,38948,44,45,28.5,69
2024-10-23T09:30:38+07:00,38949,43,45,28.5,70
2024-10-23T09:31:01+07:00,38950,44,45,28.5,69
2024-10-23T09:31:24+07:00,38951,44,44,28.1,68
2024-10-23T09:32:03+07:00,38952,43,44,28.5,71
2024-10-23T09:32:25+07:00,38953,43,46,28.5,69
2024-10-23T09:32:51+07:00,38954,43,44,28.5,69
2024-10-23T09:33:14+07:00,38955,43,43,28.5,68
2024-10-23T09:33:37+07:00,38956,44,45,28.5,68
2024-10-23T09:34:03+07:00,38957,44,43,28.2,68
2024-10-23T09:34:28+07:00,38958,44,44,28.5,69
2024-10-23T09:34:50+07:00,38959,44,44,28.5,68
2024-10-23T09:36:50+07:00,38960,43,46,28.5,68
2024-10-23T09:37:15+07:00,38961,43,44,28.5,68
2024-10-23T09:37:40+07:00,38962,43,45,28.5,68
2024-10-23T09:37:56+07:00,38963,44,43,28.5,68
2024-10-23T09:38:22+07:00,38964,43,45,28.5,68
2024-10-23T09:38:37+07:00,38965,43,43,28.5,68
2024-10-23T09:39:06+07:00,38966,43,42,28.5,68
2024-10-23T09:39:24+07:00,38967,42,43,28.5,68
2024-10-23T09:39:39+07:00,38968,43,45,28.5,68
2024-10-23T09:40:05+07:00,38969,42,43,28.5,68
2024-10-23T09:40:31+07:00,38970,43,45,28.5,68
2024-10-23T09:40:48+07:00,38971,43,45,28.5,68
2024-10-23T09:41:34+07:00,38972,43,45,28.5,68
2024-10-23T09:42:04+07:00,38973,43,44,28.5,69
2024-10-23T09:42:28+07:00,38974,43,45,28.5,70
2024-10-23T09:42:44+07:00,38975,43,45,28.5,70
2024-10-23T09:43:01+07:00,38976,43,43,28.5,69
2024-10-23T09:43:26+07:00,38977,43,44,28.5,68
2024-10-23T09:44:11+07:00,38978,42,43,28.5,68
2024-10-23T09:44:35+07:00,38979,43,43,28.5,68
2024-10-23T09:45:51+07:00,38980,43,44,28.9,69
2024-10-23T09:46:35+07:00,38981,43,44,28.5,68
2024-10-23T09:47:03+07:00,38982,43,46,28.5,68
2024-10-23T09:47:27+07:00,38983,42,43,28.5,68
2024-10-23T09:47:51+07:00,38984,43,45,28.5,68
2024-10-23T09:48:14+07:00,38985,44,45,28.5,68
2024-10-23T09:48:38+07:00,38986,44,43,28.5,68
2024-10-23T09:49:04+07:00,38987,43,44,28.5,68
2024-10-23T09:49:28+07:00,38988,43,44,28.5,68
2024-10-23T09:49:53+07:00,38989,43,46,28.5,68
2024-10-23T09:50:19+07:00,38990,43,43,28.5,68
2024-10-23T09:50:41+07:00,38991,44,45,28.5,68
2024-10-23T09:51:04+07:00,38992,43,44,28.5,68
2024-10-23T09:51:28+07:00,38993,44,44,28.5,68
2024-10-23T09:51:53+07:00,38994,43,46,28.5,68
2024-10-23T09:52:19+07:00,38995,43,46,28.5,69
2024-10-23T09:52:43+07:00,38996,44,47,28.5,68
2024-10-23T09:53:08+07:00,38997,43,47,28.1,68
2024-10-23T09:53:34+07:00,38998,44,45,28,68
2024-10-23T09:53:58+07:00,38999,43,43,28,68
2024-10-23T09:54:21+07:00,39000,43,44,28,68
2024-10-23T09:54:45+07:00,39001,44,46,28,68
2024-10-23T09:55:11+07:00,39002,42,45,28,68
2024-10-23T09:55:34+07:00,39003,44,47,28.1,68
2024-10-23T09:55:58+07:00,39004,43,43,28.5,68
2024-10-23T09:56:20+07:00,39005,44,45,28.5,69
2024-10-23T09:56:43+07:00,39006,42,45,28.5,69
2024-10-23T09:57:07+07:00,39007,44,46,28.5,69
2024-10-23T09:57:32+07:00,39008,43,46,28.5,68
2024-10-23T09:57:56+07:00,39009,44,45,28.5,68
2024-10-23T09:58:19+07:00,39010,43,45,28.5,68
2024-10-23T09:58:41+07:00,39011,43,45,28.5,68
2024-10-23T09:59:05+07:00,39012,43,45,28.5,68
2024-10-23T09:59:28+07:00,39013,43,44,28.5,68
2024-10-23T09:59:52+07:00,39014,44,44,28.5,68
2024-10-23T10:00:17+07:00,39015,43,44,28.5,68
2024-10-23T10:00:40+07:00,39016,43,45,28.5,68
2024-10-23T10:01:05+07:00,39017,43,45,28.5,68
2024-10-23T10:01:28+07:00,39018,43,46,28.5,69
2024-10-23T10:01:50+07:00,39019,43,44,28.5,68
2024-10-23T10:02:13+07:00,39020,42,44,28.5,69
2024-10-23T10:02:36+07:00,39021,43,45,28.5,69
2024-10-23T10:02:58+07:00,39022,43,43,28.5,69
2024-10-23T10:03:22+07:00,39023,44,45,28.5,68
2024-10-23T10:03:48+07:00,39024,42,45,28.9,68
2024-10-23T10:04:11+07:00,39025,43,44,28.9,69
2024-10-23T10:04:33+07:00,39026,43,45,28.9,68
2024-10-23T10:04:56+07:00,39027,45,44,28.9,68
2024-10-23T10:05:19+07:00,39028,42,46,28.9,68
2024-10-23T10:05:42+07:00,39029,43,46,28.9,68
2024-10-23T10:06:04+07:00,39030,42,43,28.9,67
2024-10-23T10:06:27+07:00,39031,42,46,29,66
2024-10-23T10:06:50+07:00,39032,43,44,29.3,67
2024-10-23T10:07:14+07:00,39033,43,45,29.3,67
2024-10-23T10:07:37+07:00,39034,43,46,29.3,67
2024-10-23T10:07:59+07:00,39035,43,45,29.3,68
2024-10-23T10:08:22+07:00,39036,43,44,29.3,68
2024-10-23T10:08:48+07:00,39037,42,46,29.8,68
2024-10-23T10:09:11+07:00,39038,43,45,29.8,66
2024-10-23T10:09:34+07:00,39039,42,42,29.8,67
2024-10-23T10:09:58+07:00,39040,43,45,29.8,65
2024-10-23T10:10:21+07:00,39041,44,45,29.4,65
2024-10-23T10:10:36+07:00,39042,43,44,29.3,65
2024-10-23T10:10:59+07:00,39043,42,44,29.3,68
2024-10-23T10:11:23+07:00,39044,42,47,29.4,67
2024-10-23T10:11:45+07:00,39045,42,44,29.4,66
2024-10-23T10:12:09+07:00,39046,43,45,29.8,68
2024-10-23T10:12:33+07:00,39047,43,46,29.8,67
2024-10-23T10:12:57+07:00,39048,42,43,29.8,65
2024-10-23T10:13:21+07:00,39049,43,46,29.8,65
2024-10-23T10:13:45+07:00,39050,43,45,29.8,64
2024-10-23T10:14:08+07:00,39051,43,44,29.8,65
2024-10-23T10:14:31+07:00,39052,42,44,29.8,65
2024-10-23T10:14:53+07:00,39053,42,44,29.8,65
2024-10-23T10:15:16+07:00,39054,42,45,29.8,66
2024-10-23T10:15:40+07:00,39055,43,45,29.8,66
2024-10-23T10:16:03+07:00,39056,42,44,29.8,66
2024-10-23T10:16:27+07:00,39057,42,46,29.8,66
2024-10-23T10:16:50+07:00,39058,43,46,29.8,67
2024-10-23T10:17:13+07:00,39059,42,46,30.2,66
2024-10-23T10:17:36+07:00,39060,42,46,30.2,65
2024-10-23T10:17:59+07:00,39061,42,45,30.2,64
2024-10-23T10:18:22+07:00,39062,43,45,30.2,64
2024-10-23T10:18:45+07:00,39063,42,45,30.2,63
2024-10-23T10:19:09+07:00,39064,42,45,30.2,63
2024-10-23T10:19:36+07:00,39065,43,47,30.2,62
2024-10-23T10:19:59+07:00,39066,42,46,30.2,64
2024-10-23T10:20:49+07:00,39067,42,47,29.8,64
2024-10-23T10:21:13+07:00,39068,42,45,29.8,64
2024-10-23T10:21:37+07:00,39069,43,46,29.8,66
2024-10-23T10:22:02+07:00,39070,41,45,29.8,67
2024-10-23T10:22:24+07:00,39071,41,45,29.8,66
2024-10-23T10:22:50+07:00,39072,43,45,30.1,64
2024-10-23T10:23:06+07:00,39073,42,45,30,63
2024-10-23T10:23:29+07:00,39074,42,47,30.2,65
2024-10-23T10:23:53+07:00,39075,43,46,30.2,64
2024-10-23T10:24:19+07:00,39076,42,46,30.2,64
2024-10-23T10:24:42+07:00,39077,43,46,30.2,63
2024-10-23T10:25:07+07:00,39078,43,45,30.2,62
2024-10-23T10:25:29+07:00,39079,43,45,30.2,62
2024-10-23T10:25:53+07:00,39080,43,45,30.2,61
2024-10-23T10:26:42+07:00,39081,42,44,30.2,63
2024-10-23T10:27:32+07:00,39082,42,46,30.2,65
2024-10-23T10:27:52+07:00,39083,42,45,30.2,64
2024-10-23T10:28:16+07:00,39084,41,45,30.2,63
2024-10-23T10:28:44+07:00,39085,42,46,30.2,62
2024-10-23T10:29:08+07:00,39086,41,45,30.2,65
2024-10-23T10:29:31+07:00,39087,43,44,30.2,65
2024-10-23T10:29:54+07:00,39088,41,46,30.2,64
2024-10-23T10:30:19+07:00,39089,43,46,30.2,63
2024-10-23T10:30:41+07:00,39090,43,46,30.2,63
2024-10-23T10:31:05+07:00,39091,43,47,30.2,62
2024-10-23T10:31:28+07:00,39092,43,45,30.2,62
2024-10-23T10:31:51+07:00,39093,41,45,30.2,64
2024-10-23T10:32:14+07:00,39094,43,47,30.2,64
2024-10-23T10:32:37+07:00,39095,43,44,30.2,62
2024-10-23T10:33:00+07:00,39096,42,45,30.2,62
2024-10-23T10:33:23+07:00,39097,43,45,30.2,62
2024-10-23T10:33:45+07:00,39098,41,46,30.2,61
2024-10-23T10:34:09+07:00,39099,42,46,30.2,61
2024-10-23T10:34:32+07:00,39100,43,48,30.2,62
2024-10-23T10:34:55+07:00,39101,42,46,30.2,62
2024-10-23T10:35:18+07:00,39102,41,45,30.2,64
2024-10-23T10:35:41+07:00,39103,43,46,30.2,62
2024-10-23T10:36:03+07:00,39104,43,45,30.2,61
2024-10-23T10:36:29+07:00,39105,42,47,30.2,61
2024-10-23T10:36:52+07:00,39106,41,47,30.2,60
2024-10-23T10:37:15+07:00,39107,43,46,30.2,61
2024-10-23T10:37:38+07:00,39108,42,48,30.2,62
2024-10-23T10:38:01+07:00,39109,41,46,30.2,62
2024-10-23T10:38:23+07:00,39110,42,47,30.2,61
2024-10-23T10:38:46+07:00,39111,43,46,30.2,63
2024-10-23T10:39:08+07:00,39112,42,45,30.2,62
2024-10-23T10:39:31+07:00,39113,41,46,30.2,63
2024-10-23T10:39:54+07:00,39114,42,46,30.2,62
2024-10-23T10:40:16+07:00,39115,43,46,30.2,63
2024-10-23T10:40:40+07:00,39116,42,47,30.2,63
2024-10-23T10:41:02+07:00,39117,41,46,30.2,62
2024-10-23T10:41:26+07:00,39118,41,45,30.2,61
2024-10-23T10:41:48+07:00,39119,42,47,30.2,65
2024-10-23T10:42:04+07:00,39120,41,46,30.2,64
2024-10-23T10:42:26+07:00,39121,42,47,30.2,62
2024-10-23T10:42:48+07:00,39122,42,47,30.2,61
2024-10-23T10:43:12+07:00,39123,42,46,30.2,63
2024-10-23T10:43:34+07:00,39124,42,45,30.2,63
2024-10-23T10:43:56+07:00,39125,42,46,30.2,63
2024-10-23T10:44:19+07:00,39126,41,47,30.2,63
2024-10-23T10:44:45+07:00,39127,42,45,30.2,62
2024-10-23T10:45:07+07:00,39128,42,45,30.2,62
2024-10-23T10:45:30+07:00,39129,42,48,30.2,62
2024-10-23T10:45:53+07:00,39130,42,45,30.2,61
2024-10-23T10:46:16+07:00,39131,41,47,30.2,61
2024-10-23T10:46:40+07:00,39132,41,47,30.2,62
2024-10-23T10:47:03+07:00,39133,41,47,30.2,61
2024-10-23T10:47:26+07:00,39134,41,48,29.8,62
2024-10-23T10:47:49+07:00,39135,42,47,29.8,63
2024-10-23T10:48:11+07:00,39136,41,48,29.8,63
2024-10-23T10:48:34+07:00,39137,42,47,29.8,63
2024-10-23T10:48:56+07:00,39138,42,47,29.8,63
2024-10-23T10:49:18+07:00,39139,42,46,29.8,63
2024-10-23T10:49:41+07:00,39140,43,49,29.8,63
2024-10-23T10:50:04+07:00,39141,42,47,29.8,63
2024-10-23T10:50:26+07:00,39142,43,46,29.8,63
2024-10-23T10:50:52+07:00,39143,43,46,29.8,63
2024-10-23T10:51:15+07:00,39144,42,49,29.8,62
2024-10-23T10:51:37+07:00,39145,42,47,29.8,63
2024-10-23T10:52:00+07:00,39146,42,46,29.8,63
2024-10-23T10:52:22+07:00,39147,41,49,29.8,62
2024-10-23T10:52:45+07:00,39148,41,48,29.8,63
2024-10-23T10:53:08+07:00,39149,42,47,29.8,63
2024-10-23T10:53:30+07:00,39150,42,47,29.8,63
2024-10-23T10:53:53+07:00,39151,42,47,29.8,63
2024-10-23T10:54:16+07:00,39152,41,47,29.8,63
2024-10-23T10:54:38+07:00,39153,43,48,29.8,62
2024-10-23T10:55:01+07:00,39154,42,47,29.4,63
2024-10-23T10:55:24+07:00,39155,43,47,29.3,62
2024-10-23T10:55:46+07:00,39156,42,46,29.8,63
2024-10-23T10:56:10+07:00,39157,42,46,29.8,62
2024-10-23T10:56:32+07:00,39158,41,48,29.8,63
2024-10-23T10:56:55+07:00,39159,41,49,29.8,64
2024-10-23T10:57:17+07:00,39160,42,47,29.8,64
2024-10-23T10:57:39+07:00,39161,41,47,29.8,63
2024-10-23T10:58:02+07:00,39162,41,48,29.8,63
2024-10-23T10:58:24+07:00,39163,43,49,29.8,64
2024-10-23T10:58:48+07:00,39164,40,47,29.8,64
2024-10-23T10:59:11+07:00,39165,41,48,29.8,63
2024-10-23T10:59:33+07:00,39166,43,48,29.8,63
2024-10-23T10:59:56+07:00,39167,41,47,29.8,63
2024-10-23T11:00:19+07:00,39168,42,46,29.8,63
2024-10-23T11:00:41+07:00,39169,42,47,29.8,63
2024-10-23T11:01:03+07:00,39170,41,47,29.8,63
2024-10-23T11:01:26+07:00,39171,42,48,29.8,63
2024-10-23T11:01:49+07:00,39172,42,48,29.8,63
2024-10-23T11:02:11+07:00,39173,42,47,29.8,63
2024-10-23T11:02:34+07:00,39174,41,46,29.7,63
2024-10-23T11:02:56+07:00,39175,42,48,29.3,64
2024-10-23T11:03:18+07:00,39176,44,46,29.4,64
2024-10-23T11:03:42+07:00,39177,41,47,29.4,64
2024-10-23T11:05:22+07:00,39178,42,51,29.8,63
2024-10-23T11:05:50+07:00,39179,42,50,29.8,63
2024-10-23T11:06:29+07:00,39180,41,92,29.8,65
2024-10-23T11:06:53+07:00,39181,41,65,29.8,64
2024-10-23T11:07:15+07:00,39182,42,54,29.8,62
2024-10-23T11:07:39+07:00,39183,42,51,29.8,63
2024-10-23T11:08:02+07:00,39184,43,51,29.8,64
2024-10-23T11:08:24+07:00,39185,43,50,29.8,65
2024-10-23T11:08:48+07:00,39186,42,50,29.8,63
2024-10-23T11:09:12+07:00,39187,42,49,29.4,63
2024-10-23T11:09:38+07:00,39188,42,48,29.4,64
2024-10-23T11:09:56+07:00,39189,40,90,29.3,64
2024-10-23T11:10:19+07:00,39190,42,55,29.5,64
2024-10-23T11:10:43+07:00,39191,41,49,29.8,64
2024-10-23T11:11:06+07:00,39192,42,51,29.8,64
2024-10-23T11:11:29+07:00,39193,41,48,29.8,63
2024-10-23T11:11:52+07:00,39194,42,49,29.8,64
2024-10-23T11:12:29+07:00,39195,41,49,29.8,64
2024-10-23T11:12:51+07:00,39196,42,49,29.8,65
2024-10-23T11:13:14+07:00,39197,42,48,29.8,64
2024-10-23T11:13:37+07:00,39198,42,48,29.8,66
2024-10-23T11:14:01+07:00,39199,41,47,29.8,67
2024-10-23T11:14:24+07:00,39200,42,49,29.6,64
2024-10-23T11:14:47+07:00,39201,43,48,29.6,65
2024-10-23T11:15:12+07:00,39202,42,50,29.8,65
2024-10-23T11:15:35+07:00,39203,41,49,29.8,64
2024-10-23T11:15:58+07:00,39204,41,49,29.8,64
2024-10-23T11:16:23+07:00,39205,42,47,29.8,63
2024-10-23T11:16:46+07:00,39206,41,47,29.8,63
2024-10-23T11:17:13+07:00,39207,42,46,29.4,63
2024-10-23T11:17:37+07:00,39208,41,49,29.4,63
2024-10-23T11:18:00+07:00,39209,42,50,29.8,63
2024-10-23T11:18:23+07:00,39210,42,48,29.8,64
2024-10-23T11:18:45+07:00,39211,42,49,29.8,66
2024-10-23T11:19:08+07:00,39212,42,48,29.7,66
2024-10-23T11:19:31+07:00,39213,43,46,29.4,65
2024-10-23T11:19:53+07:00,39214,42,48,29.4,64
2024-10-23T11:20:16+07:00,39215,42,49,29.3,64
2024-10-23T11:20:39+07:00,39216,42,49,29.3,65
2024-10-23T11:21:02+07:00,39217,41,48,29.4,65
2024-10-23T11:21:25+07:00,39218,42,46,29.3,63
2024-10-23T11:21:50+07:00,39219,42,48,29.3,63
2024-10-23T11:22:15+07:00,39220,41,47,29.3,63
2024-10-23T11:22:38+07:00,39221,42,47,29.3,63
2024-10-23T11:23:00+07:00,39222,41,46,29.3,63
2024-10-23T11:23:23+07:00,39223,42,45,29.3,63
2024-10-23T11:23:45+07:00,39224,41,47,29.3,62
2024-10-23T11:24:10+07:00,39225,42,48,29.3,63
2024-10-23T11:24:33+07:00,39226,41,48,29.3,63
2024-10-23T11:24:55+07:00,39227,42,47,29.3,64
2024-10-23T11:25:19+07:00,39228,42,47,29.3,64
2024-10-23T11:25:42+07:00,39229,41,48,29.3,64
2024-10-23T11:26:06+07:00,39230,42,46,29.3,63
2024-10-23T11:26:30+07:00,39231,42,48,29.3,62
2024-10-23T11:26:54+07:00,39232,41,47,29.3,62
2024-10-23T11:27:20+07:00,39233,42,46,29.3,63
2024-10-23T11:27:42+07:00,39234,41,45,29.3,62
2024-10-23T11:27:58+07:00,39235,41,46,29.3,63
2024-10-23T11:28:23+07:00,39236,40,48,29.3,63
2024-10-23T11:28:46+07:00,39237,41,47,29.3,63
2024-10-23T11:29:08+07:00,39238,41,47,29.3,63
2024-10-23T11:29:31+07:00,39239,42,45,29.3,63
2024-10-23T11:29:53+07:00,39240,41,46,29.3,62
2024-10-23T11:30:23+07:00,39241,42,46,29.3,63
2024-10-23T11:32:40+07:00,39242,39,76,29.3,62
2024-10-23T11:33:05+07:00,39243,41,59,29.3,61
2024-10-23T11:33:29+07:00,39244,42,55,29.3,62
2024-10-23T11:33:58+07:00,39245,41,78,29.3,63
2024-10-23T11:34:21+07:00,39246,42,54,29.3,62
2024-10-23T11:34:45+07:00,39247,42,51,29.3,62
2024-10-23T11:35:09+07:00,39248,42,51,29.3,62
2024-10-23T11:35:31+07:00,39249,42,50,29.3,63
2024-10-23T11:35:55+07:00,39250,42,51,29.3,63
2024-10-23T11:36:20+07:00,39251,41,50,29.3,62
2024-10-23T11:36:43+07:00,39252,42,48,29.3,62
2024-10-23T11:37:06+07:00,39253,41,50,29.3,62
2024-10-23T11:37:28+07:00,39254,42,48,29.3,62
2024-10-23T11:37:50+07:00,39255,41,49,29.3,61
2024-10-23T11:38:13+07:00,39256,41,49,29.3,61
2024-10-23T11:38:36+07:00,39257,42,49,29.3,61
2024-10-23T11:39:00+07:00,39258,41,48,29.3,62
2024-10-23T11:39:27+07:00,39259,41,47,29.3,62
2024-10-23T11:39:51+07:00,39260,42,50,29.3,62
2024-10-23T11:40:16+07:00,39261,42,48,29.3,61
2024-10-23T11:40:32+07:00,39262,41,49,29.3,62
2024-10-23T11:40:55+07:00,39263,42,50,29.3,62
2024-10-23T11:41:20+07:00,39264,42,48,29.3,62
2024-10-23T11:41:44+07:00,39265,42,44,29.3,62
2024-10-23T11:42:06+07:00,39266,41,47,29.3,62
2024-10-23T11:42:31+07:00,39267,41,49,29.3,62
2024-10-23T11:42:54+07:00,39268,41,47,29.3,62
2024-10-23T11:43:17+07:00,39269,42,48,29.3,62
2024-10-23T11:43:44+07:00,39270,42,47,29.3,63
2024-10-23T11:44:15+07:00,39271,41,48,29.3,62
2024-10-23T11:44:39+07:00,39272,41,48,29.3,62
2024-10-23T11:45:03+07:00,39273,42,47,29.3,61
2024-10-23T11:45:26+07:00,39274,42,47,29.4,62
2024-10-23T11:45:49+07:00,39275,42,48,29.4,61
2024-10-23T11:46:13+07:00,39276,40,48,29.4,61
2024-10-23T11:46:36+07:00,39277,42,48,29.3,61
2024-10-23T11:47:02+07:00,39278,42,48,29.4,60
2024-10-23T11:47:41+07:00,39279,41,46,29.4,63
2024-10-23T11:48:15+07:00,39280,42,45,29.3,62
2024-10-23T11:48:33+07:00,39281,42,47,29.4,62
2024-10-23T11:48:56+07:00,39282,41,46,29.3,62
2024-10-23T11:49:19+07:00,39283,42,48,29.3,63
2024-10-23T11:49:41+07:00,39284,42,48,29.3,64
2024-10-23T11:50:03+07:00,39285,41,47,29.3,64
2024-10-23T11:50:26+07:00,39286,41,48,29.4,63
2024-10-23T11:50:48+07:00,39287,41,47,29.8,63
2024-10-23T11:51:11+07:00,39288,40,48,29.8,63
2024-10-23T11:51:34+07:00,39289,41,46,29.8,63
2024-10-23T11:51:56+07:00,39290,40,48,29.8,64
2024-10-23T11:52:19+07:00,39291,41,46,29.8,66
2024-10-23T11:52:43+07:00,39292,40,48,29.8,63
2024-10-23T11:53:06+07:00,39293,42,47,29.8,64
2024-10-23T11:53:29+07:00,39294,42,47,29.8,64
2024-10-23T11:53:55+07:00,39295,41,48,29.8,62
2024-10-23T11:54:18+07:00,39296,42,48,29.8,62
2024-10-23T11:54:41+07:00,39297,41,48,29.8,62
2024-10-23T11:55:10+07:00,39298,41,47,29.8,61
2024-10-23T11:55:33+07:00,39299,41,46,29.8,62
2024-10-23T11:55:55+07:00,39300,40,47,29.8,63
2024-10-23T11:56:18+07:00,39301,41,47,29.8,62
2024-10-23T11:56:40+07:00,39302,41,48,29.8,61
2024-10-23T11:57:02+07:00,39303,41,46,29.8,62
2024-10-23T11:57:25+07:00,39304,41,48,29.8,63
2024-10-23T11:57:47+07:00,39305,41,46,29.8,61
2024-10-23T11:58:10+07:00,39306,41,47,29.8,60
2024-10-23T11:58:33+07:00,39307,40,47,29.8,59
2024-10-23T11:58:55+07:00,39308,41,47,29.8,61
2024-10-23T11:59:19+07:00,39309,41,47,29.8,61
2024-10-23T11:59:41+07:00,39310,41,46,29.8,61
2024-10-23T12:00:05+07:00,39311,41,46,29.8,62
2024-10-23T12:00:27+07:00,39312,41,47,29.8,62
2024-10-23T12:00:53+07:00,39313,41,47,29.8,62
2024-10-23T12:01:16+07:00,39314,41,47,29.8,63
2024-10-23T12:01:38+07:00,39315,42,47,29.8,66
2024-10-23T12:02:02+07:00,39316,41,47,29.8,63
2024-10-23T12:02:25+07:00,39317,40,45,29.8,63
2024-10-23T12:02:48+07:00,39318,41,46,29.8,63
2024-10-23T12:03:10+07:00,39319,41,47,29.8,62
2024-10-23T12:03:33+07:00,39320,42,47,29.8,61
2024-10-23T12:03:56+07:00,39321,41,46,29.8,62
2024-10-23T12:04:19+07:00,39322,40,47,29.8,62
2024-10-23T12:04:42+07:00,39323,40,46,29.8,63
2024-10-23T12:05:05+07:00,39324,41,45,29.8,62
2024-10-23T12:05:28+07:00,39325,41,48,29.8,61
2024-10-23T12:05:51+07:00,39326,41,47,29.8,62
2024-10-23T12:06:13+07:00,39327,42,46,29.8,61
2024-10-23T12:06:36+07:00,39328,41,46,29.8,60
2024-10-23T12:06:59+07:00,39329,40,47,29.8,61
2024-10-23T12:07:22+07:00,39330,41,47,29.8,61
2024-10-23T12:07:44+07:00,39331,41,46,29.8,60
2024-10-23T12:08:07+07:00,39332,40,48,29.8,59
2024-10-23T12:08:29+07:00,39333,41,46,29.8,60
2024-10-23T12:08:51+07:00,39334,41,45,29.8,62
2024-10-23T12:09:14+07:00,39335,40,45,29.8,61
2024-10-23T12:09:36+07:00,39336,40,47,29.8,63
2024-10-23T12:09:58+07:00,39337,41,45,29.8,64
2024-10-23T12:10:21+07:00,39338,40,46,29.8,62
2024-10-23T12:10:44+07:00,39339,40,46,29.8,62
2024-10-23T12:11:06+07:00,39340,41,48,29.8,62
2024-10-23T12:11:29+07:00,39341,41,46,29.8,62
2024-10-23T12:11:51+07:00,39342,41,46,29.8,61
2024-10-23T12:12:14+07:00,39343,41,46,29.8,59
2024-10-23T12:12:36+07:00,39344,40,46,29.8,59
2024-10-23T12:12:59+07:00,39345,41,46,29.8,60
2024-10-23T12:13:21+07:00,39346,40,47,29.8,60
2024-10-23T12:13:43+07:00,39347,40,49,29.8,60
2024-10-23T12:14:06+07:00,39348,40,45,29.8,62
2024-10-23T12:14:28+07:00,39349,40,47,29.8,63
2024-10-23T12:14:51+07:00,39350,40,46,29.8,62
2024-10-23T12:15:13+07:00,39351,40,46,29.8,60
2024-10-23T12:15:36+07:00,39352,40,46,29.8,61
2024-10-23T12:15:59+07:00,39353,41,47,29.8,61
2024-10-23T12:16:21+07:00,39354,41,46,29.8,59
2024-10-23T12:16:45+07:00,39355,40,45,29.8,59
2024-10-23T12:17:07+07:00,39356,40,47,29.8,60
2024-10-23T12:17:30+07:00,39357,41,45,29.8,59
2024-10-23T12:17:53+07:00,39358,40,46,29.7,59
2024-10-23T12:18:16+07:00,39359,40,46,29.4,60
2024-10-23T12:18:43+07:00,39360,41,47,29.4,61
2024-10-23T12:19:05+07:00,39361,41,47,29.3,60
2024-10-23T12:19:28+07:00,39362,40,47,29.3,59
2024-10-23T12:19:51+07:00,39363,42,46,29.3,59
2024-10-23T12:20:13+07:00,39364,41,45,29.4,61
2024-10-23T12:20:36+07:00,39365,41,47,29.4,61
2024-10-23T12:20:58+07:00,39366,40,46,29.3,60
2024-10-23T12:21:21+07:00,39367,41,44,29.4,60
2024-10-23T12:21:44+07:00,39368,41,47,29.4,59
2024-10-23T12:21:59+07:00,39369,41,46,29.4,59
2024-10-23T12:22:23+07:00,39370,40,46,29.4,58
2024-10-23T12:22:48+07:00,39371,40,46,29.4,59
2024-10-23T12:23:11+07:00,39372,41,45,29.4,59
2024-10-23T12:24:01+07:00,39373,40,45,29.4,60
2024-10-23T12:24:24+07:00,39374,40,47,29.3,58
2024-10-23T12:24:51+07:00,39375,41,46,29.3,59
2024-10-23T12:25:19+07:00,39376,40,45,29.3,59
2024-10-23T12:25:42+07:00,39377,40,47,29.3,59
2024-10-23T12:26:08+07:00,39378,40,46,29.3,58
2024-10-23T12:26:37+07:00,39379,40,45,29.3,59
2024-10-23T12:27:00+07:00,39380,41,47,29.3,59
2024-10-23T12:27:24+07:00,39381,40,46,29.3,59
2024-10-23T12:27:47+07:00,39382,40,46,29.3,58
2024-10-23T12:28:10+07:00,39383,40,46,29.3,60
2024-10-23T12:28:33+07:00,39384,41,47,29.3,59
2024-10-23T12:28:57+07:00,39385,39,44,29.3,58
2024-10-23T12:29:19+07:00,39386,41,46,29.3,58
2024-10-23T12:29:43+07:00,39387,40,45,29.3,58
2024-10-23T12:30:09+07:00,39388,41,47,29.3,58
2024-10-23T12:30:52+07:00,39389,40,43,29.3,59
2024-10-23T12:31:15+07:00,39390,41,47,29.3,60
2024-10-23T12:31:37+07:00,39391,40,46,29.3,59
2024-10-23T12:32:01+07:00,39392,40,46,29.3,60
2024-10-23T12:32:27+07:00,39393,41,45,29.3,61
2024-10-23T12:32:52+07:00,39394,41,45,29.3,61
2024-10-23T12:33:19+07:00,39395,40,45,29.3,62
2024-10-23T12:33:42+07:00,39396,41,46,29.3,62
2024-10-23T12:34:07+07:00,39397,41,44,29.3,62
2024-10-23T12:34:50+07:00,39398,40,46,29.3,61
2024-10-23T12:35:13+07:00,39399,39,43,29.3,61
2024-10-23T12:35:36+07:00,39400,41,47,29.3,61
2024-10-23T12:36:00+07:00,39401,40,46,29.3,61
2024-10-23T12:36:24+07:00,39402,41,45,29.3,61
2024-10-23T12:36:48+07:00,39403,41,47,29.3,61
2024-10-23T12:37:13+07:00,39404,39,45,29.4,61
2024-10-23T12:38:04+07:00,39405,41,44,29.3,61
2024-10-23T12:38:27+07:00,39406,40,45,29.4,60
2024-10-23T12:38:50+07:00,39407,42,46,29.3,59
2024-10-23T12:39:14+07:00,39408,41,46,29.3,60
2024-10-23T12:39:37+07:00,39409,40,47,29.3,59
2024-10-23T12:40:16+07:00,39410,40,44,29.3,59
2024-10-23T12:40:39+07:00,39411,41,44,29.3,60
2024-10-23T12:41:02+07:00,39412,38,43,29.3,60
2024-10-23T12:41:25+07:00,39413,40,46,29.3,60
2024-10-23T12:41:50+07:00,39414,40,45,29.3,60
2024-10-23T12:42:41+07:00,39415,40,93,nan,nan
2024-10-23T12:43:04+07:00,39416,41,56,29.3,61
2024-10-23T12:43:28+07:00,39417,40,49,29.3,61
2024-10-23T12:43:52+07:00,39418,41,47,29.3,60
2024-10-23T12:44:15+07:00,39419,40,49,29.3,60
2024-10-23T12:44:38+07:00,39420,41,49,29.3,60
2024-10-23T12:45:02+07:00,39421,40,47,29.3,61
2024-10-23T12:45:26+07:00,39422,40,47,29.3,61
2024-10-23T12:45:49+07:00,39423,40,46,29.3,61
2024-10-23T12:46:12+07:00,39424,40,47,29.3,61
2024-10-23T12:46:35+07:00,39425,40,47,29.3,62
2024-10-23T12:46:59+07:00,39426,41,45,29.3,61
2024-10-23T12:47:21+07:00,39427,40,46,29.3,62
2024-10-23T12:47:44+07:00,39428,39,46,29.3,60
2024-10-23T12:48:08+07:00,39429,40,48,29.3,61
2024-10-23T12:48:31+07:00,39430,40,46,29.3,60
2024-10-23T12:48:46+07:00,39431,41,46,29.3,60
2024-10-23T12:49:10+07:00,39432,41,47,29.3,60
2024-10-23T12:49:33+07:00,39433,40,45,29.3,60
2024-10-23T12:49:56+07:00,39434,40,45,29.3,60
2024-10-23T12:50:19+07:00,39435,40,47,29.3,61
2024-10-23T12:50:42+07:00,39436,40,45,29.3,61
2024-10-23T12:51:05+07:00,39437,40,46,29.3,61
2024-10-23T12:51:28+07:00,39438,41,47,29.3,64
2024-10-23T12:51:52+07:00,39439,40,46,29.3,63
2024-10-23T12:52:15+07:00,39440,40,46,29.3,62
2024-10-23T12:52:38+07:00,39441,41,45,29.3,62
2024-10-23T12:53:01+07:00,39442,41,45,29.3,62
2024-10-23T12:53:24+07:00,39443,39,45,29.3,63
2024-10-23T12:53:47+07:00,39444,40,45,29.3,64
2024-10-23T12:54:09+07:00,39445,40,45,29.3,63
2024-10-23T12:54:32+07:00,39446,40,47,29.3,62
2024-10-23T12:54:56+07:00,39447,40,45,29.3,62
2024-10-23T12:55:18+07:00,39448,40,46,29.3,62
2024-10-23T12:55:41+07:00,39449,40,47,29.3,61
2024-10-23T12:56:03+07:00,39450,40,46,29.3,60
2024-10-23T12:56:26+07:00,39451,40,45,29.3,61
2024-10-23T12:56:49+07:00,39452,41,46,29.3,61
2024-10-23T12:57:11+07:00,39453,39,47,29.3,61
2024-10-23T12:57:33+07:00,39454,41,45,29.3,61
2024-10-23T12:57:56+07:00,39455,40,47,29.3,61
2024-10-23T12:58:18+07:00,39456,40,44,29.3,61
2024-10-23T12:58:40+07:00,39457,39,46,29.3,62
2024-10-23T12:59:03+07:00,39458,41,47,29.3,62
2024-10-23T12:59:25+07:00,39459,40,45,29.3,63
2024-10-23T12:59:48+07:00,39460,39,47,29.3,63
2024-10-23T13:00:11+07:00,39461,41,45,29.3,62
2024-10-23T13:00:33+07:00,39462,40,46,29.3,63
2024-10-23T13:00:57+07:00,39463,40,47,29.3,62
2024-10-23T13:01:20+07:00,39464,39,45,29.3,62
2024-10-23T13:01:42+07:00,39465,39,47,29.3,61
2024-10-23T13:02:05+07:00,39466,40,45,29.3,61
2024-10-23T13:02:28+07:00,39467,39,46,29.3,64
2024-10-23T13:02:50+07:00,39468,41,45,29.3,66
2024-10-23T13:03:13+07:00,39469,41,47,29,65
2024-10-23T13:03:35+07:00,39470,40,47,29,67
2024-10-23T13:03:57+07:00,39471,40,47,29,67
2024-10-23T13:04:20+07:00,39472,40,47,29,65
2024-10-23T13:04:42+07:00,39473,39,44,29.1,63
2024-10-23T13:05:04+07:00,39474,40,44,29.3,62
2024-10-23T13:05:27+07:00,39475,40,44,29.3,63
2024-10-23T13:05:50+07:00,39476,39,47,29.3,62
2024-10-23T13:06:13+07:00,39477,41,45,29.3,63
2024-10-23T13:06:35+07:00,39478,39,46,29.3,63
2024-10-23T13:06:59+07:00,39479,38,46,29.3,63
2024-10-23T13:07:21+07:00,39480,39,47,29.3,63
2024-10-23T13:07:44+07:00,39481,40,44,29.3,62
2024-10-23T13:08:06+07:00,39482,40,44,29.3,62
2024-10-23T13:08:29+07:00,39483,39,47,29.3,62
2024-10-23T13:08:51+07:00,39484,41,47,29.3,62
2024-10-23T13:09:14+07:00,39485,40,46,29.3,63
2024-10-23T13:09:36+07:00,39486,39,45,29.3,62
2024-10-23T13:09:59+07:00,39487,40,45,29.3,62
2024-10-23T13:10:21+07:00,39488,39,47,29.3,61
2024-10-23T13:10:44+07:00,39489,40,45,29.3,61
2024-10-23T13:11:06+07:00,39490,40,45,29.3,61
2024-10-23T13:11:29+07:00,39491,40,45,29.3,61
2024-10-23T13:11:52+07:00,39492,40,46,29.3,61
2024-10-23T13:12:14+07:00,39493,40,45,29.3,61
2024-10-23T13:12:38+07:00,39494,40,45,29.3,62
2024-10-23T13:13:01+07:00,39495,38,45,29.3,61
2024-10-23T13:13:30+07:00,39496,39,46,29.3,61
2024-10-23T13:13:56+07:00,39497,39,45,29.3,61
2024-10-23T13:14:19+07:00,39498,40,46,29.3,61
2024-10-23T13:14:42+07:00,39499,39,46,29.3,61
2024-10-23T13:15:05+07:00,39500,39,45,29.3,61
2024-10-23T13:15:28+07:00,39501,39,46,29.3,61
2024-10-23T13:15:51+07:00,39502,38,45,29.3,61
2024-10-23T13:16:14+07:00,39503,39,47,29.3,60
2024-10-23T13:16:36+07:00,39504,39,47,29.3,61
2024-10-23T13:16:59+07:00,39505,41,44,29.3,61
2024-10-23T13:17:21+07:00,39506,40,46,29.3,60
2024-10-23T13:17:45+07:00,39507,41,46,29.3,60
2024-10-23T13:18:07+07:00,39508,40,46,29.3,60
2024-10-23T13:18:30+07:00,39509,39,44,29.3,61
2024-10-23T13:18:53+07:00,39510,40,46,29.3,61
2024-10-23T13:19:16+07:00,39511,40,45,29.3,61
2024-10-23T13:19:40+07:00,39512,40,45,29.3,60
2024-10-23T13:20:03+07:00,39513,39,45,29.3,61
2024-10-23T13:20:25+07:00,39514,39,44,29.3,62
2024-10-23T13:20:48+07:00,39515,40,45,29.3,61
2024-10-23T13:21:12+07:00,39516,40,45,29.3,61
2024-10-23T13:21:35+07:00,39517,39,46,29.3,62
2024-10-23T13:21:59+07:00,39518,39,45,29.3,61
2024-10-23T13:22:22+07:00,39519,38,45,29.3,63
2024-10-23T13:22:45+07:00,39520,39,45,29.3,62
2024-10-23T13:23:09+07:00,39521,39,45,29.3,62
2024-10-23T13:23:32+07:00,39522,39,45,29.3,61
2024-10-23T13:23:56+07:00,39523,39,44,29.3,62
2024-10-23T13:24:19+07:00,39524,40,45,29.3,62
2024-10-23T13:24:44+07:00,39525,40,45,29.3,61
2024-10-23T13:25:10+07:00,39526,39,46,29.3,61
2024-10-23T13:25:32+07:00,39527,40,45,29.3,61
2024-10-23T13:25:56+07:00,39528,39,45,29.3,61
2024-10-23T13:26:23+07:00,39529,39,45,29.3,61
2024-10-23T13:26:45+07:00,39530,39,47,29.3,61
2024-10-23T13:27:08+07:00,39531,39,45,29.3,60
2024-10-23T13:27:30+07:00,39532,40,46,29.3,61
2024-10-23T13:27:55+07:00,39533,39,47,29.3,61
2024-10-23T13:28:18+07:00,39534,39,48,29.3,61
2024-10-23T13:28:41+07:00,39535,40,47,29.3,61
2024-10-23T13:29:04+07:00,39536,39,46,29.3,61
2024-10-23T13:29:31+07:00,39537,40,45,29.3,61
2024-10-23T13:29:54+07:00,39538,39,45,29.3,61
2024-10-23T13:30:18+07:00,39539,39,45,29.3,61
2024-10-23T13:30:47+07:00,39540,39,45,29.3,62
2024-10-23T13:31:10+07:00,39541,39,45,29.3,62
2024-10-23T13:31:52+07:00,39542,38,47,29.3,62
2024-10-23T13:32:31+07:00,39543,39,45,29.3,62
2024-10-23T13:32:56+07:00,39544,38,45,29.3,62
2024-10-23T13:33:19+07:00,39545,40,46,29.3,62
2024-10-23T13:33:42+07:00,39546,40,44,29.3,62
2024-10-23T13:34:05+07:00,39547,39,46,29.3,63
2024-10-23T13:34:28+07:00,39548,39,46,29.3,62
2024-10-23T13:34:50+07:00,39549,39,47,29.3,63
2024-10-23T13:35:13+07:00,39550,39,45,29.3,62
2024-10-23T13:35:36+07:00,39551,39,47,29.3,62
2024-10-23T13:35:59+07:00,39552,39,46,29.3,63
2024-10-23T13:36:21+07:00,39553,40,45,29.3,63
2024-10-23T13:36:44+07:00,39554,39,45,29.3,62
2024-10-23T13:37:07+07:00,39555,39,45,29.3,62
2024-10-23T13:37:30+07:00,39556,38,45,29.3,62
2024-10-23T13:37:53+07:00,39557,39,45,29.3,62
2024-10-23T13:38:16+07:00,39558,39,44,29.3,62
2024-10-23T13:38:38+07:00,39559,39,45,29,62
2024-10-23T13:39:01+07:00,39560,39,45,29,62
2024-10-23T13:39:24+07:00,39561,39,46,29,62
2024-10-23T13:39:46+07:00,39562,38,44,29,62
2024-10-23T13:40:09+07:00,39563,40,47,29.2,61
2024-10-23T13:40:32+07:00,39564,39,46,29,61
2024-10-23T13:40:55+07:00,39565,38,45,29,62
2024-10-23T13:41:18+07:00,39566,39,47,29,62
2024-10-23T13:41:40+07:00,39567,40,46,29,62
2024-10-23T13:42:03+07:00,39568,39,44,28.9,62
2024-10-23T13:42:26+07:00,39569,40,45,28.9,62
2024-10-23T13:42:49+07:00,39570,39,44,28.9,62
2024-10-23T13:43:12+07:00,39571,39,45,28.9,62
2024-10-23T13:43:36+07:00,39572,39,46,28.9,62
2024-10-23T13:43:58+07:00,39573,39,45,28.9,62
2024-10-23T13:44:20+07:00,39574,39,47,28.9,62
2024-10-23T13:44:43+07:00,39575,40,47,28.9,62
2024-10-23T13:45:06+07:00,39576,40,46,28.9,61
2024-10-23T13:45:29+07:00,39577,38,44,28.9,61
2024-10-23T13:45:51+07:00,39578,38,46,28.9,62
2024-10-23T13:46:14+07:00,39579,39,46,28.9,62
2024-10-23T13:46:37+07:00,39580,39,46,28.9,62
2024-10-23T13:47:00+07:00,39581,39,46,28.9,62
2024-10-23T13:47:22+07:00,39582,40,44,28.9,62
2024-10-23T13:47:45+07:00,39583,39,45,28.9,62
2024-10-23T13:48:08+07:00,39584,39,44,28.9,62
2024-10-23T13:48:31+07:00,39585,39,47,28.9,63
2024-10-23T13:48:54+07:00,39586,38,45,28.9,63
2024-10-23T13:49:17+07:00,39587,39,46,28.9,63
2024-10-23T13:49:40+07:00,39588,39,44,28.9,62
2024-10-23T13:50:04+07:00,39589,39,46,28.9,62
2024-10-23T13:50:26+07:00,39590,39,45,28.9,62
2024-10-23T13:50:49+07:00,39591,39,45,28.9,62
2024-10-23T13:51:11+07:00,39592,39,46,28.9,62
2024-10-23T13:51:34+07:00,39593,39,47,28.9,61
2024-10-23T13:51:58+07:00,39594,39,45,28.9,61
2024-10-23T13:52:21+07:00,39595,39,44,28.9,62
2024-10-23T13:52:43+07:00,39596,39,46,28.9,62
2024-10-23T13:53:06+07:00,39597,40,45,29,62
2024-10-23T13:53:28+07:00,39598,39,47,29,62
2024-10-23T13:53:52+07:00,39599,39,45,28.9,63
2024-10-23T13:54:14+07:00,39600,40,44,29,62
2024-10-23T13:54:37+07:00,39601,39,45,28.9,62
2024-10-23T13:55:00+07:00,39602,40,46,28.9,63
2024-10-23T13:55:23+07:00,39603,39,44,29,63
2024-10-23T13:55:46+07:00,39604,39,46,28.9,63
2024-10-23T13:56:10+07:00,39605,38,45,28.9,63
2024-10-23T13:56:33+07:00,39606,39,46,28.9,62
2024-10-23T13:56:56+07:00,39607,38,47,28.9,63
2024-10-23T13:57:18+07:00,39608,39,45,28.9,63
2024-10-23T13:57:41+07:00,39609,39,47,28.9,62
2024-10-23T13:58:04+07:00,39610,39,44,28.9,62
2024-10-23T13:58:30+07:00,39611,38,46,28.9,62
2024-10-23T13:58:53+07:00,39612,39,47,28.9,63
2024-10-23T13:59:15+07:00,39613,39,46,28.9,63
2024-10-23T13:59:38+07:00,39614,39,45,28.9,62
2024-10-23T14:00:01+07:00,39615,39,44,28.9,61
2024-10-23T14:00:24+07:00,39616,39,44,28.9,62
2024-10-23T14:00:47+07:00,39617,38,46,28.9,63
2024-10-23T14:01:09+07:00,39618,39,46,28.9,62
2024-10-23T14:01:33+07:00,39619,39,48,29,62
2024-10-23T14:01:56+07:00,39620,39,45,28.9,62
2024-10-23T14:02:19+07:00,39621,39,44,29.3,62
2024-10-23T14:02:42+07:00,39622,39,45,29.3,62
2024-10-23T14:03:05+07:00,39623,38,45,29.3,62
2024-10-23T14:03:28+07:00,39624,39,46,29.3,63
2024-10-23T14:03:51+07:00,39625,38,45,29.3,62
2024-10-23T14:04:14+07:00,39626,38,46,29.3,62
2024-10-23T14:04:37+07:00,39627,37,45,29.3,63
2024-10-23T14:05:00+07:00,39628,39,45,29.3,63
2024-10-23T14:05:25+07:00,39629,38,47,29.3,65
2024-10-23T14:05:48+07:00,39630,39,44,29.3,64
2024-10-23T14:06:11+07:00,39631,38,45,29.3,64
2024-10-23T14:06:34+07:00,39632,37,44,29.3,64
2024-10-23T14:06:57+07:00,39633,39,44,29.3,63
2024-10-23T14:07:21+07:00,39634,38,45,29,63
2024-10-23T14:07:43+07:00,39635,38,46,29,63
2024-10-23T14:08:06+07:00,39636,39,44,28.9,64
2024-10-23T14:08:29+07:00,39637,38,45,28.9,63
2024-10-23T14:08:52+07:00,39638,39,45,28.9,63
2024-10-23T14:09:15+07:00,39639,38,45,28.9,63
2024-10-23T14:09:38+07:00,39640,38,47,28.9,62
2024-10-23T14:10:01+07:00,39641,39,47,29,62
2024-10-23T14:10:24+07:00,39642,39,47,28.9,62
2024-10-23T14:10:48+07:00,39643,39,46,28.9,62
2024-10-23T14:11:10+07:00,39644,37,45,29,61
2024-10-23T14:11:33+07:00,39645,39,46,29,62
2024-10-23T14:11:56+07:00,39646,38,45,28.9,63
2024-10-23T14:12:18+07:00,39647,39,46,28.9,62
2024-10-23T14:12:41+07:00,39648,39,45,28.9,62
2024-10-23T14:13:04+07:00,39649,39,44,28.9,62
2024-10-23T14:13:27+07:00,39650,38,44,28.9,63
2024-10-23T14:13:49+07:00,39651,37,44,28.9,63
2024-10-23T14:14:14+07:00,39652,38,46,28.9,63
2024-10-23T14:14:38+07:00,39653,38,47,28.9,63
2024-10-23T14:15:03+07:00,39654,38,46,28.9,63
2024-10-23T14:15:25+07:00,39655,38,44,28.9,62
2024-10-23T14:15:49+07:00,39656,38,47,28.9,62
2024-10-23T14:16:11+07:00,39657,38,46,28.9,62
2024-10-23T14:16:34+07:00,39658,37,46,28.9,63
2024-10-23T14:16:58+07:00,39659,38,46,28.9,63
2024-10-23T14:17:23+07:00,39660,37,46,28.9,62
2024-10-23T14:17:46+07:00,39661,39,45,28.9,63
2024-10-23T14:18:09+07:00,39662,37,45,28.9,63
2024-10-23T14:18:33+07:00,39663,39,46,28.9,62
2024-10-23T14:18:56+07:00,39664,39,47,28.9,62
2024-10-23T14:19:19+07:00,39665,39,46,28.9,62
2024-10-23T14:19:42+07:00,39666,38,48,28.9,62
2024-10-23T14:20:06+07:00,39667,37,46,28.5,63
2024-10-23T14:20:34+07:00,39668,39,45,28.5,62
2024-10-23T14:20:56+07:00,39669,39,46,28.5,63
2024-10-23T14:21:19+07:00,39670,38,47,28.5,63
2024-10-23T14:21:42+07:00,39671,37,44,28.5,63
2024-10-23T14:22:09+07:00,39672,38,46,28.5,63
2024-10-23T14:22:35+07:00,39673,38,46,28.5,63
2024-10-23T14:23:00+07:00,39674,37,44,28.5,62
2024-10-23T14:23:27+07:00,39675,38,46,28.9,62
2024-10-23T14:24:04+07:00,39676,38,44,28.9,63
2024-10-23T14:24:28+07:00,39677,39,45,28.9,62
2024-10-23T14:24:44+07:00,39678,38,46,28.9,62
2024-10-23T14:25:23+07:00,39679,38,46,28.9,63
2024-10-23T14:25:48+07:00,39680,38,45,28.9,64
2024-10-23T14:26:15+07:00,39681,39,47,28.9,64
2024-10-23T14:26:31+07:00,39682,38,45,28.9,65
2024-10-23T14:26:53+07:00,39683,38,46,28.9,66
2024-10-23T14:27:17+07:00,39684,39,44,28.9,64
2024-10-23T14:27:41+07:00,39685,37,45,28.9,65
2024-10-23T14:28:04+07:00,39686,38,46,28.9,64
2024-10-23T14:28:28+07:00,39687,39,45,28.9,66
2024-10-23T14:28:51+07:00,39688,38,44,28.9,66
2024-10-23T14:29:13+07:00,39689,37,47,28.9,67
2024-10-23T14:29:37+07:00,39690,39,46,28.9,68
2024-10-23T14:30:00+07:00,39691,39,45,28.9,68
2024-10-23T14:30:24+07:00,39692,39,45,28.5,69
2024-10-23T14:30:47+07:00,39693,38,45,28.5,66
2024-10-23T14:31:10+07:00,39694,39,45,28.5,63
2024-10-23T14:31:34+07:00,39695,37,44,28.5,62
2024-10-23T14:31:58+07:00,39696,39,47,28.1,62
2024-10-23T14:32:22+07:00,39697,38,46,28,62
2024-10-23T14:32:47+07:00,39698,39,45,28,63
2024-10-23T14:33:10+07:00,39699,39,44,28,65
2024-10-23T14:33:34+07:00,39700,39,44,28,66
2024-10-23T14:33:57+07:00,39701,39,45,27.6,69
2024-10-23T14:34:20+07:00,39702,38,44,27.6,69
2024-10-23T14:34:43+07:00,39703,39,45,27.6,70
2024-10-23T14:35:06+07:00,39704,39,46,27.6,70
2024-10-23T14:35:29+07:00,39705,38,47,27.6,71
2024-10-23T14:35:53+07:00,39706,39,45,27.6,71
2024-10-23T14:36:15+07:00,39707,38,47,27.6,71
2024-10-23T14:36:38+07:00,39708,39,45,27.6,72
2024-10-23T14:37:01+07:00,39709,38,45,27.6,72
2024-10-23T14:37:25+07:00,39710,40,47,27.6,72
2024-10-23T14:37:48+07:00,39711,39,47,27.6,72
2024-10-23T14:38:11+07:00,39712,40,44,27.5,72
2024-10-23T14:38:35+07:00,39713,39,45,27.2,73
2024-10-23T14:38:58+07:00,39714,38,45,27.1,73
2024-10-23T14:39:22+07:00,39715,37,45,27.1,73
2024-10-23T14:39:45+07:00,39716,39,47,27.1,73
2024-10-23T14:40:08+07:00,39717,39,45,27.1,73
2024-10-23T14:40:31+07:00,39718,39,46,27.1,73
2024-10-23T14:40:54+07:00,39719,39,45,27.1,73
2024-10-23T14:41:16+07:00,39720,38,45,27.1,73
2024-10-23T14:41:44+07:00,39721,39,46,27.1,73
2024-10-23T14:42:07+07:00,39722,39,46,27.1,73
2024-10-23T14:42:30+07:00,39723,38,46,27.1,73
2024-10-23T14:42:53+07:00,39724,39,45,27.1,73
2024-10-23T14:43:15+07:00,39725,38,45,27.1,73
2024-10-23T14:43:39+07:00,39726,39,46,26.7,73
2024-10-23T14:44:02+07:00,39727,38,46,26.7,73
2024-10-23T14:44:25+07:00,39728,37,46,26.7,73
2024-10-23T14:44:48+07:00,39729,39,46,26.7,73
2024-10-23T14:45:11+07:00,39730,39,45,26.7,72
2024-10-23T14:45:34+07:00,39731,39,45,26.7,72
2024-10-23T14:45:57+07:00,39732,39,45,26.7,72
2024-10-23T14:46:20+07:00,39733,39,44,26.7,73
2024-10-23T14:46:43+07:00,39734,39,46,26.7,73
2024-10-23T14:47:06+07:00,39735,39,45,26.7,73
2024-10-23T14:47:29+07:00,39736,39,45,26.7,73
2024-10-23T14:47:52+07:00,39737,39,46,26.7,73
2024-10-23T14:48:15+07:00,39738,39,45,26.3,74
2024-10-23T14:48:37+07:00,39739,39,45,26.2,75
2024-10-23T14:49:01+07:00,39740,38,44,26.2,75
2024-10-23T14:49:23+07:00,39741,39,46,26.2,76
2024-10-23T14:49:47+07:00,39742,39,45,26.2,77
2024-10-23T14:50:10+07:00,39743,39,46,26.2,77
2024-10-23T14:50:34+07:00,39744,39,45,26.2,77
2024-10-23T14:50:56+07:00,39745,38,44,25.8,77
2024-10-23T14:51:20+07:00,39746,39,45,25.8,77
2024-10-23T14:51:43+07:00,39747,39,44,25.8,77
2024-10-23T14:52:06+07:00,39748,39,47,25.8,76
2024-10-23T14:52:29+07:00,39749,39,46,25.8,75
2024-10-23T14:52:52+07:00,39750,39,44,25.8,74
2024-10-23T14:53:15+07:00,39751,39,47,26.2,73
2024-10-23T14:53:39+07:00,39752,39,45,26.2,73
2024-10-23T14:54:02+07:00,39753,38,44,26.2,73
2024-10-23T14:54:26+07:00,39754,39,44,26.2,72
2024-10-23T14:54:49+07:00,39755,38,45,26.2,72
2024-10-23T14:55:12+07:00,39756,38,46,26.2,71
2024-10-23T14:55:35+07:00,39757,39,45,26.2,71
2024-10-23T14:55:59+07:00,39758,39,44,26.2,70
2024-10-23T14:56:22+07:00,39759,39,45,26.2,70
2024-10-23T14:56:45+07:00,39760,39,46,26.2,69
2024-10-23T14:57:08+07:00,39761,39,44,26.3,69
2024-10-23T14:57:30+07:00,39762,38,45,26.3,69
2024-10-23T14:57:53+07:00,39763,39,45,26.7,69
2024-10-23T14:58:16+07:00,39764,38,44,26.7,69
2024-10-23T14:58:39+07:00,39765,39,45,26.7,69
2024-10-23T14:59:02+07:00,39766,38,45,26.7,69
2024-10-23T14:59:25+07:00,39767,39,45,26.7,69
2024-10-23T14:59:48+07:00,39768,39,44,26.7,69
2024-10-23T15:00:11+07:00,39769,38,45,26.7,69
2024-10-23T15:00:34+07:00,39770,38,44,26.7,69
2024-10-23T15:00:57+07:00,39771,38,43,26.7,69
2024-10-23T15:01:20+07:00,39772,38,45,26.7,69
2024-10-23T15:01:44+07:00,39773,39,46,26.7,69
2024-10-23T15:02:07+07:00,39774,38,45,26.7,70
2024-10-23T15:02:30+07:00,39775,39,45,26.7,70
2024-10-23T15:02:53+07:00,39776,37,44,26.7,71
2024-10-23T15:03:15+07:00,39777,38,46,26.7,71
2024-10-23T15:03:39+07:00,39778,39,45,26.7,71
2024-10-23T15:04:03+07:00,39779,40,44,26.7,71
2024-10-23T15:04:25+07:00,39780,38,46,26.7,72
2024-10-23T15:04:48+07:00,39781,39,46,26.7,72
2024-10-23T15:05:11+07:00,39782,39,45,26.7,71
2024-10-23T15:05:38+07:00,39783,38,45,26.7,71
2024-10-23T15:06:05+07:00,39784,37,44,26.7,70
2024-10-23T15:06:27+07:00,39785,39,45,26.7,70
2024-10-23T15:06:51+07:00,39786,38,46,26.7,69
2024-10-23T15:07:14+07:00,39787,38,45,26.7,69
2024-10-23T15:07:37+07:00,39788,38,46,26.7,69
2024-10-23T15:08:00+07:00,39789,39,46,26.7,69
2024-10-23T15:08:23+07:00,39790,38,44,26.7,69
2024-10-23T15:08:47+07:00,39791,38,44,26.7,69
2024-10-23T15:09:10+07:00,39792,38,44,26.7,69
2024-10-23T15:09:33+07:00,39793,38,45,26.7,69
2024-10-23T15:09:56+07:00,39794,38,47,26.7,69
2024-10-23T15:10:19+07:00,39795,39,45,26.7,69
2024-10-23T15:10:43+07:00,39796,38,44,26.7,70
2024-10-23T15:11:05+07:00,39797,39,44,26.7,70
2024-10-23T15:11:28+07:00,39798,38,44,26.7,71
2024-10-23T15:11:51+07:00,39799,38,44,26.7,71
2024-10-23T15:12:14+07:00,39800,38,46,26.7,72
2024-10-23T15:12:37+07:00,39801,39,46,26.7,72
2024-10-23T15:13:00+07:00,39802,38,45,26.5,72
2024-10-23T15:13:23+07:00,39803,37,44,26.6,73
2024-10-23T15:13:46+07:00,39804,39,46,26.7,73
2024-10-23T15:14:09+07:00,39805,39,45,26.7,73
2024-10-23T15:14:32+07:00,39806,38,45,26.7,73
2024-10-23T15:14:58+07:00,39807,39,45,26.7,73
2024-10-23T15:15:21+07:00,39808,39,45,26.7,73
2024-10-23T15:15:45+07:00,39809,38,45,26.7,73
2024-10-23T15:16:08+07:00,39810,38,46,26.7,73
2024-10-23T15:16:32+07:00,39811,39,45,26.7,74
2024-10-23T15:16:54+07:00,39812,39,44,26.7,74
2024-10-23T15:17:18+07:00,39813,38,45,26.7,74
2024-10-23T15:17:41+07:00,39814,39,45,26.7,74
2024-10-23T15:18:04+07:00,39815,39,46,26.7,74
2024-10-23T15:18:22+07:00,39816,37,45,26.7,74
2024-10-23T15:18:47+07:00,39817,38,46,26.7,73
2024-10-23T15:19:11+07:00,39818,39,46,26.7,73
2024-10-23T15:19:34+07:00,39819,37,46,26.7,73
2024-10-23T15:19:57+07:00,39820,38,43,26.7,73
2024-10-23T15:20:20+07:00,39821,38,45,26.7,73
2024-10-23T15:20:45+07:00,39822,38,44,26.7,73
2024-10-23T15:21:08+07:00,39823,39,45,26.7,73
2024-10-23T15:21:31+07:00,39824,38,45,26.7,74
2024-10-23T15:21:55+07:00,39825,37,46,26.7,74
2024-10-23T15:22:18+07:00,39826,37,45,26.7,75
2024-10-23T15:22:42+07:00,39827,38,44,26.7,75
2024-10-23T15:23:05+07:00,39828,38,46,26.7,76
2024-10-23T15:23:28+07:00,39829,38,44,26.7,76
2024-10-23T15:23:51+07:00,39830,38,45,26.7,76
2024-10-23T15:24:14+07:00,39831,37,45,26.7,76
2024-10-23T15:24:36+07:00,39832,38,44,26.7,76
2024-10-23T15:24:59+07:00,39833,37,44,26.7,77
2024-10-23T15:25:23+07:00,39834,37,45,26.7,77
2024-10-23T15:25:46+07:00,39835,37,44,26.7,77
2024-10-23T15:26:10+07:00,39836,37,46,26.7,77
2024-10-23T15:26:34+07:00,39837,38,46,26.7,77
2024-10-23T15:26:57+07:00,39838,37,46,26.7,77
2024-10-23T15:27:21+07:00,39839,38,43,26.7,77
2024-10-23T15:27:44+07:00,39840,38,46,26.7,77
2024-10-23T15:28:07+07:00,39841,38,44,26.7,77
2024-10-23T15:28:30+07:00,39842,37,46,26.7,77
2024-10-23T15:28:54+07:00,39843,37,46,26.7,77
2024-10-23T15:29:17+07:00,39844,38,45,26.7,77
2024-10-23T15:29:41+07:00,39845,38,46,26.7,77
2024-10-23T15:30:04+07:00,39846,37,46,26.7,77
2024-10-23T15:30:27+07:00,39847,38,45,26.7,77
2024-10-23T15:30:50+07:00,39848,37,47,26.7,77
2024-10-23T15:31:13+07:00,39849,37,45,26.7,77
2024-10-23T15:31:36+07:00,39850,38,46,26.7,77
2024-10-23T15:31:59+07:00,39851,38,45,26.7,77
2024-10-23T15:32:22+07:00,39852,37,45,26.7,77
2024-10-23T15:32:45+07:00,39853,39,44,26.7,77
2024-10-23T15:33:10+07:00,39854,38,45,26.7,77
2024-10-23T15:33:32+07:00,39855,37,45,26.7,77
2024-10-23T15:33:56+07:00,39856,37,45,26.7,77
2024-10-23T15:34:24+07:00,39857,37,45,26.7,77
2024-10-23T15:35:01+07:00,39858,38,44,26.7,77
2024-10-23T15:35:24+07:00,39859,38,45,26.7,77
2024-10-23T15:35:47+07:00,39860,37,46,26.7,77
2024-10-23T15:36:13+07:00,39861,38,46,26.7,77
2024-10-23T15:36:36+07:00,39862,38,45,26.7,76
2024-10-23T15:37:00+07:00,39863,39,44,26.7,76
2024-10-23T15:37:23+07:00,39864,39,45,26.7,76
2024-10-23T15:37:45+07:00,39865,37,45,26.7,75
2024-10-23T15:38:10+07:00,39866,37,45,26.7,75
2024-10-23T15:38:33+07:00,39867,37,46,26.7,75
2024-10-23T15:38:56+07:00,39868,39,43,26.9,75
2024-10-23T15:39:19+07:00,39869,37,45,27.1,75
2024-10-23T15:39:42+07:00,39870,36,45,27.1,74
2024-10-23T15:40:05+07:00,39871,37,46,27.1,75
2024-10-23T15:40:28+07:00,39872,37,45,27.1,75
2024-10-23T15:40:50+07:00,39873,39,45,27.1,75
2024-10-23T15:41:14+07:00,39874,39,45,27.1,74
2024-10-23T15:41:37+07:00,39875,37,46,27.1,74
2024-10-23T15:42:00+07:00,39876,38,44,27.1,74
2024-10-23T15:42:23+07:00,39877,37,47,27.1,74
2024-10-23T15:42:47+07:00,39878,37,45,27.1,74
2024-10-23T15:43:11+07:00,39879,37,45,27.1,74
2024-10-23T15:43:34+07:00,39880,39,47,27.1,75
2024-10-23T15:43:59+07:00,39881,37,45,27.1,74
2024-10-23T15:44:23+07:00,39882,38,45,27,74
2024-10-23T15:44:46+07:00,39883,38,46,26.7,74
2024-10-23T15:45:09+07:00,39884,37,45,26.7,74
2024-10-23T15:45:33+07:00,39885,37,46,26.7,74
2024-10-23T15:45:55+07:00,39886,37,45,26.7,74
2024-10-23T15:46:18+07:00,39887,38,46,26.7,74
2024-10-23T15:46:34+07:00,39888,38,46,26.7,74
2024-10-23T15:46:57+07:00,39889,38,45,26.7,74
2024-10-23T15:47:21+07:00,39890,37,46,26.7,74
2024-10-23T15:47:45+07:00,39891,37,46,26.7,74
2024-10-23T15:48:10+07:00,39892,37,46,26.7,73
2024-10-23T15:48:38+07:00,39893,37,45,26.7,73
2024-10-23T15:49:01+07:00,39894,37,45,26.7,73
2024-10-23T15:49:36+07:00,39895,37,100,26.7,73
2024-10-23T15:49:59+07:00,39896,37,64,26.7,73
2024-10-23T15:50:37+07:00,39897,37,50,26.7,73
2024-10-23T15:51:00+07:00,39898,38,49,26.7,73
2024-10-23T15:51:24+07:00,39899,37,48,26.7,73
2024-10-23T15:51:47+07:00,39900,39,47,26.7,73
2024-10-23T15:52:10+07:00,39901,38,47,26.7,73
2024-10-23T15:52:33+07:00,39902,38,47,26.7,73
2024-10-23T15:52:56+07:00,39903,37,47,26.7,73
2024-10-23T15:53:18+07:00,39904,37,48,26.7,73
2024-10-23T15:53:41+07:00,39905,36,48,26.7,73
2024-10-23T15:54:04+07:00,39906,38,47,26.7,73
2024-10-23T15:54:27+07:00,39907,37,46,26.7,73
2024-10-23T15:54:50+07:00,39908,37,49,26.7,73
2024-10-23T15:55:13+07:00,39909,38,46,26.7,73
2024-10-23T15:55:36+07:00,39910,38,47,26.7,73
2024-10-23T15:55:59+07:00,39911,38,48,26.7,73
2024-10-23T15:56:22+07:00,39912,37,47,26.7,73
2024-10-23T15:56:45+07:00,39913,37,47,26.7,73
2024-10-23T15:57:08+07:00,39914,38,46,26.7,73
2024-10-23T15:57:31+07:00,39915,38,47,26.7,73
2024-10-23T15:57:54+07:00,39916,37,48,26.7,73
2024-10-23T15:58:17+07:00,39917,37,45,26.7,74
2024-10-23T15:58:39+07:00,39918,37,46,26.7,73
2024-10-23T15:59:03+07:00,39919,37,48,26.7,73
2024-10-23T15:59:25+07:00,39920,38,46,26.7,73
2024-10-23T15:59:48+07:00,39921,37,47,26.7,73
2024-10-23T16:00:24+07:00,39922,37,47,26.7,73
2024-10-23T16:00:47+07:00,39923,37,45,26.7,73
2024-10-23T16:01:10+07:00,39924,38,47,26.7,73
2024-10-23T16:01:32+07:00,39925,37,46,26.7,73
2024-10-23T16:01:56+07:00,39926,37,45,26.7,73
2024-10-23T16:02:19+07:00,39927,36,47,26.7,73
2024-10-23T16:02:41+07:00,39928,37,46,26.7,73
2024-10-23T16:03:04+07:00,39929,38,47,26.7,73
2024-10-23T16:03:27+07:00,39930,38,46,26.7,73
2024-10-23T16:03:51+07:00,39931,37,45,26.7,73
2024-10-23T16:04:13+07:00,39932,37,47,26.7,73
2024-10-23T16:04:36+07:00,39933,37,46,26.7,73
2024-10-23T16:04:58+07:00,39934,38,46,26.7,73
2024-10-23T16:05:21+07:00,39935,36,45,26.7,73
2024-10-23T16:05:44+07:00,39936,37,47,26.7,73
2024-10-23T16:06:06+07:00,39937,37,45,26.7,73
2024-10-23T16:06:29+07:00,39938,37,46,26.7,73
2024-10-23T16:06:53+07:00,39939,38,46,26.7,74
2024-10-23T16:07:16+07:00,39940,37,45,26.7,74
2024-10-23T16:07:39+07:00,39941,37,47,26.7,74
2024-10-23T16:08:02+07:00,39942,37,45,26.7,74
2024-10-23T16:08:24+07:00,39943,38,47,26.7,73
2024-10-23T16:08:47+07:00,39944,36,45,26.7,74
2024-10-23T16:09:10+07:00,39945,37,47,26.7,74
2024-10-23T16:09:32+07:00,39946,37,48,26.7,74
2024-10-23T16:09:56+07:00,39947,38,47,26.7,74
2024-10-23T16:10:18+07:00,39948,37,46,26.7,73
2024-10-23T16:10:41+07:00,39949,37,46,26.7,73
2024-10-23T16:11:04+07:00,39950,37,44,26.7,73
2024-10-23T16:11:26+07:00,39951,37,47,26.7,73
2024-10-23T16:11:49+07:00,39952,37,47,26.7,73
2024-10-23T16:12:11+07:00,39953,37,46,26.7,73
2024-10-23T16:12:34+07:00,39954,37,46,26.7,73
2024-10-23T16:12:57+07:00,39955,37,46,26.7,73
2024-10-23T16:13:19+07:00,39956,37,47,26.7,73
2024-10-23T16:13:42+07:00,39957,38,45,26.7,73
2024-10-23T16:14:05+07:00,39958,37,46,26.7,73
2024-10-23T16:14:28+07:00,39959,37,45,26.7,73
2024-10-23T16:14:51+07:00,39960,36,45,26.7,73
2024-10-23T16:15:14+07:00,39961,37,45,26.7,74
2024-10-23T16:15:37+07:00,39962,38,46,26.7,74
2024-10-23T16:16:00+07:00,39963,36,47,26.7,75
2024-10-23T16:16:22+07:00,39964,37,46,26.7,75
2024-10-23T16:16:45+07:00,39965,37,45,26.7,75
2024-10-23T16:17:08+07:00,39966,38,45,26.7,75
2024-10-23T16:17:31+07:00,39967,38,46,26.7,75
2024-10-23T16:17:54+07:00,39968,37,45,26.7,76
2024-10-23T16:18:17+07:00,39969,38,47,26.7,76
2024-10-23T16:18:40+07:00,39970,38,46,26.7,76
2024-10-23T16:19:02+07:00,39971,37,46,26.7,76
2024-10-23T16:19:24+07:00,39972,38,46,26.7,76
2024-10-23T16:19:47+07:00,39973,37,46,26.7,76
2024-10-23T16:20:10+07:00,39974,37,46,26.7,76
2024-10-23T16:20:33+07:00,39975,37,45,26.7,77
2024-10-23T16:20:56+07:00,39976,37,44,26.7,77
2024-10-23T16:21:19+07:00,39977,37,47,26.7,77
2024-10-23T16:21:42+07:00,39978,38,46,26.7,77
2024-10-23T16:22:04+07:00,39979,37,45,26.7,77
2024-10-23T16:22:27+07:00,39980,37,45,26.7,77
2024-10-23T16:22:50+07:00,39981,36,46,26.7,77
2024-10-23T16:23:12+07:00,39982,37,47,26.7,77
2024-10-23T16:23:34+07:00,39983,37,46,26.7,77
2024-10-23T16:23:57+07:00,39984,37,47,26.7,76
2024-10-23T16:24:20+07:00,39985,38,46,26.7,76
2024-10-23T16:24:42+07:00,39986,38,45,26.7,77
2024-10-23T16:25:05+07:00,39987,38,46,26.7,77
2024-10-23T16:25:27+07:00,39988,37,45,26.7,77
2024-10-23T16:25:51+07:00,39989,37,47,26.7,76
2024-10-23T16:26:14+07:00,39990,37,45,26.7,76
2024-10-23T16:26:41+07:00,39991,37,47,26.7,76
2024-10-23T16:27:03+07:00,39992,36,45,26.7,76
2024-10-23T16:27:25+07:00,39993,37,45,26.7,76
2024-10-23T16:27:49+07:00,39994,36,44,26.7,76
2024-10-23T16:28:11+07:00,39995,37,45,26.7,76
2024-10-23T16:28:34+07:00,39996,37,47,26.7,77
2024-10-23T16:28:58+07:00,39997,38,45,26.7,77
2024-10-23T16:29:20+07:00,39998,38,44,26.7,77
2024-10-23T16:29:44+07:00,39999,38,45,26.7,77
2024-10-23T16:30:07+07:00,40000,37,45,26.7,77
2024-10-23T16:30:31+07:00,40001,37,44,26.7,77
2024-10-23T16:30:54+07:00,40002,38,46,26.8,77
2024-10-23T16:31:17+07:00,40003,37,45,26.9,77
2024-10-23T16:31:39+07:00,40004,37,47,27,77
2024-10-23T16:32:02+07:00,40005,37,45,27.1,77
2024-10-23T16:32:25+07:00,40006,36,46,27.1,77
2024-10-23T16:32:47+07:00,40007,37,45,27.1,77
2024-10-23T16:33:09+07:00,40008,38,46,27.1,77
2024-10-23T16:33:32+07:00,40009,36,46,27.1,77
2024-10-23T16:33:55+07:00,40010,37,45,27.1,77
2024-10-23T16:34:17+07:00,40011,37,45,27.1,77
2024-10-23T16:34:39+07:00,40012,36,45,27.1,77
2024-10-23T16:35:03+07:00,40013,37,45,27.1,77
2024-10-23T16:36:00+07:00,40014,36,43,27.1,77
2024-10-23T16:36:39+07:00,40015,37,44,27.1,77
2024-10-23T16:37:58+07:00,40016,37,44,27.1,78
2024-10-23T16:40:12+07:00,40017,37,45,27.1,77
2024-10-23T16:40:49+07:00,40018,37,45,27.1,77
2024-10-23T16:41:14+07:00,40019,38,44,27.1,77
2024-10-23T16:41:39+07:00,40020,36,43,27.1,77
2024-10-23T16:42:06+07:00,40021,38,45,27.1,77
2024-10-23T16:42:34+07:00,40022,38,45,27.1,77
2024-10-23T16:43:01+07:00,40023,37,45,27.1,77
2024-10-23T16:43:23+07:00,40024,37,47,27.1,77
2024-10-23T16:43:47+07:00,40025,37,44,27.1,77
2024-10-23T16:44:09+07:00,40026,38,45,27.1,77
2024-10-23T16:44:48+07:00,40027,37,47,27.1,76
2024-10-23T16:45:19+07:00,40028,38,45,27.1,76
2024-10-23T16:45:35+07:00,40029,37,46,27.1,76
2024-10-23T16:46:29+07:00,40030,37,45,27.1,76
2024-10-23T16:47:14+07:00,40031,37,44,27.1,77
2024-10-23T16:47:37+07:00,40032,37,46,27.1,77
2024-10-23T16:48:01+07:00,40033,38,45,27.1,77
2024-10-23T16:48:24+07:00,40034,37,45,27.1,77
2024-10-23T16:48:46+07:00,40035,36,46,27.1,77
2024-10-23T16:49:08+07:00,40036,37,45,27.1,77
2024-10-23T16:49:31+07:00,40037,37,44,27.1,77
2024-10-23T16:50:18+07:00,40038,37,46,27.1,76
2024-10-23T16:50:41+07:00,40039,37,45,27.1,76
2024-10-23T16:50:56+07:00,40040,36,44,27.1,76
2024-10-23T16:51:40+07:00,40041,37,43,27.1,77
2024-10-23T16:52:18+07:00,40042,38,46,27.1,77
2024-10-23T16:52:44+07:00,40043,38,44,27.1,77
2024-10-23T16:53:07+07:00,40044,37,45,27.1,77
2024-10-23T16:53:30+07:00,40045,37,45,27.1,78
2024-10-23T16:53:56+07:00,40046,37,46,27.1,79
2024-10-23T16:54:19+07:00,40047,36,45,27.1,79
2024-10-23T16:54:42+07:00,40048,38,45,27.1,79
2024-10-23T16:55:06+07:00,40049,36,45,27.1,79
2024-10-23T16:55:28+07:00,40050,37,46,27.1,80
2024-10-23T16:55:51+07:00,40051,36,45,27.1,80
2024-10-23T16:56:13+07:00,40052,36,46,27.1,80
2024-10-23T16:56:37+07:00,40053,38,44,27.1,80
2024-10-23T16:57:00+07:00,40054,37,45,27.1,80
2024-10-23T16:57:23+07:00,40055,37,43,27.1,80
2024-10-23T16:57:45+07:00,40056,38,45,27.1,80
2024-10-23T16:58:08+07:00,40057,38,45,27.1,80
2024-10-23T16:58:30+07:00,40058,37,45,27.1,81
2024-10-23T16:58:53+07:00,40059,38,44,27.1,81
2024-10-23T16:59:16+07:00,40060,37,45,27.1,81
2024-10-23T16:59:39+07:00,40061,33,46,27.1,81
2024-10-23T17:00:01+07:00,40062,36,45,27.1,81
2024-10-23T17:00:24+07:00,40063,37,44,27.1,81
2024-10-23T17:00:47+07:00,40064,37,46,27.1,81
2024-10-23T17:01:10+07:00,40065,38,44,27.1,81
2024-10-23T17:01:33+07:00,40066,38,44,27.1,81
2024-10-23T17:01:56+07:00,40067,37,45,27.1,81
2024-10-23T17:02:19+07:00,40068,37,46,27.1,81
2024-10-23T17:02:42+07:00,40069,37,45,27.1,81
2024-10-23T17:03:06+07:00,40070,37,45,27.1,81
2024-10-23T17:03:29+07:00,40071,36,45,26.9,82
2024-10-23T17:03:51+07:00,40072,37,45,26.7,82
2024-10-23T17:04:14+07:00,40073,37,47,26.7,82
2024-10-23T17:04:37+07:00,40074,37,44,26.7,83
2024-10-23T17:04:59+07:00,40075,36,45,26.7,83
2024-10-23T17:05:22+07:00,40076,37,45,26.7,83
2024-10-23T17:05:45+07:00,40077,37,47,26.7,83
2024-10-23T17:06:08+07:00,40078,36,44,26.7,84
2024-10-23T17:06:31+07:00,40079,38,45,26.7,84
2024-10-23T17:06:55+07:00,40080,37,46,26.7,84
2024-10-23T17:07:17+07:00,40081,36,45,26.7,84
2024-10-23T17:07:40+07:00,40082,37,46,26.7,84
2024-10-23T17:08:02+07:00,40083,38,46,26.7,84
2024-10-23T17:08:25+07:00,40084,37,45,26.7,84
2024-10-23T17:08:48+07:00,40085,38,45,26.7,85
2024-10-23T17:09:11+07:00,40086,37,45,26.7,85
2024-10-23T17:09:34+07:00,40087,36,45,26.7,85
2024-10-23T17:09:57+07:00,40088,37,45,26.7,85
2024-10-23T17:10:21+07:00,40089,37,45,26.7,85
2024-10-23T17:10:43+07:00,40090,36,45,26.7,85
2024-10-23T17:11:11+07:00,40091,37,44,26.7,85
2024-10-23T17:11:34+07:00,40092,37,44,26.7,85
2024-10-23T17:11:57+07:00,40093,37,44,26.7,85
2024-10-23T17:12:20+07:00,40094,37,45,26.7,85
2024-10-23T17:12:43+07:00,40095,36,43,26.7,85
2024-10-23T17:13:05+07:00,40096,38,44,26.7,85
2024-10-23T17:13:28+07:00,40097,38,45,26.7,85
2024-10-23T17:13:51+07:00,40098,37,44,26.7,85
2024-10-23T17:14:13+07:00,40099,38,44,26.7,85
2024-10-23T17:14:36+07:00,40100,38,45,26.7,85
2024-10-23T17:14:59+07:00,40101,37,46,26.7,85
2024-10-23T17:15:22+07:00,40102,37,45,26.7,86
2024-10-23T17:15:45+07:00,40103,38,44,26.7,86
2024-10-23T17:16:08+07:00,40104,37,43,26.7,86
2024-10-23T17:16:31+07:00,40105,36,45,26.7,86
2024-10-23T17:16:53+07:00,40106,37,44,26.7,86
2024-10-23T17:17:16+07:00,40107,37,45,26.7,86
2024-10-23T17:17:39+07:00,40108,37,44,26.7,86
2024-10-23T17:18:02+07:00,40109,39,45,26.7,86
2024-10-23T17:18:25+07:00,40110,37,46,26.7,86
2024-10-23T17:18:47+07:00,40111,36,44,26.7,86
2024-10-23T17:19:10+07:00,40112,37,46,26.7,86
2024-10-23T17:19:34+07:00,40113,37,43,26.7,86
2024-10-23T17:19:56+07:00,40114,38,44,26.7,86
2024-10-23T17:20:19+07:00,40115,36,44,26.7,87
2024-10-23T17:20:42+07:00,40116,37,45,26.7,87
2024-10-23T17:21:05+07:00,40117,37,45,26.7,87
2024-10-23T17:21:28+07:00,40118,37,45,26.7,87
2024-10-23T17:21:52+07:00,40119,37,45,26.7,87
2024-10-23T17:22:14+07:00,40120,36,45,26.7,87
2024-10-23T17:22:37+07:00,40121,37,45,26.7,87
2024-10-23T17:22:59+07:00,40122,38,45,26.7,87
2024-10-23T17:23:22+07:00,40123,38,43,26.7,86
2024-10-23T17:23:44+07:00,40124,37,44,26.7,86
2024-10-23T17:24:07+07:00,40125,37,45,26.7,86
2024-10-23T17:24:29+07:00,40126,37,44,26.7,86
2024-10-23T17:24:52+07:00,40127,37,45,26.7,86
2024-10-23T17:25:15+07:00,40128,38,46,26.7,86
2024-10-23T17:25:38+07:00,40129,37,46,26.7,86
2024-10-23T17:25:53+07:00,40130,37,45,26.3,86
2024-10-23T17:26:15+07:00,40131,37,43,26.2,86
2024-10-23T17:26:39+07:00,40132,36,43,26.3,86
2024-10-23T17:27:01+07:00,40133,38,43,26.2,86
2024-10-23T17:27:25+07:00,40134,37,44,26.2,86
2024-10-23T17:27:49+07:00,40135,37,45,26.2,86
2024-10-23T17:28:11+07:00,40136,36,42,26.2,86
2024-10-23T17:28:34+07:00,40137,36,46,26.2,85
2024-10-23T17:28:57+07:00,40138,37,45,26.2,85
2024-10-23T17:29:20+07:00,40139,37,43,26.2,85
2024-10-23T17:29:42+07:00,40140,36,47,26.2,85
2024-10-23T17:30:05+07:00,40141,36,43,26.2,85
2024-10-23T17:30:27+07:00,40142,37,43,26.2,85
2024-10-23T17:30:50+07:00,40143,37,44,26.2,85
2024-10-23T17:31:12+07:00,40144,37,44,26.2,85
2024-10-23T17:31:35+07:00,40145,38,44,26.2,85
2024-10-23T17:31:57+07:00,40146,38,47,26.2,85
2024-10-23T17:32:20+07:00,40147,37,43,26.2,86
2024-10-23T17:32:42+07:00,40148,37,43,26.2,86
2024-10-23T17:33:06+07:00,40149,37,45,26.2,86
2024-10-23T17:33:28+07:00,40150,37,47,26.2,86
2024-10-23T17:33:51+07:00,40151,36,43,26.2,86
2024-10-23T17:34:13+07:00,40152,38,45,26.2,86
2024-10-23T17:34:36+07:00,40153,37,45,26.2,86
2024-10-23T17:34:58+07:00,40154,36,45,26.2,86
2024-10-23T17:35:21+07:00,40155,37,43,26.2,86
2024-10-23T17:35:43+07:00,40156,37,46,26.2,86
2024-10-23T17:36:06+07:00,40157,36,44,26.2,87
2024-10-23T17:36:28+07:00,40158,38,47,26.2,87
2024-10-23T17:36:51+07:00,40159,38,45,26.2,87
2024-10-23T17:37:14+07:00,40160,37,44,26.2,87
2024-10-23T17:37:37+07:00,40161,37,45,26.2,87
2024-10-23T17:37:59+07:00,40162,37,43,26.2,87
2024-10-23T17:38:22+07:00,40163,36,45,26.2,87
2024-10-23T17:38:44+07:00,40164,37,44,26.2,87
2024-10-23T17:39:07+07:00,40165,37,46,26.2,87
2024-10-23T17:39:29+07:00,40166,37,46,26.2,87
2024-10-23T17:39:52+07:00,40167,37,44,26.2,87
2024-10-23T17:40:15+07:00,40168,38,45,26.2,87
2024-10-23T17:40:38+07:00,40169,37,45,26.2,87
2024-10-23T17:41:01+07:00,40170,35,46,26.2,87
2024-10-23T17:41:23+07:00,40171,37,45,26.2,87
2024-10-23T17:41:46+07:00,40172,37,45,26.2,87
2024-10-23T17:42:08+07:00,40173,37,46,26.2,87
2024-10-23T17:42:31+07:00,40174,37,46,26.2,87
2024-10-23T17:42:53+07:00,40175,37,43,26.2,87
2024-10-23T17:43:16+07:00,40176,36,43,26.2,87
2024-10-23T17:43:38+07:00,40177,37,44,26.2,87
2024-10-23T17:44:00+07:00,40178,37,45,26.2,87
2024-10-23T17:44:23+07:00,40179,37,44,26.2,87
2024-10-23T17:44:45+07:00,40180,37,45,26.2,87
2024-10-23T17:45:08+07:00,40181,37,45,26.2,87
2024-10-23T17:45:30+07:00,40182,38,44,26.2,87
2024-10-23T17:45:53+07:00,40183,37,46,26.2,87
2024-10-23T17:46:16+07:00,40184,38,44,26.2,87
2024-10-23T17:46:39+07:00,40185,36,43,26.2,87
2024-10-23T17:47:01+07:00,40186,39,47,26.2,87
2024-10-23T17:47:24+07:00,40187,37,47,26.2,87
2024-10-23T17:47:46+07:00,40188,36,44,26.2,87
2024-10-23T17:48:08+07:00,40189,37,45,26.2,87
2024-10-23T17:48:31+07:00,40190,37,45,26.2,87
2024-10-23T17:48:55+07:00,40191,36,41,26.2,87
2024-10-23T17:49:17+07:00,40192,37,45,26.2,87
2024-10-23T17:49:40+07:00,40193,37,44,26.2,87
2024-10-23T17:50:02+07:00,40194,37,44,26.2,87
2024-10-23T17:50:24+07:00,40195,36,43,26.2,87
2024-10-23T17:50:47+07:00,40196,37,45,26.2,87
2024-10-23T17:51:09+07:00,40197,38,45,26.2,87
2024-10-23T17:51:31+07:00,40198,36,46,26.2,88
2024-10-23T17:51:54+07:00,40199,37,43,26.2,88
2024-10-23T17:52:16+07:00,40200,37,42,26.2,88
2024-10-23T17:52:39+07:00,40201,37,43,26.2,88
2024-10-23T17:53:01+07:00,40202,37,46,26.2,88
2024-10-23T17:53:34+07:00,40203,36,100,26.2,92
2024-10-23T17:53:56+07:00,40204,37,60,26.2,88
2024-10-23T17:54:19+07:00,40205,37,51,26.2,88
2024-10-23T17:54:41+07:00,40206,36,48,26.2,88
2024-10-23T17:55:04+07:00,40207,36,49,26.2,88
2024-10-23T17:55:27+07:00,40208,37,47,26.2,88
2024-10-23T17:55:49+07:00,40209,38,47,26.2,88
2024-10-23T17:56:12+07:00,40210,35,46,26.2,88
2024-10-23T17:56:34+07:00,40211,37,46,26.2,88
2024-10-23T17:56:56+07:00,40212,37,49,26.2,88
2024-10-23T17:57:19+07:00,40213,36,46,26,88
2024-10-23T17:57:42+07:00,40214,37,45,25.8,88
2024-10-23T17:58:04+07:00,40215,36,46,25.8,88
2024-10-23T17:58:27+07:00,40216,37,46,25.8,88
2024-10-23T17:58:49+07:00,40217,37,50,25.8,88
2024-10-23T17:59:12+07:00,40218,36,47,25.8,88
2024-10-23T17:59:34+07:00,40219,37,45,25.8,88
2024-10-23T17:59:57+07:00,40220,36,45,25.8,89
2024-10-23T18:00:20+07:00,40221,37,47,25.8,89
2024-10-23T18:00:43+07:00,40222,36,44,25.8,89
2024-10-23T18:01:05+07:00,40223,37,47,25.8,89
2024-10-23T18:01:28+07:00,40224,36,43,25.8,89
2024-10-23T18:01:50+07:00,40225,37,47,25.8,88
2024-10-23T18:02:13+07:00,40226,37,47,25.8,88
2024-10-23T18:02:36+07:00,40227,35,47,25.8,88
2024-10-23T18:02:59+07:00,40228,37,45,25.8,88
2024-10-23T18:03:22+07:00,40229,37,45,25.8,88
2024-10-23T18:03:45+07:00,40230,36,47,25.8,88
2024-10-23T18:04:08+07:00,40231,36,47,25.8,88
2024-10-23T18:04:31+07:00,40232,36,46,25.8,88
2024-10-23T18:04:53+07:00,40233,36,45,25.8,88
2024-10-23T18:05:16+07:00,40234,37,46,25.8,88
2024-10-23T18:05:39+07:00,40235,36,45,25.8,88
2024-10-23T18:06:02+07:00,40236,36,47,25.8,88
2024-10-23T18:06:24+07:00,40237,36,45,25.8,88
2024-10-23T18:06:46+07:00,40238,37,46,25.8,88
2024-10-23T18:07:09+07:00,40239,36,45,25.8,88
2024-10-23T18:07:32+07:00,40240,36,44,25.8,88
2024-10-23T18:07:54+07:00,40241,37,48,25.8,88
2024-10-23T18:08:17+07:00,40242,37,46,25.8,88
2024-10-23T18:08:39+07:00,40243,37,47,25.8,88
2024-10-23T18:09:02+07:00,40244,36,45,25.8,88
2024-10-23T18:09:25+07:00,40245,37,43,25.8,88
2024-10-23T18:09:47+07:00,40246,38,44,25.8,88
2024-10-23T18:10:10+07:00,40247,37,43,25.8,88
2024-10-23T18:10:32+07:00,40248,37,43,25.8,88
2024-10-23T18:10:55+07:00,40249,37,46,25.8,89
2024-10-23T18:11:18+07:00,40250,36,46,25.8,89
2024-10-23T18:11:41+07:00,40251,37,45,25.8,89
2024-10-23T18:12:04+07:00,40252,36,46,25.8,89
2024-10-23T18:12:27+07:00,40253,36,45,25.8,89
2024-10-23T18:12:50+07:00,40254,37,47,25.8,89
2024-10-23T18:13:12+07:00,40255,37,45,25.8,89
2024-10-23T18:13:36+07:00,40256,36,43,25.8,89
2024-10-23T18:13:58+07:00,40257,37,46,25.8,89
2024-10-23T18:14:21+07:00,40258,37,45,25.8,89
2024-10-23T18:14:43+07:00,40259,36,45,25.8,89
2024-10-23T18:15:05+07:00,40260,37,46,25.8,89
2024-10-23T18:15:28+07:00,40261,37,46,25.8,89
2024-10-23T18:15:51+07:00,40262,37,46,25.8,89
2024-10-23T18:16:13+07:00,40263,37,44,25.8,89
2024-10-23T18:16:35+07:00,40264,36,43,25.8,89
2024-10-23T18:16:58+07:00,40265,37,47,25.8,89
2024-10-23T18:17:20+07:00,40266,37,45,25.8,89
2024-10-23T18:17:42+07:00,40267,37,43,25.8,89
2024-10-23T18:18:06+07:00,40268,37,44,25.8,89
2024-10-23T18:18:28+07:00,40269,37,44,25.8,89
2024-10-23T18:18:51+07:00,40270,36,45,25.8,89
2024-10-23T18:19:13+07:00,40271,36,46,25.8,89
2024-10-23T18:19:35+07:00,40272,37,44,25.8,89
2024-10-23T18:19:57+07:00,40273,36,47,25.8,89
2024-10-23T18:20:19+07:00,40274,36,44,25.8,89
2024-10-23T18:20:42+07:00,40275,36,45,25.8,89
2024-10-23T18:21:04+07:00,40276,37,43,25.8,89
2024-10-23T18:21:26+07:00,40277,37,45,25.8,89
2024-10-23T18:21:49+07:00,40278,38,43,25.8,89
2024-10-23T18:22:11+07:00,40279,37,47,25.8,89
2024-10-23T18:22:33+07:00,40280,36,44,25.8,89
2024-10-23T18:22:55+07:00,40281,37,46,25.8,89
2024-10-23T18:23:17+07:00,40282,37,48,25.8,89
2024-10-23T18:23:40+07:00,40283,38,44,25.8,89
2024-10-23T18:24:02+07:00,40284,35,45,25.8,89
2024-10-23T18:24:24+07:00,40285,36,46,25.8,89
2024-10-23T18:24:47+07:00,40286,36,45,25.8,89
2024-10-23T18:25:10+07:00,40287,36,44,25.8,89
2024-10-23T18:25:33+07:00,40288,36,46,25.8,89
2024-10-23T18:25:56+07:00,40289,37,46,25.8,89
2024-10-23T18:26:18+07:00,40290,37,46,25.8,89
2024-10-23T18:26:40+07:00,40291,36,44,25.8,89
2024-10-23T18:27:02+07:00,40292,37,45,25.8,89
2024-10-23T18:27:24+07:00,40293,37,45,25.8,89
2024-10-23T18:27:47+07:00,40294,37,43,25.8,89
2024-10-23T18:28:09+07:00,40295,37,45,25.8,88
2024-10-23T18:28:31+07:00,40296,35,46,25.8,88
2024-10-23T18:28:54+07:00,40297,37,43,25.8,88
2024-10-23T18:29:16+07:00,40298,36,43,25.8,88
2024-10-23T18:29:38+07:00,40299,37,43,25.8,88
2024-10-23T18:30:01+07:00,40300,37,42,25.8,88
2024-10-23T18:30:24+07:00,40301,37,43,25.8,88
2024-10-23T18:30:46+07:00,40302,36,45,25.8,88
2024-10-23T18:31:08+07:00,40303,37,43,25.8,88
2024-10-23T18:31:30+07:00,40304,35,42,25.8,88
2024-10-23T18:31:53+07:00,40305,36,43,25.8,88
2024-10-23T18:32:15+07:00,40306,36,44,25.8,88
2024-10-23T18:32:37+07:00,40307,37,45,25.8,88
2024-10-23T18:32:59+07:00,40308,36,42,25.8,88
2024-10-23T18:33:22+07:00,40309,36,44,25.8,88
2024-10-23T18:33:44+07:00,40310,36,43,25.8,88
2024-10-23T18:34:06+07:00,40311,37,43,25.8,88
2024-10-23T18:34:28+07:00,40312,35,44,25.8,88
2024-10-23T18:34:51+07:00,40313,36,46,25.8,88
2024-10-23T18:35:13+07:00,40314,36,45,25.8,88
2024-10-23T18:35:35+07:00,40315,36,42,25.8,89
2024-10-23T18:35:58+07:00,40316,36,46,25.8,89
2024-10-23T18:36:20+07:00,40317,37,43,25.8,89
2024-10-23T18:36:42+07:00,40318,37,45,25.8,88
2024-10-23T18:37:04+07:00,40319,36,45,25.8,88
2024-10-23T18:37:27+07:00,40320,37,43,25.8,88
2024-10-23T18:37:49+07:00,40321,35,42,25.8,88
2024-10-23T18:38:11+07:00,40322,36,45,25.8,88
2024-10-23T18:38:33+07:00,40323,36,46,25.8,88
2024-10-23T18:38:55+07:00,40324,36,46,25.8,88
2024-10-23T18:39:17+07:00,40325,36,46,25.8,88
2024-10-23T18:39:40+07:00,40326,36,46,25.8,88
2024-10-23T18:40:02+07:00,40327,36,43,25.8,88
2024-10-23T18:40:24+07:00,40328,36,45,25.8,88
2024-10-23T18:40:46+07:00,40329,36,46,25.8,88
2024-10-23T18:41:08+07:00,40330,37,44,25.8,88
2024-10-23T18:41:30+07:00,40331,37,43,25.8,88
2024-10-23T18:41:52+07:00,40332,36,44,25.8,88
2024-10-23T18:42:14+07:00,40333,36,43,25.8,88
2024-10-23T18:42:37+07:00,40334,36,44,25.8,88
2024-10-23T18:42:59+07:00,40335,36,45,25.8,88
2024-10-23T18:43:21+07:00,40336,36,43,25.8,88
2024-10-23T18:43:43+07:00,40337,37,46,25.8,88
2024-10-23T18:44:05+07:00,40338,37,45,25.8,88
2024-10-23T18:44:28+07:00,40339,37,45,25.8,87
2024-10-23T18:44:50+07:00,40340,36,45,25.8,87
2024-10-23T18:45:12+07:00,40341,36,46,25.8,87
2024-10-23T18:45:34+07:00,40342,36,45,25.8,87
2024-10-23T18:45:56+07:00,40343,37,42,25.8,86
2024-10-23T18:46:18+07:00,40344,37,45,25.8,86
2024-10-23T18:46:40+07:00,40345,37,42,25.8,86
2024-10-23T18:47:02+07:00,40346,36,45,25.8,86
2024-10-23T18:47:25+07:00,40347,36,43,25.8,86
2024-10-23T18:47:47+07:00,40348,36,45,25.8,86
2024-10-23T18:48:09+07:00,40349,36,42,25.8,86
2024-10-23T18:48:32+07:00,40350,35,46,25.8,86
2024-10-23T18:48:54+07:00,40351,37,44,25.8,85
2024-10-23T18:49:16+07:00,40352,37,46,25.8,85
2024-10-23T18:49:39+07:00,40353,36,44,25.8,85
2024-10-23T18:50:01+07:00,40354,35,43,25.8,85
2024-10-23T18:50:23+07:00,40355,36,43,25.8,85
2024-10-23T18:50:45+07:00,40356,37,46,25.8,85
2024-10-23T18:51:07+07:00,40357,36,44,25.8,85
2024-10-23T18:51:29+07:00,40358,37,45,25.8,85
2024-10-23T18:51:52+07:00,40359,36,45,25.8,85
2024-10-23T18:52:14+07:00,40360,37,42,25.8,85
2024-10-23T18:52:36+07:00,40361,37,44,25.8,85
2024-10-23T18:52:58+07:00,40362,36,43,25.8,85
2024-10-23T18:53:21+07:00,40363,36,43,25.8,85
2024-10-23T18:53:43+07:00,40364,37,43,25.8,85
2024-10-23T18:54:05+07:00,40365,36,43,25.8,85
2024-10-23T18:54:27+07:00,40366,37,45,25.8,85
2024-10-23T18:54:50+07:00,40367,37,47,25.8,85
2024-10-23T18:55:12+07:00,40368,37,44,25.8,85
2024-10-23T18:55:34+07:00,40369,35,44,25.8,85
2024-10-23T18:55:56+07:00,40370,36,44,25.8,85
2024-10-23T18:56:18+07:00,40371,36,43,25.8,85
2024-10-23T18:56:40+07:00,40372,36,44,25.8,85
2024-10-23T18:57:03+07:00,40373,37,41,25.8,85
2024-10-23T18:57:25+07:00,40374,37,42,25.8,85
2024-10-23T18:57:47+07:00,40375,37,44,25.8,85
2024-10-23T18:58:09+07:00,40376,35,44,25.8,85
2024-10-23T18:58:31+07:00,40377,37,45,25.8,85
2024-10-23T18:58:53+07:00,40378,37,45,25.8,85
2024-10-23T18:59:16+07:00,40379,36,45,25.8,85
2024-10-23T18:59:37+07:00,40380,35,42,25.8,85
2024-10-23T19:00:00+07:00,40381,35,43,25.8,85
2024-10-23T19:00:22+07:00,40382,36,43,25.8,85
2024-10-23T19:00:44+07:00,40383,36,45,25.8,84
2024-10-23T19:01:07+07:00,40384,36,45,25.8,84
2024-10-23T19:01:29+07:00,40385,36,46,25.8,84
2024-10-23T19:01:51+07:00,40386,36,43,25.8,84
2024-10-23T19:02:13+07:00,40387,37,45,25.8,84
2024-10-23T19:02:35+07:00,40388,35,45,25.8,84
2024-10-23T19:02:57+07:00,40389,36,44,25.8,85
2024-10-23T19:03:19+07:00,40390,37,44,25.8,85
2024-10-23T19:03:42+07:00,40391,35,43,25.8,85
2024-10-23T19:04:04+07:00,40392,36,43,25.8,84
2024-10-23T19:04:26+07:00,40393,36,43,25.8,84
2024-10-23T19:04:48+07:00,40394,37,43,25.8,84
2024-10-23T19:05:10+07:00,40395,37,42,25.8,84
2024-10-23T19:05:32+07:00,40396,36,44,25.8,84
2024-10-23T19:05:54+07:00,40397,35,43,25.8,84
2024-10-23T19:06:16+07:00,40398,36,45,25.8,85
2024-10-23T19:06:39+07:00,40399,35,45,25.8,84
2024-10-23T19:07:01+07:00,40400,36,42,25.8,85
2024-10-23T19:07:23+07:00,40401,36,44,25.8,84
2024-10-23T19:07:45+07:00,40402,36,43,25.8,84
2024-10-23T19:08:07+07:00,40403,37,43,25.8,84
2024-10-23T19:08:30+07:00,40404,36,44,25.8,84
2024-10-23T19:08:52+07:00,40405,36,47,25.8,84
2024-10-23T19:09:14+07:00,40406,36,45,25.8,84
2024-10-23T19:09:36+07:00,40407,36,44,25.8,84
2024-10-23T19:09:58+07:00,40408,37,45,25.8,84
2024-10-23T19:10:21+07:00,40409,36,45,25.8,84
2024-10-23T19:10:43+07:00,40410,36,46,25.8,84
2024-10-23T19:11:05+07:00,40411,36,43,25.8,84
2024-10-23T19:11:27+07:00,40412,35,46,25.8,84
2024-10-23T19:11:49+07:00,40413,37,44,25.8,84
2024-10-23T19:12:11+07:00,40414,37,47,25.8,84
2024-10-23T19:12:33+07:00,40415,37,44,25.8,84
2024-10-23T19:12:56+07:00,40416,36,44,25.8,84
2024-10-23T19:13:17+07:00,40417,36,45,25.8,84
2024-10-23T19:13:39+07:00,40418,37,44,25.8,84
2024-10-23T19:14:02+07:00,40419,36,45,25.8,84
2024-10-23T19:14:23+07:00,40420,35,42,25.8,84
2024-10-23T19:14:45+07:00,40421,35,45,25.8,84
2024-10-23T19:15:08+07:00,40422,36,43,25.8,84
2024-10-23T19:15:30+07:00,40423,35,46,25.8,84
2024-10-23T19:15:52+07:00,40424,37,44,25.8,84
2024-10-23T19:16:14+07:00,40425,36,42,25.8,84
2024-10-23T19:16:36+07:00,40426,37,42,25.8,84
2024-10-23T19:16:59+07:00,40427,36,46,25.8,85
2024-10-23T19:17:21+07:00,40428,36,46,25.8,85
2024-10-23T19:17:43+07:00,40429,36,43,25.8,85
2024-10-23T19:18:05+07:00,40430,36,42,25.8,85
2024-10-23T19:18:27+07:00,40431,35,42,25.8,85
2024-10-23T19:18:49+07:00,40432,36,44,25.8,86
2024-10-23T19:19:12+07:00,40433,36,45,25.8,86
2024-10-23T19:19:34+07:00,40434,36,43,25.8,86
2024-10-23T19:19:56+07:00,40435,36,42,25.8,86
2024-10-23T19:20:18+07:00,40436,36,44,25.8,85
2024-10-23T19:20:40+07:00,40437,35,45,25.8,85
2024-10-23T19:21:02+07:00,40438,37,44,25.8,85
2024-10-23T19:21:24+07:00,40439,35,44,25.8,85
2024-10-23T19:21:46+07:00,40440,36,45,25.8,85
2024-10-23T19:22:08+07:00,40441,35,44,25.8,85
2024-10-23T19:22:31+07:00,40442,36,45,25.8,85
2024-10-23T19:22:53+07:00,40443,36,45,25.8,85
2024-10-23T19:23:15+07:00,40444,35,45,25.8,85
2024-10-23T19:23:37+07:00,40445,36,44,25.8,85
2024-10-23T19:23:59+07:00,40446,35,44,25.8,85
2024-10-23T19:24:21+07:00,40447,35,45,25.8,85
2024-10-23T19:24:43+07:00,40448,36,44,25.8,86
2024-10-23T19:25:05+07:00,40449,37,43,25.8,85
2024-10-23T19:25:27+07:00,40450,37,43,25.8,85
2024-10-23T19:25:50+07:00,40451,36,43,25.8,85
2024-10-23T19:26:12+07:00,40452,36,45,25.8,85
2024-10-23T19:26:34+07:00,40453,37,43,25.8,86
2024-10-23T19:26:56+07:00,40454,35,44,25.8,86
2024-10-23T19:27:18+07:00,40455,35,43,25.8,87
2024-10-23T19:27:40+07:00,40456,36,44,25.8,87
2024-10-23T19:28:02+07:00,40457,37,46,25.8,88
2024-10-23T19:28:24+07:00,40458,35,45,25.8,87
2024-10-23T19:28:46+07:00,40459,36,45,25.8,86
2024-10-23T19:29:08+07:00,40460,36,43,25.8,86
2024-10-23T19:29:30+07:00,40461,36,45,25.8,87
2024-10-23T19:29:52+07:00,40462,36,42,25.5,87
2024-10-23T19:30:14+07:00,40463,35,45,25.3,87
2024-10-23T19:30:36+07:00,40464,36,43,25.3,87
2024-10-23T19:30:58+07:00,40465,36,42,25.3,86
2024-10-23T19:31:21+07:00,40466,35,44,25.3,86
2024-10-23T19:31:43+07:00,40467,36,43,25.3,86
2024-10-23T19:32:05+07:00,40468,36,44,25.3,86
2024-10-23T19:32:27+07:00,40469,37,45,25.1,86
2024-10-23T19:32:49+07:00,40470,36,43,24.8,86
2024-10-23T19:33:11+07:00,40471,37,43,24.8,86
2024-10-23T19:33:33+07:00,40472,36,42,24.8,87
2024-10-23T19:33:55+07:00,40473,36,46,24.8,88
2024-10-23T19:34:17+07:00,40474,36,46,24.8,89
2024-10-23T19:34:40+07:00,40475,36,45,24.8,89
2024-10-23T19:35:02+07:00,40476,36,42,24.8,89
2024-10-23T19:35:24+07:00,40477,36,46,24.8,89
2024-10-23T19:35:46+07:00,40478,36,43,24.8,90
2024-10-23T19:36:08+07:00,40479,36,41,24.6,90
2024-10-23T19:36:30+07:00,40480,36,43,24.5,90
2024-10-23T19:36:52+07:00,40481,37,42,24.5,91
2024-10-23T19:37:14+07:00,40482,36,46,24.5,91
2024-10-23T19:37:36+07:00,40483,37,41,24.5,91
2024-10-23T19:37:58+07:00,40484,35,46,24.5,91
2024-10-23T19:38:20+07:00,40485,36,47,24.5,92
2024-10-23T19:38:42+07:00,40486,36,41,24.5,92
2024-10-23T19:39:04+07:00,40487,36,43,24.5,92
2024-10-23T19:39:26+07:00,40488,37,41,24.5,92
2024-10-23T19:39:49+07:00,40489,36,46,24.5,92
2024-10-23T19:40:11+07:00,40490,36,44,24.5,92
2024-10-23T19:40:33+07:00,40491,36,42,24.5,92
2024-10-23T19:40:55+07:00,40492,36,41,24.5,92
2024-10-23T19:41:17+07:00,40493,36,45,24.5,92
2024-10-23T19:41:39+07:00,40494,36,43,24.5,93
2024-10-23T19:42:01+07:00,40495,36,44,24.5,93
2024-10-23T19:42:23+07:00,40496,36,44,24.5,93
2024-10-23T19:42:45+07:00,40497,37,43,24.5,93
2024-10-23T19:43:07+07:00,40498,37,43,24.5,93
2024-10-23T19:43:30+07:00,40499,36,45,24.5,93
2024-10-23T19:43:52+07:00,40500,36,42,24.5,93
2024-10-23T19:44:14+07:00,40501,37,42,24.5,93
2024-10-23T19:44:36+07:00,40502,36,45,24.5,93
2024-10-23T19:44:58+07:00,40503,37,44,24.5,93
2024-10-23T19:45:20+07:00,40504,36,43,24.5,93
2024-10-23T19:45:42+07:00,40505,37,43,24.5,93
2024-10-23T19:46:05+07:00,40506,36,45,24.5,93
2024-10-23T19:46:27+07:00,40507,36,43,24.5,93
2024-10-23T19:46:48+07:00,40508,35,42,24.5,93
2024-10-23T19:47:11+07:00,40509,37,44,24.5,93
2024-10-23T19:47:33+07:00,40510,37,42,24.5,93
2024-10-23T19:47:55+07:00,40511,36,43,24.5,93
2024-10-23T19:48:17+07:00,40512,37,45,24.5,93
2024-10-23T19:48:39+07:00,40513,37,44,24.5,93
2024-10-23T19:49:01+07:00,40514,36,43,24.5,93
2024-10-23T19:49:23+07:00,40515,36,44,24.5,93
2024-10-23T19:49:46+07:00,40516,36,44,24.5,93
2024-10-23T19:50:08+07:00,40517,36,42,24.5,93
2024-10-23T19:50:30+07:00,40518,36,44,24.5,93
2024-10-23T19:50:52+07:00,40519,36,44,24.5,93
2024-10-23T19:51:14+07:00,40520,37,44,24.5,93
2024-10-23T19:51:36+07:00,40521,37,45,24.5,93
2024-10-23T19:51:58+07:00,40522,35,43,24.5,93
2024-10-23T19:52:21+07:00,40523,36,45,24.5,93
2024-10-23T19:52:43+07:00,40524,35,41,24.5,94
2024-10-23T19:53:05+07:00,40525,36,44,24.5,94
2024-10-23T19:53:27+07:00,40526,36,42,24.5,94
2024-10-23T19:53:49+07:00,40527,36,45,24.5,94
2024-10-23T19:54:11+07:00,40528,36,44,24.5,94
2024-10-23T19:54:33+07:00,40529,36,41,24.5,94
2024-10-23T19:54:55+07:00,40530,36,46,24.5,94
2024-10-23T19:55:18+07:00,40531,36,45,24.5,93
2024-10-23T19:55:40+07:00,40532,37,44,24.5,93
2024-10-23T19:56:02+07:00,40533,35,43,24.6,94
2024-10-23T19:56:24+07:00,40534,35,43,24.8,94
2024-10-23T19:56:46+07:00,40535,35,46,24.8,94
2024-10-23T19:57:08+07:00,40536,36,43,24.8,94
2024-10-23T19:57:30+07:00,40537,37,43,24.8,94
2024-10-23T19:57:53+07:00,40538,35,46,24.8,93
2024-10-23T19:58:15+07:00,40539,36,45,24.8,93
2024-10-23T19:58:37+07:00,40540,36,44,24.8,93
2024-10-23T19:58:59+07:00,40541,36,45,24.8,93
2024-10-23T19:59:21+07:00,40542,36,43,24.8,93
2024-10-23T19:59:43+07:00,40543,35,43,24.8,93
2024-10-23T20:00:05+07:00,40544,36,46,24.8,93
2024-10-23T20:00:27+07:00,40545,36,43,24.8,93
2024-10-23T20:00:49+07:00,40546,35,45,24.8,93
2024-10-23T20:01:11+07:00,40547,36,42,24.7,93
2024-10-23T20:01:34+07:00,40548,35,43,24.6,93
2024-10-23T20:01:56+07:00,40549,35,45,24.8,93
2024-10-23T20:02:18+07:00,40550,36,43,24.8,93
2024-10-23T20:02:40+07:00,40551,36,43,24.8,93
2024-10-23T20:03:02+07:00,40552,37,42,24.8,93
2024-10-23T20:03:24+07:00,40553,36,45,24.8,93
2024-10-23T20:03:46+07:00,40554,36,44,24.8,93
2024-10-23T20:04:09+07:00,40555,37,42,24.8,93
2024-10-23T20:04:31+07:00,40556,36,43,24.8,93
2024-10-23T20:04:53+07:00,40557,36,45,24.8,93
2024-10-23T20:05:15+07:00,40558,37,42,24.8,93
2024-10-23T20:05:37+07:00,40559,36,45,24.8,93
2024-10-23T20:05:59+07:00,40560,36,42,24.8,93
2024-10-23T20:06:21+07:00,40561,36,43,24.8,93
2024-10-23T20:06:43+07:00,40562,36,42,24.8,93
2024-10-23T20:07:05+07:00,40563,36,46,24.8,93
2024-10-23T20:07:27+07:00,40564,36,44,24.8,93
2024-10-23T20:07:50+07:00,40565,35,41,24.8,93
2024-10-23T20:08:12+07:00,40566,36,42,24.8,93
2024-10-23T20:08:34+07:00,40567,41,43,24.8,93
2024-10-23T20:08:56+07:00,40568,36,43,24.8,93
2024-10-23T20:09:18+07:00,40569,36,45,24.8,93
2024-10-23T20:09:40+07:00,40570,36,45,24.8,93
2024-10-23T20:10:02+07:00,40571,36,42,24.8,93
2024-10-23T20:10:25+07:00,40572,35,41,24.8,93
2024-10-23T20:10:47+07:00,40573,35,43,24.8,93
2024-10-23T20:11:09+07:00,40574,35,46,24.8,93
2024-10-23T20:11:31+07:00,40575,36,44,24.8,93
2024-10-23T20:11:53+07:00,40576,37,43,24.8,93
2024-10-23T20:12:15+07:00,40577,37,43,24.8,93
2024-10-23T20:12:37+07:00,40578,35,41,24.8,92
2024-10-23T20:12:59+07:00,40579,36,41,24.8,92
2024-10-23T20:13:21+07:00,40580,37,45,24.8,92
2024-10-23T20:13:44+07:00,40581,35,43,24.6,92
2024-10-23T20:14:06+07:00,40582,35,42,24.5,92
2024-10-23T20:14:28+07:00,40583,36,43,24.5,92
2024-10-23T20:14:50+07:00,40584,36,42,24.5,92
2024-10-23T20:15:12+07:00,40585,35,43,24.5,92
2024-10-23T20:15:34+07:00,40586,36,43,24.5,92
2024-10-23T20:15:56+07:00,40587,36,43,24.5,92
2024-10-23T20:16:18+07:00,40588,36,42,24.5,92
2024-10-23T20:16:41+07:00,40589,35,46,24.5,92
2024-10-23T20:17:03+07:00,40590,35,44,24.6,92
2024-10-23T20:17:25+07:00,40591,36,42,24.8,92
2024-10-23T20:17:47+07:00,40592,37,44,24.7,92
2024-10-23T20:18:09+07:00,40593,36,44,24.6,92
2024-10-23T20:18:31+07:00,40594,36,44,24.7,92
2024-10-23T20:18:53+07:00,40595,37,44,24.8,92
2024-10-23T20:19:15+07:00,40596,35,41,24.8,92
2024-10-23T20:19:37+07:00,40597,36,42,24.8,92
2024-10-23T20:20:00+07:00,40598,35,46,24.8,92
2024-10-23T20:20:22+07:00,40599,36,43,24.8,92
2024-10-23T20:20:44+07:00,40600,36,43,24.8,92
2024-10-23T20:21:06+07:00,40601,35,42,24.8,93
2024-10-23T20:21:28+07:00,40602,37,45,24.8,92
2024-10-23T20:21:50+07:00,40603,36,43,24.8,92
2024-10-23T20:22:12+07:00,40604,36,43,24.8,92
2024-10-23T20:22:34+07:00,40605,36,45,24.8,92
2024-10-23T20:22:56+07:00,40606,36,43,24.8,92
2024-10-23T20:23:18+07:00,40607,36,42,24.8,92
2024-10-23T20:23:40+07:00,40608,37,44,24.8,92
2024-10-23T20:24:03+07:00,40609,36,45,24.8,91
2024-10-23T20:24:25+07:00,40610,36,44,24.8,90
2024-10-23T20:24:47+07:00,40611,37,43,24.8,90
2024-10-23T20:25:09+07:00,40612,36,43,24.5,90
2024-10-23T20:25:31+07:00,40613,37,45,24.5,90
2024-10-23T20:25:54+07:00,40614,36,45,24.5,90
2024-10-23T20:26:16+07:00,40615,36,45,24.5,90
2024-10-23T20:26:39+07:00,40616,36,43,24.5,91
2024-10-23T20:27:01+07:00,40617,36,43,24.5,91
2024-10-23T20:27:23+07:00,40618,36,41,24.5,90
2024-10-23T20:27:45+07:00,40619,36,45,24.5,90
2024-10-23T20:28:07+07:00,40620,35,42,24.5,90
2024-10-23T20:28:29+07:00,40621,37,42,24.5,91
2024-10-23T20:28:51+07:00,40622,36,43,24.5,90
2024-10-23T20:29:13+07:00,40623,36,45,24.5,90
2024-10-23T20:29:35+07:00,40624,36,45,24.5,90
2024-10-23T20:29:57+07:00,40625,36,41,24.5,90
2024-10-23T20:30:19+07:00,40626,36,42,24.5,90
2024-10-23T20:30:41+07:00,40627,37,44,24.5,89
2024-10-23T20:31:04+07:00,40628,36,43,24.5,89
2024-10-23T20:31:26+07:00,40629,36,44,24.5,89
2024-10-23T20:31:48+07:00,40630,35,45,24.5,89
2024-10-23T20:32:10+07:00,40631,35,41,24.5,90
2024-10-23T20:32:32+07:00,40632,36,43,24.5,90
2024-10-23T20:32:54+07:00,40633,36,45,24.5,90
2024-10-23T20:33:16+07:00,40634,36,45,24.5,90
2024-10-23T20:33:38+07:00,40635,35,41,24.5,90
2024-10-23T20:34:00+07:00,40636,35,44,24.5,91
2024-10-23T20:34:22+07:00,40637,36,42,24.5,91
2024-10-23T20:34:44+07:00,40638,36,42,24.5,90
2024-10-23T20:35:06+07:00,40639,35,40,24.5,91
2024-10-23T20:35:28+07:00,40640,36,41,24.5,91
2024-10-23T20:35:50+07:00,40641,36,44,24.5,91
2024-10-23T20:36:12+07:00,40642,35,41,24.5,91
2024-10-23T20:36:35+07:00,40643,35,45,24.5,91
2024-10-23T20:36:57+07:00,40644,36,41,24.5,91
2024-10-23T20:37:19+07:00,40645,36,44,24.5,92
2024-10-23T20:37:41+07:00,40646,36,44,24.5,92
2024-10-23T20:38:03+07:00,40647,36,41,24.5,92
2024-10-23T20:38:25+07:00,40648,36,43,24.5,91
2024-10-23T20:38:47+07:00,40649,36,43,24.5,92
2024-10-23T20:39:09+07:00,40650,36,44,24.5,91
2024-10-23T20:39:32+07:00,40651,37,44,24.5,90
2024-10-23T20:39:54+07:00,40652,36,40,24.5,90
2024-10-23T20:40:15+07:00,40653,36,41,24.5,90
2024-10-23T20:40:38+07:00,40654,36,43,24.5,90
2024-10-23T20:41:00+07:00,40655,36,41,24.5,90
2024-10-23T20:41:22+07:00,40656,36,43,24.5,90
2024-10-23T20:41:44+07:00,40657,36,42,24.5,90
2024-10-23T20:42:06+07:00,40658,35,45,24.5,90
2024-10-23T20:42:28+07:00,40659,36,44,24.5,90
2024-10-23T20:42:50+07:00,40660,35,42,24.5,90
2024-10-23T20:43:12+07:00,40661,35,42,24.5,91
2024-10-23T20:43:34+07:00,40662,36,44,24.5,91
2024-10-23T20:43:56+07:00,40663,36,43,24.5,91
2024-10-23T20:44:19+07:00,40664,35,43,24.5,91
2024-10-23T20:44:41+07:00,40665,36,43,24.5,91
2024-10-23T20:45:03+07:00,40666,35,41,24.5,90
2024-10-23T20:45:25+07:00,40667,37,40,24.5,90
2024-10-23T20:45:47+07:00,40668,36,42,24.5,91
2024-10-23T20:46:09+07:00,40669,36,45,24.5,91
2024-10-23T20:46:32+07:00,40670,36,41,24.5,91
2024-10-23T20:46:54+07:00,40671,37,42,24.5,91
2024-10-23T20:47:16+07:00,40672,36,42,24.5,91
2024-10-23T20:47:38+07:00,40673,35,44,24.5,91
2024-10-23T20:48:00+07:00,40674,36,44,24.5,91
2024-10-23T20:48:22+07:00,40675,36,41,24.5,92
2024-10-23T20:48:44+07:00,40676,35,44,24.5,92
2024-10-23T20:49:06+07:00,40677,36,42,24.5,92
2024-10-23T20:49:28+07:00,40678,36,41,24.5,91
2024-10-23T20:49:50+07:00,40679,36,44,24.5,91
2024-10-23T20:50:12+07:00,40680,36,44,24.5,90
2024-10-23T20:50:34+07:00,40681,36,42,24.5,90
2024-10-23T20:50:56+07:00,40682,35,41,24.5,90
2024-10-23T20:51:19+07:00,40683,35,43,24.5,90
2024-10-23T20:51:41+07:00,40684,35,42,24.5,90
2024-10-23T20:52:03+07:00,40685,36,40,24.5,90
2024-10-23T20:52:25+07:00,40686,35,42,24.5,90
2024-10-23T20:52:47+07:00,40687,35,44,24.5,90
2024-10-23T20:53:09+07:00,40688,37,44,24.5,90
2024-10-23T20:53:31+07:00,40689,36,44,24.5,90
2024-10-23T20:53:53+07:00,40690,36,46,24.5,91
2024-10-23T20:54:15+07:00,40691,36,44,24.5,91
2024-10-23T20:54:37+07:00,40692,36,40,24.5,92
2024-10-23T20:54:59+07:00,40693,37,43,24.5,92
2024-10-23T20:55:21+07:00,40694,36,42,24.5,92
2024-10-23T20:55:44+07:00,40695,36,40,24.5,92
2024-10-23T20:56:06+07:00,40696,36,44,24.5,92
2024-10-23T20:56:28+07:00,40697,35,42,24.5,92
2024-10-23T20:56:50+07:00,40698,36,43,24.5,92
2024-10-23T20:57:13+07:00,40699,36,41,24.5,92
2024-10-23T20:57:34+07:00,40700,37,40,24.5,93
2024-10-23T20:57:56+07:00,40701,36,43,24.5,93
2024-10-23T20:58:18+07:00,40702,36,43,24.5,93
2024-10-23T20:58:41+07:00,40703,35,41,24.5,93
2024-10-23T20:59:02+07:00,40704,37,45,24.8,93
2024-10-23T20:59:25+07:00,40705,36,44,24.8,93
2024-10-23T20:59:47+07:00,40706,36,39,24.6,92
2024-10-23T21:00:09+07:00,40707,35,43,24.8,92
2024-10-23T21:00:31+07:00,40708,36,40,24.7,92
2024-10-23T21:00:53+07:00,40709,35,39,24.8,92
2024-10-23T21:01:15+07:00,40710,36,43,24.8,92
2024-10-23T21:01:37+07:00,40711,36,41,24.8,92
2024-10-23T21:01:59+07:00,40712,36,42,24.8,93
2024-10-23T21:02:22+07:00,40713,35,44,24.8,93
2024-10-23T21:02:44+07:00,40714,35,41,24.8,93
2024-10-23T21:03:06+07:00,40715,35,41,24.8,93
2024-10-23T21:03:28+07:00,40716,35,41,24.8,93
2024-10-23T21:03:50+07:00,40717,36,40,24.8,93
2024-10-23T21:04:12+07:00,40718,36,43,24.8,93
2024-10-23T21:04:34+07:00,40719,35,42,24.6,92
2024-10-23T21:04:56+07:00,40720,35,44,24.8,93
2024-10-23T21:05:18+07:00,40721,36,39,24.8,93
2024-10-23T21:05:40+07:00,40722,37,40,24.8,93
2024-10-23T21:06:02+07:00,40723,36,42,24.8,93
2024-10-23T21:06:24+07:00,40724,35,43,24.8,93
2024-10-23T21:06:46+07:00,40725,35,41,24.8,93
2024-10-23T21:07:09+07:00,40726,36,45,24.8,93
2024-10-23T21:07:31+07:00,40727,35,44,24.8,93
2024-10-23T21:07:53+07:00,40728,36,44,24.8,93
2024-10-23T21:08:15+07:00,40729,35,42,24.8,93
2024-10-23T21:08:38+07:00,40730,35,43,24.8,93
2024-10-23T21:08:59+07:00,40731,36,42,24.8,93
2024-10-23T21:09:22+07:00,40732,36,41,24.8,93
2024-10-23T21:09:44+07:00,40733,37,44,24.8,93
2024-10-23T21:10:06+07:00,40734,36,43,24.8,93
2024-10-23T21:10:28+07:00,40735,35,41,24.8,93
2024-10-23T21:10:50+07:00,40736,37,40,24.8,93
2024-10-23T21:11:12+07:00,40737,35,39,24.8,93
2024-10-23T21:11:34+07:00,40738,36,44,24.8,93
2024-10-23T21:11:56+07:00,40739,36,43,24.8,93
2024-10-23T21:12:18+07:00,40740,35,42,24.8,93
2024-10-23T21:12:40+07:00,40741,36,42,24.8,93
2024-10-23T21:13:02+07:00,40742,35,44,24.8,93
2024-10-23T21:13:24+07:00,40743,36,45,24.8,93
2024-10-23T21:13:46+07:00,40744,36,41,24.8,93
2024-10-23T21:14:08+07:00,40745,36,43,24.8,93
2024-10-23T21:14:31+07:00,40746,34,42,24.8,93
2024-10-23T21:14:53+07:00,40747,36,41,24.8,93
2024-10-23T21:15:15+07:00,40748,35,44,24.8,93
2024-10-23T21:15:37+07:00,40749,36,43,24.8,93
2024-10-23T21:15:59+07:00,40750,35,40,24.8,93
2024-10-23T21:16:21+07:00,40751,35,41,24.8,93
2024-10-23T21:16:44+07:00,40752,35,43,24.8,93
2024-10-23T21:17:06+07:00,40753,36,44,24.8,93
2024-10-23T21:17:28+07:00,40754,35,44,24.8,93
2024-10-23T21:17:50+07:00,40755,36,39,24.8,93
2024-10-23T21:18:12+07:00,40756,36,43,24.8,93
2024-10-23T21:18:34+07:00,40757,37,43,24.8,93
2024-10-23T21:18:56+07:00,40758,36,42,24.8,93
2024-10-23T21:19:18+07:00,40759,36,40,24.8,93
2024-10-23T21:19:40+07:00,40760,37,43,24.8,93
2024-10-23T21:20:02+07:00,40761,36,43,24.8,93
2024-10-23T21:20:25+07:00,40762,35,42,24.8,93
2024-10-23T21:20:47+07:00,40763,36,44,24.8,93
2024-10-23T21:21:09+07:00,40764,35,41,24.8,93
2024-10-23T21:21:31+07:00,40765,36,42,24.8,93
2024-10-23T21:21:53+07:00,40766,35,43,24.8,93
2024-10-23T21:22:15+07:00,40767,35,42,24.8,93
2024-10-23T21:22:37+07:00,40768,35,42,24.8,93
2024-10-23T21:22:59+07:00,40769,36,43,24.8,92
2024-10-23T21:23:21+07:00,40770,35,43,24.8,92
2024-10-23T21:23:43+07:00,40771,36,43,24.8,92
2024-10-23T21:24:05+07:00,40772,36,44,24.8,92
2024-10-23T21:24:28+07:00,40773,36,43,24.8,92
2024-10-23T21:24:50+07:00,40774,35,41,24.8,92
2024-10-23T21:25:12+07:00,40775,36,43,24.8,92
2024-10-23T21:25:34+07:00,40776,35,43,24.8,92
2024-10-23T21:25:56+07:00,40777,36,41,24.8,92
2024-10-23T21:26:18+07:00,40778,36,44,24.8,92
2024-10-23T21:26:41+07:00,40779,35,44,24.8,92
2024-10-23T21:27:03+07:00,40780,35,44,24.8,92
2024-10-23T21:27:25+07:00,40781,35,39,24.8,92
2024-10-23T21:27:47+07:00,40782,35,43,24.8,92
2024-10-23T21:28:09+07:00,40783,35,44,24.8,92
2024-10-23T21:28:31+07:00,40784,35,43,24.8,92
2024-10-23T21:28:53+07:00,40785,35,42,24.8,92
2024-10-23T21:29:15+07:00,40786,37,42,24.8,92
2024-10-23T21:29:37+07:00,40787,36,40,24.8,92
2024-10-23T21:30:00+07:00,40788,36,42,24.8,92
2024-10-23T21:30:22+07:00,40789,35,42,24.8,92
2024-10-23T21:30:44+07:00,40790,36,43,24.8,92
2024-10-23T21:31:06+07:00,40791,36,42,24.8,92
2024-10-23T21:31:28+07:00,40792,36,42,24.8,92
2024-10-23T21:31:50+07:00,40793,35,43,24.8,92
2024-10-23T21:32:12+07:00,40794,37,43,24.8,92
2024-10-23T21:32:34+07:00,40795,35,43,24.8,92
2024-10-23T21:32:57+07:00,40796,36,42,24.8,92
2024-10-23T21:33:19+07:00,40797,36,40,24.8,92
2024-10-23T21:33:41+07:00,40798,35,43,24.8,92
2024-10-23T21:34:03+07:00,40799,36,42,24.8,92
2024-10-23T21:34:25+07:00,40800,36,45,24.8,92
2024-10-23T21:34:47+07:00,40801,35,43,24.8,92
2024-10-23T21:35:09+07:00,40802,36,40,24.8,92
2024-10-23T21:35:32+07:00,40803,35,40,24.8,91
2024-10-23T21:35:54+07:00,40804,36,42,24.8,91
2024-10-23T21:36:16+07:00,40805,35,42,24.8,91
2024-10-23T21:36:38+07:00,40806,36,43,24.8,91
2024-10-23T21:37:00+07:00,40807,36,42,24.8,91
2024-10-23T21:37:22+07:00,40808,36,42,24.8,91
2024-10-23T21:37:44+07:00,40809,36,42,24.8,91
2024-10-23T21:38:06+07:00,40810,36,42,24.8,91
2024-10-23T21:38:28+07:00,40811,36,41,24.8,91
2024-10-23T21:38:51+07:00,40812,36,43,24.8,91
2024-10-23T21:39:14+07:00,40813,35,42,24.8,92
2024-10-23T21:39:36+07:00,40814,36,43,24.8,91
2024-10-23T21:39:58+07:00,40815,36,43,24.8,91
2024-10-23T21:40:20+07:00,40816,36,43,24.8,90
2024-10-23T21:40:43+07:00,40817,36,40,24.8,90
2024-10-23T21:41:05+07:00,40818,36,42,24.8,90
2024-10-23T21:41:27+07:00,40819,36,41,24.8,90
2024-10-23T21:41:49+07:00,40820,35,42,24.8,90
2024-10-23T21:42:11+07:00,40821,35,40,24.8,90
2024-10-23T21:42:33+07:00,40822,35,40,24.8,90
2024-10-23T21:42:56+07:00,40823,36,41,24.8,90
2024-10-23T21:43:18+07:00,40824,36,43,24.8,90
2024-10-23T21:43:40+07:00,40825,35,40,24.8,90
2024-10-23T21:44:02+07:00,40826,36,41,24.8,90
2024-10-23T21:44:24+07:00,40827,36,44,24.8,90
2024-10-23T21:44:46+07:00,40828,36,43,24.8,89
2024-10-23T21:45:09+07:00,40829,35,42,24.8,89
2024-10-23T21:45:31+07:00,40830,35,43,24.8,89
2024-10-23T21:45:53+07:00,40831,36,42,24.8,89
2024-10-23T21:46:15+07:00,40832,36,41,24.8,89
2024-10-23T21:46:37+07:00,40833,35,43,24.8,89
2024-10-23T21:47:00+07:00,40834,36,43,24.8,89
2024-10-23T21:47:22+07:00,40835,35,41,24.8,89
2024-10-23T21:47:44+07:00,40836,35,42,24.8,89
2024-10-23T21:48:06+07:00,40837,36,42,24.8,89
2024-10-23T21:48:28+07:00,40838,36,43,24.8,89
2024-10-23T21:48:50+07:00,40839,37,40,24.8,89
2024-10-23T21:49:12+07:00,40840,35,41,24.8,89
2024-10-23T21:49:34+07:00,40841,37,45,24.8,88
2024-10-23T21:49:56+07:00,40842,36,43,24.8,88
2024-10-23T21:50:19+07:00,40843,36,42,24.8,88
2024-10-23T21:50:41+07:00,40844,35,41,24.8,88
2024-10-23T21:51:03+07:00,40845,36,41,24.8,88
2024-10-23T21:51:26+07:00,40846,36,41,24.8,89
2024-10-23T21:51:48+07:00,40847,36,40,24.8,89
2024-10-23T21:52:10+07:00,40848,35,43,24.8,89
2024-10-23T21:52:32+07:00,40849,36,44,24.8,89
2024-10-23T21:52:54+07:00,40850,36,43,24.8,89
2024-10-23T21:53:16+07:00,40851,36,44,24.8,89
2024-10-23T21:53:38+07:00,40852,36,41,24.8,89
2024-10-23T21:54:00+07:00,40853,35,40,24.6,89
2024-10-23T21:54:22+07:00,40854,36,41,24.5,88
2024-10-23T21:54:44+07:00,40855,35,42,24.5,88
2024-10-23T21:55:07+07:00,40856,36,39,24.5,88
2024-10-23T21:55:29+07:00,40857,35,42,24.5,88
2024-10-23T21:55:51+07:00,40858,35,41,24.5,88
2024-10-23T21:56:14+07:00,40859,36,39,24.5,88
2024-10-23T21:56:36+07:00,40860,36,42,24.5,89
2024-10-23T21:56:58+07:00,40861,35,41,24.5,89
2024-10-23T21:57:21+07:00,40862,36,42,24.5,88
2024-10-23T21:57:43+07:00,40863,35,43,24.5,88
2024-10-23T21:58:05+07:00,40864,35,41,24.5,88
2024-10-23T21:58:27+07:00,40865,36,43,24.5,88
2024-10-23T21:58:49+07:00,40866,36,44,24.5,88
2024-10-23T21:59:11+07:00,40867,36,43,24.5,87
2024-10-23T21:59:34+07:00,40868,36,42,24.5,87
2024-10-23T21:59:56+07:00,40869,36,44,24.5,87
2024-10-23T22:00:18+07:00,40870,35,44,24.5,87
2024-10-23T22:00:40+07:00,40871,37,43,24.5,88
2024-10-23T22:01:02+07:00,40872,36,41,24.5,88
2024-10-23T22:01:25+07:00,40873,35,43,24.5,88
2024-10-23T22:01:47+07:00,40874,36,42,24.5,89
2024-10-23T22:02:09+07:00,40875,35,40,24.5,88
2024-10-23T22:02:31+07:00,40876,35,42,24.5,88
2024-10-23T22:02:53+07:00,40877,36,42,24.5,88
2024-10-23T22:03:16+07:00,40878,35,40,24.5,88
2024-10-23T22:03:39+07:00,40879,36,45,24.5,88
2024-10-23T22:04:01+07:00,40880,35,42,24.5,88
2024-10-23T22:04:23+07:00,40881,36,41,24.5,88
2024-10-23T22:04:45+07:00,40882,35,41,24.5,88
2024-10-23T22:05:07+07:00,40883,36,42,24.5,88
2024-10-23T22:05:29+07:00,40884,36,41,24.5,88
2024-10-23T22:05:51+07:00,40885,36,40,24.5,88
2024-10-23T22:06:13+07:00,40886,36,43,24.5,88
2024-10-23T22:06:35+07:00,40887,36,40,24.5,88
2024-10-23T22:06:58+07:00,40888,35,41,24.5,88
2024-10-23T22:07:20+07:00,40889,36,42,24.5,88
2024-10-23T22:07:42+07:00,40890,36,41,24.5,89
2024-10-23T22:08:04+07:00,40891,35,41,24.5,88
2024-10-23T22:08:26+07:00,40892,36,43,24.5,88
2024-10-23T22:08:48+07:00,40893,36,40,24.5,88
2024-10-23T22:09:11+07:00,40894,36,44,24.5,88
2024-10-23T22:09:33+07:00,40895,37,42,24.5,88
2024-10-23T22:09:55+07:00,40896,36,43,24.5,88
2024-10-23T22:10:18+07:00,40897,36,43,24.5,88
2024-10-23T22:10:40+07:00,40898,36,44,24.5,88
2024-10-23T22:11:02+07:00,40899,36,41,24.5,89
2024-10-23T22:11:25+07:00,40900,36,41,24.5,88
2024-10-23T22:11:47+07:00,40901,35,43,24.5,89
2024-10-23T22:12:09+07:00,40902,36,42,24.5,89
2024-10-23T22:12:31+07:00,40903,35,43,24.5,89
2024-10-23T22:12:53+07:00,40904,36,44,24.5,89
2024-10-23T22:13:15+07:00,40905,36,42,24.5,89
2024-10-23T22:13:37+07:00,40906,36,42,24.5,89
2024-10-23T22:14:00+07:00,40907,35,41,24.5,89
2024-10-23T22:14:22+07:00,40908,36,43,24.5,89
2024-10-23T22:14:44+07:00,40909,35,44,24.5,88
2024-10-23T22:15:06+07:00,40910,36,40,24.5,88
2024-10-23T22:15:29+07:00,40911,36,42,24.5,88
2024-10-23T22:15:51+07:00,40912,35,44,24.5,88
2024-10-23T22:16:13+07:00,40913,35,43,24.5,88
2024-10-23T22:16:35+07:00,40914,35,41,24.5,88
2024-10-23T22:16:57+07:00,40915,36,40,24.5,88
2024-10-23T22:17:19+07:00,40916,36,41,24.5,87
2024-10-23T22:17:41+07:00,40917,36,42,24.5,88
2024-10-23T22:18:03+07:00,40918,36,43,24.5,88
2024-10-23T22:18:26+07:00,40919,35,43,24.5,88
2024-10-23T22:18:48+07:00,40920,36,41,24.5,88
2024-10-23T22:19:10+07:00,40921,35,40,24.5,88
2024-10-23T22:19:32+07:00,40922,36,40,24.5,87
2024-10-23T22:19:54+07:00,40923,35,43,24.5,88
2024-10-23T22:20:16+07:00,40924,36,40,24.5,88
2024-10-23T22:20:38+07:00,40925,36,42,24.5,88
2024-10-23T22:21:01+07:00,40926,36,40,24.5,87
2024-10-23T22:21:23+07:00,40927,35,42,24.5,87
2024-10-23T22:21:45+07:00,40928,36,44,24.5,88
2024-10-23T22:22:07+07:00,40929,37,40,24.5,88
2024-10-23T22:22:29+07:00,40930,36,41,24.5,88
2024-10-23T22:22:51+07:00,40931,35,40,24.5,88
2024-10-23T22:23:13+07:00,40932,36,42,24.5,88
2024-10-23T22:23:35+07:00,40933,35,45,24.5,89
2024-10-23T22:23:57+07:00,40934,36,43,24.5,89
2024-10-23T22:24:19+07:00,40935,35,40,24.5,89
2024-10-23T22:24:41+07:00,40936,35,44,24.5,89
2024-10-23T22:25:04+07:00,40937,35,39,24.5,89
2024-10-23T22:25:26+07:00,40938,36,43,24.5,89
2024-10-23T22:25:48+07:00,40939,35,41,24.5,89
2024-10-23T22:26:10+07:00,40940,35,40,24.5,89
2024-10-23T22:26:32+07:00,40941,35,43,24.5,89
2024-10-23T22:26:54+07:00,40942,36,42,24.5,89
2024-10-23T22:27:16+07:00,40943,35,41,24.5,89
2024-10-23T22:27:38+07:00,40944,37,40,24.5,88
2024-10-23T22:28:00+07:00,40945,36,42,24.5,88
2024-10-23T22:28:22+07:00,40946,35,42,24.5,88
2024-10-23T22:28:44+07:00,40947,35,41,24.5,88
2024-10-23T22:29:06+07:00,40948,36,42,24.5,88
2024-10-23T22:29:29+07:00,40949,35,40,24.5,88
2024-10-23T22:29:50+07:00,40950,35,41,24.5,88
2024-10-23T22:30:13+07:00,40951,36,41,24.5,87
2024-10-23T22:30:35+07:00,40952,36,41,24.5,88
2024-10-23T22:30:57+07:00,40953,35,41,24.5,88
2024-10-23T22:31:19+07:00,40954,36,44,24.5,88
2024-10-23T22:31:41+07:00,40955,36,43,24.5,87
2024-10-23T22:32:03+07:00,40956,35,44,24.5,87
2024-10-23T22:32:25+07:00,40957,36,42,24.5,87
2024-10-23T22:32:47+07:00,40958,36,42,24.5,87
2024-10-23T22:33:09+07:00,40959,36,43,24.5,87
2024-10-23T22:33:31+07:00,40960,36,40,24.5,88
2024-10-23T22:33:53+07:00,40961,36,43,24.5,87
2024-10-23T22:34:15+07:00,40962,35,42,24.5,88
2024-10-23T22:34:37+07:00,40963,35,41,24.5,88
2024-10-23T22:34:59+07:00,40964,35,43,24.5,88
2024-10-23T22:35:21+07:00,40965,35,42,24.5,88
2024-10-23T22:35:43+07:00,40966,35,39,24.5,88
2024-10-23T22:36:05+07:00,40967,36,43,24.5,88
2024-10-23T22:36:27+07:00,40968,35,43,24.5,88
2024-10-23T22:36:49+07:00,40969,36,42,24.5,88
2024-10-23T22:37:11+07:00,40970,35,42,24.5,88
2024-10-23T22:37:33+07:00,40971,36,42,24.5,88
2024-10-23T22:37:55+07:00,40972,35,40,24.5,88
2024-10-23T22:38:17+07:00,40973,36,41,24.5,88
2024-10-23T22:38:39+07:00,40974,36,40,24.5,88
2024-10-23T22:39:01+07:00,40975,36,40,24.5,88
2024-10-23T22:39:23+07:00,40976,36,41,24.5,88
2024-10-23T22:39:46+07:00,40977,35,41,24.5,88
2024-10-23T22:40:08+07:00,40978,36,43,24.5,88
2024-10-23T22:40:30+07:00,40979,36,40,24.5,88
2024-10-23T22:40:52+07:00,40980,36,42,24.5,88
2024-10-23T22:41:14+07:00,40981,36,43,24.5,88
2024-10-23T22:41:36+07:00,40982,36,44,24.5,88
2024-10-23T22:41:58+07:00,40983,35,42,24.5,88
2024-10-23T22:42:20+07:00,40984,35,43,24.5,88
2024-10-23T22:42:42+07:00,40985,35,41,24.3,88
2024-10-23T22:43:04+07:00,40986,35,43,24.2,88
2024-10-23T22:43:26+07:00,40987,35,42,24.4,88
2024-10-23T22:43:48+07:00,40988,35,43,24.2,88
2024-10-23T22:44:10+07:00,40989,35,40,24.2,88
2024-10-23T22:44:32+07:00,40990,36,44,24.1,88
2024-10-23T22:44:54+07:00,40991,35,43,24.1,88
2024-10-23T22:45:17+07:00,40992,35,40,24.1,88
2024-10-23T22:45:38+07:00,40993,35,44,24.1,88
2024-10-23T22:46:01+07:00,40994,36,43,24.1,88
2024-10-23T22:46:23+07:00,40995,36,40,24.2,88
2024-10-23T22:46:45+07:00,40996,35,41,24.1,87
2024-10-23T22:47:07+07:00,40997,35,41,24.1,88
2024-10-23T22:47:29+07:00,40998,35,44,24.1,88
2024-10-23T22:47:51+07:00,40999,36,40,24.2,88
2024-10-23T22:48:13+07:00,41000,36,44,24.2,88
2024-10-23T22:48:35+07:00,41001,35,41,24.1,89
2024-10-23T22:48:57+07:00,41002,35,42,24.1,88
2024-10-23T22:49:19+07:00,41003,35,45,24.2,89
2024-10-23T22:49:41+07:00,41004,36,44,24.1,88
2024-10-23T22:50:03+07:00,41005,36,40,24.1,88
2024-10-23T22:50:25+07:00,41006,36,42,24.1,88
2024-10-23T22:50:47+07:00,41007,36,42,24.1,88
2024-10-23T22:51:09+07:00,41008,36,43,24.1,88
2024-10-23T22:51:31+07:00,41009,35,42,24.1,88
2024-10-23T22:51:53+07:00,41010,35,40,24.1,88
2024-10-23T22:52:16+07:00,41011,35,43,24.1,88
2024-10-23T22:52:38+07:00,41012,35,40,24.1,88
2024-10-23T22:53:00+07:00,41013,36,41,24.1,88
2024-10-23T22:53:21+07:00,41014,35,42,24.1,88
2024-10-23T22:53:44+07:00,41015,35,41,24.1,89
2024-10-23T22:54:06+07:00,41016,36,41,24.2,89
2024-10-23T22:54:28+07:00,41017,35,43,24.1,89
2024-10-23T22:54:50+07:00,41018,36,42,24.1,89
2024-10-23T22:55:12+07:00,41019,36,41,24.2,89
2024-10-23T22:55:34+07:00,41020,35,42,24.1,89
2024-10-23T22:55:56+07:00,41021,36,43,24.1,89
2024-10-23T22:56:18+07:00,41022,35,44,24.2,90
2024-10-23T22:56:40+07:00,41023,35,41,24.2,90
2024-10-23T22:57:02+07:00,41024,34,41,24.2,90
2024-10-23T22:57:24+07:00,41025,36,39,24.2,90
2024-10-23T22:57:46+07:00,41026,36,39,24.2,90
2024-10-23T22:58:08+07:00,41027,37,42,24.2,89
2024-10-23T22:58:30+07:00,41028,35,43,24.2,89
2024-10-23T22:58:53+07:00,41029,35,41,24.2,89
2024-10-23T22:59:15+07:00,41030,35,41,24.2,89
2024-10-23T22:59:37+07:00,41031,35,41,24.2,89
2024-10-23T22:59:59+07:00,41032,34,39,24.2,90
2024-10-23T23:00:21+07:00,41033,34,43,24.2,89
2024-10-23T23:00:43+07:00,41034,36,43,24.2,90
2024-10-23T23:01:05+07:00,41035,35,41,24.2,89
2024-10-23T23:01:27+07:00,41036,35,40,24.2,89
2024-10-23T23:01:50+07:00,41037,35,39,24.2,89
2024-10-23T23:02:12+07:00,41038,35,41,24.2,89
2024-10-23T23:02:34+07:00,41039,36,43,24.2,89
2024-10-23T23:02:56+07:00,41040,35,40,24.2,89
2024-10-23T23:03:19+07:00,41041,35,41,24.2,90
2024-10-23T23:03:41+07:00,41042,35,40,24.2,89
2024-10-23T23:04:03+07:00,41043,34,40,24.2,90
2024-10-23T23:04:25+07:00,41044,36,42,24.2,90
2024-10-23T23:04:47+07:00,41045,37,43,24.1,89
2024-10-23T23:05:09+07:00,41046,35,41,24.1,89
2024-10-23T23:05:32+07:00,41047,35,43,24.1,89
2024-10-23T23:05:54+07:00,41048,36,44,24.1,89
2024-10-23T23:06:16+07:00,41049,35,41,24.1,89
2024-10-23T23:06:38+07:00,41050,35,41,24.1,89
2024-10-23T23:07:00+07:00,41051,35,42,24.1,89
2024-10-23T23:07:22+07:00,41052,35,43,24.1,89
2024-10-23T23:07:45+07:00,41053,36,40,24.1,89
2024-10-23T23:08:07+07:00,41054,35,41,24.1,89
2024-10-23T23:08:29+07:00,41055,36,41,24.1,89
2024-10-23T23:08:51+07:00,41056,35,44,24.1,89
2024-10-23T23:09:14+07:00,41057,35,40,24.1,89
2024-10-23T23:09:36+07:00,41058,35,44,24.1,89
2024-10-23T23:09:58+07:00,41059,35,41,24.1,90
2024-10-23T23:10:21+07:00,41060,35,40,24.1,90
2024-10-23T23:10:43+07:00,41061,36,44,24.1,90
2024-10-23T23:11:05+07:00,41062,35,41,24.1,90
2024-10-23T23:11:28+07:00,41063,35,39,24.1,90
2024-10-23T23:11:50+07:00,41064,35,40,24.1,90
2024-10-23T23:12:12+07:00,41065,35,40,24.1,90
2024-10-23T23:12:34+07:00,41066,36,40,24.1,90
2024-10-23T23:12:56+07:00,41067,35,42,24.1,90
2024-10-23T23:13:18+07:00,41068,35,41,24.1,90
2024-10-23T23:13:40+07:00,41069,35,40,24.1,90
2024-10-23T23:14:03+07:00,41070,34,43,24.1,90
2024-10-23T23:14:24+07:00,41071,36,42,24.1,90
2024-10-23T23:14:47+07:00,41072,35,39,24.1,90
2024-10-23T23:15:09+07:00,41073,35,41,24.1,90
2024-10-23T23:15:31+07:00,41074,35,42,24.1,90
2024-10-23T23:15:53+07:00,41075,35,43,24.1,90
2024-10-23T23:16:16+07:00,41076,35,42,24.1,90
2024-10-23T23:16:38+07:00,41077,36,43,24.1,90
2024-10-23T23:17:00+07:00,41078,36,41,24.1,90
2024-10-23T23:17:22+07:00,41079,36,43,24.1,90
2024-10-23T23:17:45+07:00,41080,35,43,24.1,90
2024-10-23T23:18:07+07:00,41081,36,43,24.1,90
2024-10-23T23:18:29+07:00,41082,35,42,24.1,90
2024-10-23T23:18:51+07:00,41083,36,43,24.1,90
2024-10-23T23:19:13+07:00,41084,35,44,24.1,90
2024-10-23T23:19:36+07:00,41085,36,42,24.1,90
2024-10-23T23:19:58+07:00,41086,34,44,24.1,90
2024-10-23T23:20:20+07:00,41087,36,40,24.1,90
2024-10-23T23:20:42+07:00,41088,35,42,24.1,89
2024-10-23T23:21:04+07:00,41089,35,41,24.1,90
2024-10-23T23:21:26+07:00,41090,35,42,24.1,90
2024-10-23T23:21:48+07:00,41091,36,43,24.1,90
2024-10-23T23:22:11+07:00,41092,34,41,24.1,90
2024-10-23T23:22:33+07:00,41093,35,44,24.1,89
2024-10-23T23:22:56+07:00,41094,36,41,24.1,89
2024-10-23T23:23:18+07:00,41095,36,43,24.1,89
2024-10-23T23:23:40+07:00,41096,34,44,24.1,89
2024-10-23T23:24:03+07:00,41097,35,40,24.1,90
2024-10-23T23:24:25+07:00,41098,35,43,24.1,90
2024-10-23T23:24:47+07:00,41099,35,43,24.1,90
2024-10-23T23:25:09+07:00,41100,35,40,24.1,90
2024-10-23T23:25:31+07:00,41101,35,40,24.1,90
2024-10-23T23:25:53+07:00,41102,34,44,24.1,90
2024-10-23T23:26:16+07:00,41103,35,40,24.1,90
2024-10-23T23:26:38+07:00,41104,36,41,24.1,90
2024-10-23T23:27:00+07:00,41105,35,42,24.1,90
2024-10-23T23:27:22+07:00,41106,35,41,24.1,90
2024-10-23T23:27:44+07:00,41107,35,38,24.1,90
2024-10-23T23:28:07+07:00,41108,36,41,24.1,90
2024-10-23T23:28:29+07:00,41109,35,41,24.1,90
2024-10-23T23:28:51+07:00,41110,35,40,24.1,90
2024-10-23T23:29:14+07:00,41111,36,43,24.1,90
2024-10-23T23:29:36+07:00,41112,36,41,24.1,90
2024-10-23T23:29:58+07:00,41113,36,40,24.1,89
2024-10-23T23:30:20+07:00,41114,35,43,24.1,89
2024-10-23T23:30:42+07:00,41115,35,43,23.9,89
2024-10-23T23:31:04+07:00,41116,35,43,23.8,89
2024-10-23T23:31:26+07:00,41117,34,39,23.8,89
2024-10-23T23:31:49+07:00,41118,35,42,23.8,89
2024-10-23T23:32:11+07:00,41119,37,40,23.8,89
2024-10-23T23:32:33+07:00,41120,36,41,23.8,89
2024-10-23T23:32:55+07:00,41121,36,40,23.8,90
2024-10-23T23:33:18+07:00,41122,35,40,23.8,90
2024-10-23T23:33:40+07:00,41123,34,43,23.8,90
2024-10-23T23:34:02+07:00,41124,35,40,23.8,90
2024-10-23T23:34:24+07:00,41125,36,42,23.8,90
2024-10-23T23:34:47+07:00,41126,36,41,23.8,90
2024-10-23T23:35:09+07:00,41127,35,39,23.8,90
2024-10-23T23:35:31+07:00,41128,35,41,23.8,90
2024-10-23T23:35:53+07:00,41129,35,41,23.8,90
2024-10-23T23:36:16+07:00,41130,35,43,23.8,90
2024-10-23T23:36:38+07:00,41131,35,40,23.8,90
2024-10-23T23:37:00+07:00,41132,35,41,23.8,90
2024-10-23T23:37:22+07:00,41133,36,42,23.8,90
2024-10-23T23:37:44+07:00,41134,35,42,23.8,90
2024-10-23T23:38:06+07:00,41135,36,42,23.8,90
2024-10-23T23:38:28+07:00,41136,35,40,23.8,90
2024-10-23T23:38:50+07:00,41137,36,41,23.8,90
2024-10-23T23:39:12+07:00,41138,35,39,23.8,90
2024-10-23T23:39:34+07:00,41139,35,42,23.8,90
2024-10-23T23:39:57+07:00,41140,35,41,23.8,90
2024-10-23T23:40:19+07:00,41141,36,41,23.8,90
2024-10-23T23:40:42+07:00,41142,36,39,23.8,90
2024-10-23T23:41:04+07:00,41143,35,44,23.8,90
2024-10-23T23:41:27+07:00,41144,36,41,23.8,90
2024-10-23T23:41:51+07:00,41145,35,43,23.8,90
2024-10-23T23:42:13+07:00,41146,35,41,23.8,90
2024-10-23T23:42:36+07:00,41147,34,39,23.8,90
2024-10-23T23:42:58+07:00,41148,36,40,23.8,90
2024-10-23T23:43:20+07:00,41149,35,44,23.8,90
2024-10-23T23:43:43+07:00,41150,35,39,23.8,90
2024-10-23T23:44:05+07:00,41151,35,41,23.8,90
2024-10-23T23:44:27+07:00,41152,35,42,23.8,90
2024-10-23T23:44:49+07:00,41153,36,41,23.8,90
2024-10-23T23:45:11+07:00,41154,36,41,23.8,90
2024-10-23T23:45:34+07:00,41155,36,43,23.8,90
2024-10-23T23:45:56+07:00,41156,35,39,23.8,90
2024-10-23T23:46:18+07:00,41157,36,40,23.8,90
2024-10-23T23:46:40+07:00,41158,35,40,23.8,90
2024-10-23T23:47:03+07:00,41159,35,43,23.8,90
2024-10-23T23:47:25+07:00,41160,35,39,23.8,90
2024-10-23T23:47:47+07:00,41161,36,39,23.8,90
2024-10-23T23:48:09+07:00,41162,36,42,23.8,90
2024-10-23T23:48:31+07:00,41163,35,43,23.8,90
2024-10-23T23:48:54+07:00,41164,35,42,23.8,90
2024-10-23T23:49:16+07:00,41165,35,42,23.8,89
2024-10-23T23:49:38+07:00,41166,36,42,23.8,89
2024-10-23T23:50:00+07:00,41167,36,40,23.8,90
2024-10-23T23:50:22+07:00,41168,35,41,23.8,90
2024-10-23T23:50:44+07:00,41169,35,42,23.8,90
2024-10-23T23:51:06+07:00,41170,35,41,23.8,90
2024-10-23T23:51:28+07:00,41171,36,39,23.8,89
2024-10-23T23:51:50+07:00,41172,35,40,23.8,90
2024-10-23T23:52:13+07:00,41173,36,41,23.8,90
2024-10-23T23:52:35+07:00,41174,35,41,23.8,90
2024-10-23T23:52:57+07:00,41175,34,42,23.8,90
2024-10-23T23:53:19+07:00,41176,35,40,23.8,90
2024-10-23T23:53:41+07:00,41177,36,42,23.8,90
2024-10-23T23:54:04+07:00,41178,35,40,23.8,90
2024-10-23T23:54:26+07:00,41179,35,41,23.8,90
2024-10-23T23:54:48+07:00,41180,36,39,23.8,90
2024-10-23T23:55:11+07:00,41181,35,43,23.8,90
2024-10-23T23:55:33+07:00,41182,35,41,23.8,90
2024-10-23T23:55:55+07:00,41183,36,41,23.8,89
2024-10-23T23:56:17+07:00,41184,35,41,23.8,89
2024-10-23T23:56:39+07:00,41185,35,43,23.8,89
2024-10-23T23:57:01+07:00,41186,35,41,23.8,89
2024-10-23T23:57:23+07:00,41187,35,43,23.8,89
2024-10-23T23:57:45+07:00,41188,36,41,23.8,90
2024-10-23T23:58:07+07:00,41189,35,42,23.8,90
2024-10-23T23:58:29+07:00,41190,35,42,23.8,90
2024-10-23T23:58:52+07:00,41191,35,41,23.8,90
2024-10-23T23:59:14+07:00,41192,36,42,23.8,90
2024-10-23T23:59:36+07:00,41193,34,42,23.8,90
2024-10-23T23:59:59+07:00,41194,35,41,23.8,90
2024-10-24T00:00:21+07:00,41195,35,43,23.8,90
2024-10-24T00:00:43+07:00,41196,35,44,23.8,91
2024-10-24T00:01:05+07:00,41197,35,42,23.8,91
2024-10-24T00:01:27+07:00,41198,35,42,23.8,91
2024-10-24T00:01:50+07:00,41199,35,43,23.8,90
2024-10-24T00:02:12+07:00,41200,35,43,23.8,90
2024-10-24T00:02:33+07:00,41201,35,41,23.8,90
2024-10-24T00:02:56+07:00,41202,35,42,23.8,91
2024-10-24T00:03:18+07:00,41203,34,41,23.8,91
2024-10-24T00:03:40+07:00,41204,36,43,23.8,91
2024-10-24T00:04:02+07:00,41205,35,42,23.8,90
2024-10-24T00:04:24+07:00,41206,35,41,23.8,90
2024-10-24T00:04:46+07:00,41207,35,42,23.8,90
2024-10-24T00:05:08+07:00,41208,35,42,23.8,90
2024-10-24T00:05:30+07:00,41209,35,40,23.8,90
2024-10-24T00:05:52+07:00,41210,35,43,23.8,90
2024-10-24T00:06:14+07:00,41211,35,42,23.8,90
2024-10-24T00:06:36+07:00,41212,35,41,23.8,90
2024-10-24T00:06:58+07:00,41213,35,41,23.8,90
2024-10-24T00:07:20+07:00,41214,35,42,23.8,90
2024-10-24T00:07:43+07:00,41215,35,42,23.8,90
2024-10-24T00:08:05+07:00,41216,35,42,23.8,90
2024-10-24T00:08:27+07:00,41217,35,42,23.8,89
2024-10-24T00:08:49+07:00,41218,35,41,23.8,89
2024-10-24T00:09:11+07:00,41219,34,42,23.8,89
2024-10-24T00:09:33+07:00,41220,35,43,23.8,90
2024-10-24T00:09:55+07:00,41221,35,42,23.8,90
2024-10-24T00:10:17+07:00,41222,35,42,23.8,89
2024-10-24T00:10:39+07:00,41223,36,41,23.8,90
2024-10-24T00:11:01+07:00,41224,35,41,23.8,89
2024-10-24T00:11:24+07:00,41225,36,41,23.8,90
2024-10-24T00:11:46+07:00,41226,35,42,23.8,90
2024-10-24T00:12:08+07:00,41227,35,41,23.8,90
2024-10-24T00:12:30+07:00,41228,35,42,23.8,90
2024-10-24T00:12:52+07:00,41229,35,41,23.8,91
2024-10-24T00:13:14+07:00,41230,35,42,23.8,92
2024-10-24T00:13:36+07:00,41231,35,41,23.8,92
2024-10-24T00:13:58+07:00,41232,35,42,23.8,91
2024-10-24T00:14:20+07:00,41233,35,42,23.8,90
2024-10-24T00:14:42+07:00,41234,35,42,23.8,90
2024-10-24T00:15:04+07:00,41235,35,41,23.8,90
2024-10-24T00:15:26+07:00,41236,34,41,23.8,90
2024-10-24T00:15:48+07:00,41237,35,41,23.8,90
2024-10-24T00:16:11+07:00,41238,36,41,23.8,90
2024-10-24T00:16:33+07:00,41239,35,42,23.8,91
2024-10-24T00:16:55+07:00,41240,35,42,23.8,90
2024-10-24T00:17:17+07:00,41241,35,42,23.8,90
2024-10-24T00:17:39+07:00,41242,35,42,23.8,90
2024-10-24T00:18:01+07:00,41243,35,42,23.8,90
2024-10-24T00:18:23+07:00,41244,35,42,23.8,89
2024-10-24T00:18:45+07:00,41245,35,42,23.8,89
2024-10-24T00:19:07+07:00,41246,35,42,23.8,89
2024-10-24T00:19:29+07:00,41247,35,42,23.8,89
2024-10-24T00:19:51+07:00,41248,35,40,23.8,89
2024-10-24T00:20:13+07:00,41249,35,42,23.8,89
2024-10-24T00:20:35+07:00,41250,36,41,23.8,89
2024-10-24T00:20:57+07:00,41251,35,42,23.8,89
2024-10-24T00:21:19+07:00,41252,35,42,23.8,90
2024-10-24T00:21:41+07:00,41253,35,41,23.8,90
2024-10-24T00:22:03+07:00,41254,34,41,23.8,90
2024-10-24T00:22:25+07:00,41255,35,42,23.8,90
2024-10-24T00:22:47+07:00,41256,35,42,23.8,90
2024-10-24T00:23:09+07:00,41257,35,42,23.8,90
2024-10-24T00:23:32+07:00,41258,35,41,23.8,90
2024-10-24T00:23:54+07:00,41259,35,42,23.8,91
2024-10-24T00:24:16+07:00,41260,35,41,23.8,91
2024-10-24T00:24:38+07:00,41261,35,41,23.8,91
2024-10-24T00:25:00+07:00,41262,35,42,23.8,91
2024-10-24T00:25:22+07:00,41263,35,41,23.8,90
2024-10-24T00:25:44+07:00,41264,35,42,23.8,90
2024-10-24T00:26:06+07:00,41265,35,43,23.8,90
2024-10-24T00:26:28+07:00,41266,35,42,23.8,90
2024-10-24T00:26:51+07:00,41267,34,40,23.8,90
2024-10-24T00:27:13+07:00,41268,35,42,23.8,90
2024-10-24T00:27:35+07:00,41269,35,42,23.8,90
2024-10-24T00:27:57+07:00,41270,35,41,23.8,90
2024-10-24T00:28:19+07:00,41271,35,41,23.8,90
2024-10-24T00:28:41+07:00,41272,35,41,23.8,90
2024-10-24T00:29:03+07:00,41273,35,42,23.8,90
2024-10-24T00:29:25+07:00,41274,34,42,23.8,90
2024-10-24T00:29:47+07:00,41275,35,43,23.8,90
2024-10-24T00:30:09+07:00,41276,35,41,23.8,91
2024-10-24T00:30:31+07:00,41277,34,41,23.8,91
2024-10-24T00:30:53+07:00,41278,34,41,23.8,90
2024-10-24T00:31:16+07:00,41279,35,41,23.8,90
2024-10-24T00:31:38+07:00,41280,34,40,23.8,91
2024-10-24T00:32:00+07:00,41281,35,41,23.8,91
2024-10-24T00:32:22+07:00,41282,35,41,23.8,91
2024-10-24T00:32:44+07:00,41283,34,41,23.8,91
2024-10-24T00:33:06+07:00,41284,35,41,23.8,90
2024-10-24T00:33:28+07:00,41285,36,42,23.8,90
2024-10-24T00:33:50+07:00,41286,35,43,23.8,91
2024-10-24T00:34:12+07:00,41287,35,42,23.8,91
2024-10-24T00:34:34+07:00,41288,35,41,23.8,90
2024-10-24T00:34:56+07:00,41289,35,40,23.8,91
2024-10-24T00:35:18+07:00,41290,35,41,23.8,90
2024-10-24T00:35:41+07:00,41291,35,40,23.8,91
2024-10-24T00:36:03+07:00,41292,35,41,23.8,91
2024-10-24T00:36:25+07:00,41293,35,42,23.8,91
2024-10-24T00:36:47+07:00,41294,35,42,23.8,92
2024-10-24T00:37:09+07:00,41295,35,40,23.8,92
2024-10-24T00:37:31+07:00,41296,35,41,23.8,91
2024-10-24T00:37:53+07:00,41297,35,41,23.8,91
2024-10-24T00:38:15+07:00,41298,35,42,23.8,91
2024-10-24T00:38:37+07:00,41299,35,42,23.8,90
2024-10-24T00:38:59+07:00,41300,35,42,23.8,90
2024-10-24T00:39:21+07:00,41301,35,42,23.8,90
2024-10-24T00:39:43+07:00,41302,35,42,23.8,90
2024-10-24T00:40:05+07:00,41303,35,40,23.8,90
2024-10-24T00:40:27+07:00,41304,35,42,23.8,90
2024-10-24T00:40:49+07:00,41305,35,41,23.8,90
2024-10-24T00:41:11+07:00,41306,35,41,23.8,90
2024-10-24T00:41:34+07:00,41307,35,42,23.8,90
2024-10-24T00:41:56+07:00,41308,35,42,23.8,90
2024-10-24T00:42:18+07:00,41309,35,41,23.8,90
2024-10-24T00:42:40+07:00,41310,35,41,23.8,90
2024-10-24T00:43:02+07:00,41311,34,40,23.8,90
2024-10-24T00:43:24+07:00,41312,35,40,23.8,90
2024-10-24T00:43:46+07:00,41313,34,42,23.8,90
2024-10-24T00:44:08+07:00,41314,35,42,23.8,91
2024-10-24T00:44:30+07:00,41315,35,42,23.8,91
2024-10-24T00:44:52+07:00,41316,35,41,23.8,91
2024-10-24T00:45:14+07:00,41317,35,42,23.8,91
2024-10-24T00:45:36+07:00,41318,35,41,23.8,91
2024-10-24T00:45:58+07:00,41319,34,41,23.8,91
2024-10-24T00:46:20+07:00,41320,35,42,23.8,91
2024-10-24T00:46:42+07:00,41321,35,41,23.8,91
2024-10-24T00:47:04+07:00,41322,35,42,23.8,92
2024-10-24T00:47:26+07:00,41323,36,43,23.8,92
2024-10-24T00:47:49+07:00,41324,34,41,23.8,92
2024-10-24T00:48:11+07:00,41325,35,43,23.8,92
2024-10-24T00:48:33+07:00,41326,35,42,23.8,92
2024-10-24T00:48:55+07:00,41327,35,42,23.8,92
2024-10-24T00:49:17+07:00,41328,34,41,23.8,92
2024-10-24T00:49:39+07:00,41329,35,40,23.8,92
2024-10-24T00:50:01+07:00,41330,35,41,23.8,92
2024-10-24T00:50:23+07:00,41331,35,41,23.8,92
2024-10-24T00:50:45+07:00,41332,35,41,23.8,92
2024-10-24T00:51:07+07:00,41333,34,42,23.8,92
2024-10-24T00:51:29+07:00,41334,35,42,23.8,92
2024-10-24T00:51:51+07:00,41335,35,41,23.8,92
2024-10-24T00:52:13+07:00,41336,35,42,23.8,92
2024-10-24T00:52:35+07:00,41337,35,41,23.8,92
2024-10-24T00:52:57+07:00,41338,35,41,23.8,92
2024-10-24T00:53:19+07:00,41339,35,41,23.8,92
2024-10-24T00:53:41+07:00,41340,35,40,23.8,92
2024-10-24T00:54:03+07:00,41341,35,41,23.8,92
2024-10-24T00:54:25+07:00,41342,35,41,23.8,92
2024-10-24T00:54:47+07:00,41343,35,41,23.8,92
2024-10-24T00:55:09+07:00,41344,35,42,23.8,91
2024-10-24T00:55:31+07:00,41345,35,42,23.8,91
2024-10-24T00:55:53+07:00,41346,36,41,23.8,91
2024-10-24T00:56:15+07:00,41347,35,40,23.8,91
2024-10-24T00:56:37+07:00,41348,35,40,23.8,91
2024-10-24T00:56:59+07:00,41349,34,41,23.8,92
2024-10-24T00:57:21+07:00,41350,34,42,23.8,92
2024-10-24T00:57:43+07:00,41351,34,41,23.8,92
2024-10-24T00:58:05+07:00,41352,34,40,23.8,91
2024-10-24T00:58:27+07:00,41353,35,40,23.8,91
2024-10-24T00:58:49+07:00,41354,35,42,23.8,91
2024-10-24T00:59:11+07:00,41355,35,40,23.8,91
2024-10-24T00:59:33+07:00,41356,35,42,23.8,91
2024-10-24T00:59:56+07:00,41357,35,41,23.8,91
2024-10-24T01:00:17+07:00,41358,35,40,23.8,91
2024-10-24T01:00:40+07:00,41359,35,42,23.8,91
2024-10-24T01:01:02+07:00,41360,35,41,23.8,91
2024-10-24T01:01:24+07:00,41361,35,41,23.8,91
2024-10-24T01:01:46+07:00,41362,35,42,23.8,91
2024-10-24T01:02:08+07:00,41363,35,42,23.8,91
2024-10-24T01:02:29+07:00,41364,34,42,23.8,92
2024-10-24T01:02:52+07:00,41365,35,41,23.8,92
2024-10-24T01:03:13+07:00,41366,34,41,23.8,92
2024-10-24T01:03:36+07:00,41367,34,40,23.8,92
2024-10-24T01:03:58+07:00,41368,35,41,23.8,92
2024-10-24T01:04:20+07:00,41369,34,41,23.8,92
2024-10-24T01:04:42+07:00,41370,34,40,23.8,92
2024-10-24T01:05:03+07:00,41371,35,42,23.8,92
2024-10-24T01:05:25+07:00,41372,35,41,23.8,92
2024-10-24T01:05:48+07:00,41373,34,40,23.8,91
2024-10-24T01:06:10+07:00,41374,35,41,23.8,91
2024-10-24T01:06:32+07:00,41375,34,40,23.8,91
2024-10-24T01:06:54+07:00,41376,35,40,23.8,92
2024-10-24T01:07:16+07:00,41377,34,41,23.8,92
2024-10-24T01:07:39+07:00,41378,35,41,23.8,92
2024-10-24T01:08:01+07:00,41379,35,40,23.8,92
2024-10-24T01:08:23+07:00,41380,34,41,23.8,91
2024-10-24T01:08:45+07:00,41381,35,41,23.8,91
2024-10-24T01:09:07+07:00,41382,35,41,23.8,91
2024-10-24T01:09:29+07:00,41383,35,41,23.8,91
2024-10-24T01:09:51+07:00,41384,35,42,23.8,91
2024-10-24T01:10:13+07:00,41385,35,41,23.8,92
2024-10-24T01:10:35+07:00,41386,35,41,23.8,92
2024-10-24T01:10:58+07:00,41387,35,41,23.8,92
2024-10-24T01:11:20+07:00,41388,34,39,23.8,92
2024-10-24T01:11:42+07:00,41389,35,41,23.8,92
2024-10-24T01:12:04+07:00,41390,34,41,23.8,92
2024-10-24T01:12:26+07:00,41391,35,41,23.8,92
2024-10-24T01:12:48+07:00,41392,35,41,23.8,92
2024-10-24T01:13:10+07:00,41393,34,41,23.8,92
2024-10-24T01:13:33+07:00,41394,34,40,23.8,91
2024-10-24T01:13:55+07:00,41395,35,42,23.8,91
2024-10-24T01:14:17+07:00,41396,35,41,23.8,92
2024-10-24T01:14:39+07:00,41397,35,40,23.8,92
2024-10-24T01:15:01+07:00,41398,35,42,23.8,92
2024-10-24T01:15:23+07:00,41399,35,41,23.8,92
2024-10-24T01:15:45+07:00,41400,34,42,23.8,92
2024-10-24T01:16:07+07:00,41401,34,41,23.8,92
2024-10-24T01:16:29+07:00,41402,35,42,23.8,92
2024-10-24T01:16:51+07:00,41403,35,41,23.8,92
2024-10-24T01:17:13+07:00,41404,34,41,23.8,92
2024-10-24T01:17:36+07:00,41405,35,40,23.8,92
2024-10-24T01:17:58+07:00,41406,34,40,23.8,91
2024-10-24T01:18:20+07:00,41407,35,40,23.8,91
2024-10-24T01:18:42+07:00,41408,35,41,23.8,91
2024-10-24T01:19:04+07:00,41409,34,40,23.8,91
2024-10-24T01:19:26+07:00,41410,35,41,23.8,91
2024-10-24T01:19:48+07:00,41411,34,41,23.8,91
2024-10-24T01:20:10+07:00,41412,35,42,23.8,91
2024-10-24T01:20:33+07:00,41413,35,40,23.8,91
2024-10-24T01:20:55+07:00,41414,35,41,23.8,91
2024-10-24T01:21:17+07:00,41415,35,41,23.8,91
2024-10-24T01:21:39+07:00,41416,35,42,23.8,91
2024-10-24T01:22:01+07:00,41417,35,41,23.8,92
2024-10-24T01:22:23+07:00,41418,35,41,23.8,92
2024-10-24T01:22:45+07:00,41419,35,41,23.8,92
2024-10-24T01:23:08+07:00,41420,35,41,23.8,91
2024-10-24T01:23:30+07:00,41421,35,42,23.8,91
2024-10-24T01:23:52+07:00,41422,35,41,23.8,91
2024-10-24T01:24:14+07:00,41423,35,41,23.8,91
2024-10-24T01:24:36+07:00,41424,35,42,23.8,91
2024-10-24T01:24:58+07:00,41425,35,41,23.8,91
2024-10-24T01:25:20+07:00,41426,35,41,23.8,92
2024-10-24T01:25:42+07:00,41427,35,42,23.8,92
2024-10-24T01:26:04+07:00,41428,35,41,23.8,92
2024-10-24T01:26:26+07:00,41429,35,43,23.8,92
2024-10-24T01:26:49+07:00,41430,35,40,23.8,92
2024-10-24T01:27:11+07:00,41431,34,42,23.8,92
2024-10-24T01:27:33+07:00,41432,34,41,23.8,92
2024-10-24T01:27:55+07:00,41433,35,41,23.8,92
2024-10-24T01:28:17+07:00,41434,35,40,23.8,92
2024-10-24T01:28:39+07:00,41435,34,42,23.8,92
2024-10-24T01:29:01+07:00,41436,35,42,23.8,92
2024-10-24T01:29:23+07:00,41437,35,40,23.8,92
2024-10-24T01:29:45+07:00,41438,34,42,23.8,92
2024-10-24T01:30:08+07:00,41439,34,42,23.8,92
2024-10-24T01:30:30+07:00,41440,35,41,23.8,92
2024-10-24T01:30:52+07:00,41441,35,42,23.8,92
2024-10-24T01:31:14+07:00,41442,39,42,23.8,92
2024-10-24T01:31:36+07:00,41443,35,40,23.8,92
2024-10-24T01:31:58+07:00,41444,35,41,23.8,91
2024-10-24T01:32:20+07:00,41445,35,42,23.8,92
2024-10-24T01:32:42+07:00,41446,35,42,23.8,92
2024-10-24T01:33:05+07:00,41447,34,42,23.8,92
2024-10-24T01:33:27+07:00,41448,35,41,23.8,92
2024-10-24T01:33:49+07:00,41449,35,39,23.8,92
2024-10-24T01:34:11+07:00,41450,35,42,23.8,92
2024-10-24T01:34:33+07:00,41451,35,40,23.8,92
2024-10-24T01:34:55+07:00,41452,35,41,23.8,92
2024-10-24T01:35:17+07:00,41453,35,41,23.8,92
2024-10-24T01:35:39+07:00,41454,35,41,23.8,92
2024-10-24T01:36:01+07:00,41455,35,40,23.8,92
2024-10-24T01:36:24+07:00,41456,35,40,23.8,92
2024-10-24T01:36:46+07:00,41457,35,40,23.8,92
2024-10-24T01:37:08+07:00,41458,35,42,23.8,92
2024-10-24T01:37:30+07:00,41459,35,41,23.8,92
2024-10-24T01:37:52+07:00,41460,34,40,23.8,92
2024-10-24T01:38:15+07:00,41461,35,40,23.8,92
2024-10-24T01:38:37+07:00,41462,35,42,23.8,92
2024-10-24T01:38:59+07:00,41463,35,41,23.8,92
2024-10-24T01:39:21+07:00,41464,35,41,23.8,92
2024-10-24T01:39:43+07:00,41465,35,41,23.8,92
2024-10-24T01:40:05+07:00,41466,35,40,23.8,92
2024-10-24T01:40:27+07:00,41467,34,41,23.8,92
2024-10-24T01:40:49+07:00,41468,34,40,23.8,92
2024-10-24T01:41:12+07:00,41469,35,40,23.8,92
2024-10-24T01:41:34+07:00,41470,35,42,23.8,92
2024-10-24T01:41:56+07:00,41471,35,40,23.8,92
2024-10-24T01:42:18+07:00,41472,34,41,23.8,92
2024-10-24T01:42:40+07:00,41473,35,41,23.8,92
2024-10-24T01:43:02+07:00,41474,34,40,23.8,92
2024-10-24T01:43:24+07:00,41475,34,41,23.8,92
2024-10-24T01:43:46+07:00,41476,35,40,23.8,93
2024-10-24T01:44:08+07:00,41477,35,41,23.8,93
2024-10-24T01:44:31+07:00,41478,35,41,23.8,92
2024-10-24T01:44:53+07:00,41479,34,40,23.8,92
2024-10-24T01:45:15+07:00,41480,35,41,23.8,92
2024-10-24T01:45:38+07:00,41481,35,41,23.8,92
2024-10-24T01:46:00+07:00,41482,35,41,23.8,92
2024-10-24T01:46:22+07:00,41483,35,41,23.8,92
2024-10-24T01:46:44+07:00,41484,35,41,23.8,92
2024-10-24T01:47:06+07:00,41485,35,42,23.8,92
2024-10-24T01:47:29+07:00,41486,35,41,23.8,92
2024-10-24T01:47:52+07:00,41487,35,41,23.8,92
2024-10-24T01:48:14+07:00,41488,35,41,23.8,92
2024-10-24T01:48:36+07:00,41489,34,42,23.8,93
2024-10-24T01:48:58+07:00,41490,34,40,23.7,93
2024-10-24T01:49:21+07:00,41491,34,41,23.5,93
2024-10-24T01:49:43+07:00,41492,35,41,23.6,93
2024-10-24T01:50:06+07:00,41493,35,41,23.4,93
2024-10-24T01:50:28+07:00,41494,34,40,23.4,93
2024-10-24T01:50:50+07:00,41495,34,41,23.5,93
2024-10-24T01:51:12+07:00,41496,35,40,23.7,93
2024-10-24T01:51:35+07:00,41497,35,41,23.7,93
2024-10-24T01:51:57+07:00,41498,35,41,23.7,93
2024-10-24T01:52:19+07:00,41499,34,40,23.7,93
2024-10-24T01:52:42+07:00,41500,34,41,23.8,93
2024-10-24T01:53:04+07:00,41501,34,41,23.8,93
2024-10-24T01:53:26+07:00,41502,34,42,23.8,93
2024-10-24T01:53:49+07:00,41503,35,41,23.7,93
2024-10-24T01:54:11+07:00,41504,35,40,23.7,93
2024-10-24T01:54:34+07:00,41505,34,42,23.7,93
2024-10-24T01:54:56+07:00,41506,34,41,23.7,93
2024-10-24T01:55:19+07:00,41507,35,42,23.8,93
2024-10-24T01:55:41+07:00,41508,35,39,23.8,93
2024-10-24T01:56:03+07:00,41509,35,42,23.8,93
2024-10-24T01:56:26+07:00,41510,34,40,23.8,93
2024-10-24T01:56:48+07:00,41511,35,40,23.8,93
2024-10-24T01:57:10+07:00,41512,35,40,23.8,93
2024-10-24T01:57:33+07:00,41513,35,41,23.8,93
2024-10-24T01:57:56+07:00,41514,35,42,23.8,93
2024-10-24T01:58:18+07:00,41515,34,42,23.8,93
2024-10-24T01:58:40+07:00,41516,34,40,23.8,93
2024-10-24T01:59:03+07:00,41517,35,39,23.8,93
2024-10-24T01:59:25+07:00,41518,35,41,23.8,93
2024-10-24T01:59:47+07:00,41519,34,39,23.5,93
2024-10-24T02:00:10+07:00,41520,34,42,23.4,93
2024-10-24T02:00:32+07:00,41521,35,40,23.4,93
2024-10-24T02:00:55+07:00,41522,35,42,23.4,93
2024-10-24T02:01:18+07:00,41523,35,42,23.4,93
2024-10-24T02:01:40+07:00,41524,35,40,23.7,93
2024-10-24T02:02:03+07:00,41525,35,40,23.7,93
2024-10-24T02:02:25+07:00,41526,34,41,23.7,93
2024-10-24T02:02:48+07:00,41527,35,41,23.8,93
2024-10-24T02:03:10+07:00,41528,34,41,23.8,93
2024-10-24T02:03:33+07:00,41529,35,41,23.8,93
2024-10-24T02:03:55+07:00,41530,35,41,23.8,93
2024-10-24T02:04:17+07:00,41531,35,42,23.5,93
2024-10-24T02:04:40+07:00,41532,35,41,23.4,93
2024-10-24T02:05:02+07:00,41533,35,42,23.4,93
2024-10-24T02:05:25+07:00,41534,35,41,23.4,93
2024-10-24T02:05:47+07:00,41535,35,38,23.4,93
2024-10-24T02:06:09+07:00,41536,34,41,23.4,93
2024-10-24T02:06:32+07:00,41537,35,41,23.8,93
2024-10-24T02:06:55+07:00,41538,34,41,23.8,93
2024-10-24T02:07:17+07:00,41539,34,40,23.8,93
2024-10-24T02:07:40+07:00,41540,34,41,23.8,93
2024-10-24T02:08:03+07:00,41541,34,40,23.8,93
2024-10-24T02:08:25+07:00,41542,34,41,23.8,93
2024-10-24T02:08:48+07:00,41543,34,41,23.8,93
2024-10-24T02:09:10+07:00,41544,35,40,23.8,93
2024-10-24T02:09:32+07:00,41545,34,41,23.8,93
2024-10-24T02:09:54+07:00,41546,34,40,23.8,93
2024-10-24T02:10:17+07:00,41547,35,41,23.8,93
2024-10-24T02:10:39+07:00,41548,35,40,23.8,93
2024-10-24T02:11:02+07:00,41549,34,41,23.8,93
2024-10-24T02:11:24+07:00,41550,35,40,23.8,93
2024-10-24T02:11:47+07:00,41551,34,40,23.8,93
2024-10-24T02:12:09+07:00,41552,35,41,23.8,93
2024-10-24T02:12:31+07:00,41553,34,42,23.8,94
2024-10-24T02:12:54+07:00,41554,34,41,23.8,94
2024-10-24T02:13:16+07:00,41555,35,41,23.8,94
2024-10-24T02:13:39+07:00,41556,35,41,23.8,94
2024-10-24T02:14:01+07:00,41557,34,41,23.8,93
2024-10-24T02:14:23+07:00,41558,35,40,23.8,93
2024-10-24T02:14:46+07:00,41559,35,40,23.8,93
2024-10-24T02:15:08+07:00,41560,35,40,23.8,93
2024-10-24T02:15:31+07:00,41561,35,42,23.8,93
2024-10-24T02:15:53+07:00,41562,34,41,23.8,93
2024-10-24T02:16:15+07:00,41563,34,40,23.8,93
2024-10-24T02:16:38+07:00,41564,34,40,23.8,93
2024-10-24T02:17:00+07:00,41565,34,40,23.8,93
2024-10-24T02:17:23+07:00,41566,35,41,23.8,93
2024-10-24T02:17:45+07:00,41567,34,41,23.8,93
2024-10-24T02:18:08+07:00,41568,34,39,23.8,93
2024-10-24T02:18:30+07:00,41569,35,41,23.8,93
2024-10-24T02:18:52+07:00,41570,33,41,23.8,93
2024-10-24T02:19:15+07:00,41571,34,40,23.8,93
2024-10-24T02:19:38+07:00,41572,34,40,23.8,93
2024-10-24T02:20:00+07:00,41573,34,40,23.8,93
2024-10-24T02:20:22+07:00,41574,35,42,23.8,93
2024-10-24T02:20:45+07:00,41575,34,40,23.8,93
2024-10-24T02:21:08+07:00,41576,35,41,23.8,93
2024-10-24T02:21:30+07:00,41577,34,40,23.8,93
2024-10-24T02:21:52+07:00,41578,35,41,23.8,93
2024-10-24T02:22:14+07:00,41579,35,39,23.8,93
2024-10-24T02:22:36+07:00,41580,34,40,23.8,93
2024-10-24T02:22:59+07:00,41581,34,41,23.8,93
2024-10-24T02:23:21+07:00,41582,35,42,23.8,93
2024-10-24T02:23:44+07:00,41583,35,40,23.8,93
2024-10-24T02:24:06+07:00,41584,35,40,23.8,93
2024-10-24T02:24:28+07:00,41585,35,41,23.8,93
2024-10-24T02:24:51+07:00,41586,35,41,23.8,93
2024-10-24T02:25:13+07:00,41587,34,41,23.8,93
2024-10-24T02:25:36+07:00,41588,34,40,23.8,93
2024-10-24T02:25:59+07:00,41589,34,40,23.8,93
2024-10-24T02:26:22+07:00,41590,34,41,23.8,93
2024-10-24T02:26:45+07:00,41591,34,42,23.8,93
2024-10-24T02:27:07+07:00,41592,34,40,23.8,93
2024-10-24T02:27:29+07:00,41593,34,41,23.8,93
2024-10-24T02:27:52+07:00,41594,34,41,23.8,93
2024-10-24T02:28:14+07:00,41595,35,43,23.8,93
2024-10-24T02:28:37+07:00,41596,35,40,23.8,93
2024-10-24T02:28:59+07:00,41597,34,40,23.8,93
2024-10-24T02:29:21+07:00,41598,34,41,23.8,94
2024-10-24T02:29:44+07:00,41599,34,41,23.8,94
2024-10-24T02:30:07+07:00,41600,35,41,23.8,94
2024-10-24T02:30:29+07:00,41601,34,41,23.8,93
2024-10-24T02:30:52+07:00,41602,35,41,23.8,93
2024-10-24T02:31:14+07:00,41603,34,41,23.8,93
2024-10-24T02:31:37+07:00,41604,34,40,23.8,93
2024-10-24T02:32:00+07:00,41605,34,42,23.8,94
2024-10-24T02:32:23+07:00,41606,34,41,23.8,94
2024-10-24T02:32:45+07:00,41607,34,41,23.8,94
2024-10-24T02:33:09+07:00,41608,35,41,23.8,94
2024-10-24T02:33:32+07:00,41609,35,40,23.8,94
2024-10-24T02:33:54+07:00,41610,34,40,23.8,94
2024-10-24T02:34:17+07:00,41611,34,41,23.8,94
2024-10-24T02:34:40+07:00,41612,34,40,23.8,94
2024-10-24T02:35:04+07:00,41613,34,41,23.8,94
2024-10-24T02:35:27+07:00,41614,34,41,23.8,93
2024-10-24T02:35:49+07:00,41615,35,41,23.8,93
2024-10-24T02:36:13+07:00,41616,35,42,23.8,93
2024-10-24T02:36:36+07:00,41617,34,40,23.8,93
2024-10-24T02:36:59+07:00,41618,34,40,23.8,93
2024-10-24T02:37:22+07:00,41619,34,40,23.8,93
2024-10-24T02:37:47+07:00,41620,34,41,23.7,93
2024-10-24T02:38:09+07:00,41621,34,41,23.5,93
2024-10-24T02:38:32+07:00,41622,35,40,23.4,93
2024-10-24T02:38:54+07:00,41623,35,40,23.4,93
2024-10-24T02:39:17+07:00,41624,35,41,23.5,93
2024-10-24T02:39:40+07:00,41625,35,41,23.4,93
2024-10-24T02:40:03+07:00,41626,34,40,23.4,93
2024-10-24T02:40:26+07:00,41627,35,41,23.4,94
2024-10-24T02:40:50+07:00,41628,35,41,23.4,94
2024-10-24T02:41:12+07:00,41629,35,41,23.4,94
2024-10-24T02:41:36+07:00,41630,34,41,23.4,94
2024-10-24T02:41:58+07:00,41631,35,41,23.4,94
2024-10-24T02:42:21+07:00,41632,35,41,23.4,94
2024-10-24T02:42:44+07:00,41633,35,41,23.4,94
2024-10-24T02:43:07+07:00,41634,35,40,23.4,93
2024-10-24T02:43:31+07:00,41635,34,40,23.4,93
2024-10-24T02:43:54+07:00,41636,35,40,23.4,93
2024-10-24T02:44:17+07:00,41637,34,41,23.4,94
2024-10-24T02:44:40+07:00,41638,34,40,23.4,93
2024-10-24T02:45:03+07:00,41639,34,39,23.4,93
2024-10-24T02:45:26+07:00,41640,34,41,23.4,94
2024-10-24T02:45:48+07:00,41641,35,40,23.4,94
2024-10-24T02:46:11+07:00,41642,35,41,23.4,94
2024-10-24T02:46:34+07:00,41643,34,40,23.4,94
2024-10-24T02:46:56+07:00,41644,34,40,23.4,94
2024-10-24T02:47:18+07:00,41645,35,40,23.4,94
2024-10-24T02:47:41+07:00,41646,35,41,23.4,94
2024-10-24T02:48:03+07:00,41647,34,41,23.4,94
2024-10-24T02:48:26+07:00,41648,34,41,23.4,94
2024-10-24T02:48:49+07:00,41649,35,40,23.4,94
2024-10-24T02:49:12+07:00,41650,34,41,23.4,93
2024-10-24T02:49:35+07:00,41651,35,40,23.4,93
2024-10-24T02:49:58+07:00,41652,35,40,23.4,93
2024-10-24T02:50:23+07:00,41653,35,41,23.4,93
2024-10-24T02:50:46+07:00,41654,35,42,23.4,93
2024-10-24T02:51:09+07:00,41655,34,41,23.4,93
2024-10-24T02:51:32+07:00,41656,35,42,23.4,93
2024-10-24T02:51:55+07:00,41657,35,40,23.4,93
2024-10-24T02:52:17+07:00,41658,34,40,23.4,93
2024-10-24T02:52:40+07:00,41659,35,41,23.4,93
2024-10-24T02:53:03+07:00,41660,35,40,23.4,93
2024-10-24T02:53:26+07:00,41661,35,40,23.4,94
2024-10-24T02:53:48+07:00,41662,34,41,23.4,94
2024-10-24T02:54:10+07:00,41663,35,40,23.4,94
2024-10-24T02:54:33+07:00,41664,35,41,23.4,93
2024-10-24T02:54:57+07:00,41665,35,42,23.4,93
2024-10-24T02:55:19+07:00,41666,35,41,23.4,93
2024-10-24T02:55:41+07:00,41667,35,41,23.4,93
2024-10-24T02:56:04+07:00,41668,34,41,23.4,93
2024-10-24T02:56:26+07:00,41669,35,40,23.4,94
2024-10-24T02:56:50+07:00,41670,35,40,23.4,94
2024-10-24T02:57:12+07:00,41671,35,39,23.4,94
2024-10-24T02:57:35+07:00,41672,35,40,23.4,94
2024-10-24T02:57:58+07:00,41673,35,41,23.4,94
2024-10-24T02:58:21+07:00,41674,35,40,23.4,94
2024-10-24T02:58:44+07:00,41675,34,41,23.4,94
2024-10-24T02:59:07+07:00,41676,35,41,23.4,94
2024-10-24T02:59:29+07:00,41677,34,38,23.4,94
2024-10-24T02:59:52+07:00,41678,34,40,23.4,94
2024-10-24T03:00:15+07:00,41679,35,39,23.4,94
2024-10-24T03:00:38+07:00,41680,34,42,23.4,94
2024-10-24T03:01:00+07:00,41681,34,41,23.4,94
2024-10-24T03:01:22+07:00,41682,34,41,23.4,94
2024-10-24T03:01:44+07:00,41683,34,40,23.4,94
2024-10-24T03:02:07+07:00,41684,34,41,23.4,94
2024-10-24T03:02:29+07:00,41685,34,39,23.4,94
2024-10-24T03:02:51+07:00,41686,35,40,23.4,94
2024-10-24T03:03:13+07:00,41687,34,40,23.4,94
2024-10-24T03:03:35+07:00,41688,34,41,23.4,94
2024-10-24T03:03:57+07:00,41689,34,40,23.4,94
2024-10-24T03:04:19+07:00,41690,34,39,23.4,94
2024-10-24T03:04:42+07:00,41691,34,39,23.4,94
2024-10-24T03:05:04+07:00,41692,34,40,23.4,94
2024-10-24T03:05:26+07:00,41693,34,40,23.4,94
2024-10-24T03:05:48+07:00,41694,34,40,23.4,94
2024-10-24T03:06:10+07:00,41695,35,40,23.4,94
2024-10-24T03:06:33+07:00,41696,35,39,23.4,94
2024-10-24T03:06:55+07:00,41697,34,40,23.4,94
2024-10-24T03:07:17+07:00,41698,34,41,23.4,94
2024-10-24T03:07:39+07:00,41699,35,40,23.4,94
2024-10-24T03:08:02+07:00,41700,34,41,23.4,94
2024-10-24T03:08:24+07:00,41701,34,40,23.4,94
2024-10-24T03:08:46+07:00,41702,34,41,23.4,94
2024-10-24T03:09:09+07:00,41703,35,40,23.4,94
2024-10-24T03:09:30+07:00,41704,34,41,23.4,94
2024-10-24T03:09:53+07:00,41705,35,40,23.4,94
2024-10-24T03:10:15+07:00,41706,34,40,23.4,94
2024-10-24T03:10:38+07:00,41707,34,41,23.4,94
2024-10-24T03:11:00+07:00,41708,35,41,23.4,94
2024-10-24T03:11:22+07:00,41709,35,40,23.4,94
2024-10-24T03:11:44+07:00,41710,34,40,23.4,94
2024-10-24T03:12:06+07:00,41711,35,41,23.4,94
2024-10-24T03:12:28+07:00,41712,34,40,23.4,95
2024-10-24T03:12:50+07:00,41713,34,39,23.4,95
2024-10-24T03:13:13+07:00,41714,34,40,23.4,95
2024-10-24T03:13:35+07:00,41715,35,40,23.4,95
2024-10-24T03:13:57+07:00,41716,34,40,23.4,95
2024-10-24T03:14:20+07:00,41717,34,40,23.4,95
2024-10-24T03:14:42+07:00,41718,34,41,23.4,95
2024-10-24T03:15:04+07:00,41719,34,40,23.4,95
2024-10-24T03:15:26+07:00,41720,34,40,23.4,95
2024-10-24T03:15:49+07:00,41721,35,40,23.4,95
2024-10-24T03:16:11+07:00,41722,35,40,23.4,95
2024-10-24T03:16:33+07:00,41723,34,40,23.4,95
2024-10-24T03:16:55+07:00,41724,34,41,23.4,95
2024-10-24T03:17:17+07:00,41725,34,41,23.4,95
2024-10-24T03:17:39+07:00,41726,35,40,23.4,95
2024-10-24T03:18:01+07:00,41727,34,41,23.4,95
2024-10-24T03:18:23+07:00,41728,34,41,23.4,94
2024-10-24T03:18:45+07:00,41729,35,40,23.4,94
2024-10-24T03:19:07+07:00,41730,34,40,23.4,94
2024-10-24T03:19:29+07:00,41731,34,40,23.4,94
2024-10-24T03:19:51+07:00,41732,34,40,23.4,94
2024-10-24T03:20:14+07:00,41733,34,41,23.4,94
2024-10-24T03:20:36+07:00,41734,35,40,23.4,94
2024-10-24T03:20:58+07:00,41735,35,40,23.4,94
2024-10-24T03:21:20+07:00,41736,34,39,23.4,94
2024-10-24T03:21:42+07:00,41737,34,40,23.4,94
2024-10-24T03:22:04+07:00,41738,35,39,23.4,94
2024-10-24T03:22:27+07:00,41739,34,39,23.4,94
2024-10-24T03:22:49+07:00,41740,34,39,23.4,94
2024-10-24T03:23:11+07:00,41741,34,41,23.4,94
2024-10-24T03:23:33+07:00,41742,34,40,23.4,94
2024-10-24T03:23:55+07:00,41743,34,39,23.4,94
2024-10-24T03:24:17+07:00,41744,35,41,23.4,94
2024-10-24T03:24:39+07:00,41745,35,39,23.4,94
2024-10-24T03:25:01+07:00,41746,35,41,23.4,94
2024-10-24T03:25:23+07:00,41747,35,40,23.4,94
2024-10-24T03:25:46+07:00,41748,34,40,23.4,94
2024-10-24T03:26:08+07:00,41749,34,39,23.4,94
2024-10-24T03:26:30+07:00,41750,34,39,23.4,94
2024-10-24T03:26:53+07:00,41751,34,40,23.4,94
2024-10-24T03:27:15+07:00,41752,35,39,23.4,94
2024-10-24T03:27:37+07:00,41753,34,39,23.4,94
2024-10-24T03:27:59+07:00,41754,35,40,23.4,94
2024-10-24T03:28:21+07:00,41755,35,40,23.4,94
2024-10-24T03:28:43+07:00,41756,35,40,23.4,94
2024-10-24T03:29:06+07:00,41757,34,40,23.4,94
2024-10-24T03:29:27+07:00,41758,34,40,23.4,94
2024-10-24T03:29:49+07:00,41759,34,39,23.4,94
2024-10-24T03:30:12+07:00,41760,34,40,23.4,94
2024-10-24T03:30:34+07:00,41761,34,41,23.4,94
2024-10-24T03:30:56+07:00,41762,35,41,23.4,94
2024-10-24T03:31:18+07:00,41763,34,39,23.1,94
2024-10-24T03:31:40+07:00,41764,34,40,23,94
2024-10-24T03:32:02+07:00,41765,35,40,23.2,94
2024-10-24T03:32:25+07:00,41766,34,39,23.4,94
2024-10-24T03:32:47+07:00,41767,34,40,23.1,94
2024-10-24T03:33:09+07:00,41768,34,39,23,94
2024-10-24T03:33:31+07:00,41769,35,40,23,94
2024-10-24T03:33:54+07:00,41770,35,39,23,94
2024-10-24T03:34:16+07:00,41771,34,40,23,94
2024-10-24T03:34:38+07:00,41772,34,39,23,94
2024-10-24T03:35:00+07:00,41773,34,40,23,94
2024-10-24T03:35:22+07:00,41774,34,40,23,94
2024-10-24T03:35:44+07:00,41775,34,41,23,94
2024-10-24T03:36:06+07:00,41776,34,39,23,94
2024-10-24T03:36:28+07:00,41777,34,41,23,94
2024-10-24T03:36:51+07:00,41778,34,39,23,94
2024-10-24T03:37:13+07:00,41779,34,40,23,94
2024-10-24T03:37:35+07:00,41780,34,39,23,94
2024-10-24T03:37:57+07:00,41781,34,39,23,94
2024-10-24T03:38:19+07:00,41782,35,40,23,94
2024-10-24T03:38:41+07:00,41783,35,40,23,95
2024-10-24T03:39:03+07:00,41784,34,41,23,95
2024-10-24T03:39:25+07:00,41785,34,40,23,95
2024-10-24T03:39:47+07:00,41786,35,40,23,95
2024-10-24T03:40:09+07:00,41787,35,40,23,95
2024-10-24T03:40:31+07:00,41788,34,39,23,95
2024-10-24T03:40:53+07:00,41789,34,40,23,95
2024-10-24T03:41:16+07:00,41790,34,39,23,95
2024-10-24T03:41:38+07:00,41791,35,40,23,94
2024-10-24T03:42:00+07:00,41792,34,41,23,94
2024-10-24T03:42:22+07:00,41793,34,41,23,94
2024-10-24T03:42:44+07:00,41794,34,40,23,94
2024-10-24T03:43:06+07:00,41795,34,40,23,94
2024-10-24T03:43:28+07:00,41796,35,40,23,94
2024-10-24T03:43:50+07:00,41797,34,39,23.4,95
2024-10-24T03:44:12+07:00,41798,34,39,23.4,95
2024-10-24T03:44:35+07:00,41799,34,39,23.4,95
2024-10-24T03:44:56+07:00,41800,34,40,23.4,95
2024-10-24T03:45:18+07:00,41801,34,40,23.4,95
2024-10-24T03:45:40+07:00,41802,35,40,23.4,95
2024-10-24T03:46:02+07:00,41803,34,40,23.4,94
2024-10-24T03:46:24+07:00,41804,34,39,23.4,94
2024-10-24T03:46:47+07:00,41805,34,41,23.4,94
2024-10-24T03:47:09+07:00,41806,35,40,23.4,94
2024-10-24T03:47:31+07:00,41807,34,40,23.4,94
2024-10-24T03:47:53+07:00,41808,35,41,23.4,94
2024-10-24T03:48:15+07:00,41809,34,39,23.4,94
2024-10-24T03:48:37+07:00,41810,34,41,23.4,94
2024-10-24T03:48:59+07:00,41811,34,41,23.4,94
2024-10-24T03:49:21+07:00,41812,35,40,23.4,94
2024-10-24T03:49:44+07:00,41813,34,39,23.4,94
2024-10-24T03:50:05+07:00,41814,34,39,23.4,94
2024-10-24T03:50:27+07:00,41815,35,40,23.1,94
2024-10-24T03:50:50+07:00,41816,34,39,23,94
2024-10-24T03:51:12+07:00,41817,34,38,23,94
2024-10-24T03:51:35+07:00,41818,34,39,23,94
2024-10-24T03:51:57+07:00,41819,34,39,23,94
2024-10-24T03:52:19+07:00,41820,35,40,23.1,94
2024-10-24T03:52:41+07:00,41821,34,39,23.4,94
2024-10-24T03:53:03+07:00,41822,34,40,23.4,94
2024-10-24T03:53:25+07:00,41823,34,39,23.4,95
2024-10-24T03:53:47+07:00,41824,34,39,23.4,94
2024-10-24T03:54:09+07:00,41825,35,40,23.4,94
2024-10-24T03:54:31+07:00,41826,35,39,23.4,94
2024-10-24T03:54:53+07:00,41827,34,40,23.4,94
2024-10-24T03:55:15+07:00,41828,35,40,23.4,94
2024-10-24T03:55:37+07:00,41829,34,40,23,94
2024-10-24T03:55:59+07:00,41830,35,40,23,94
2024-10-24T03:56:21+07:00,41831,34,39,23,94
2024-10-24T03:56:44+07:00,41832,35,40,23,94
2024-10-24T03:57:06+07:00,41833,34,40,23,94
2024-10-24T03:57:28+07:00,41834,35,40,23,94
2024-10-24T03:57:50+07:00,41835,35,41,23,94
2024-10-24T03:58:12+07:00,41836,35,40,23,94
2024-10-24T03:58:33+07:00,41837,34,41,23,94
2024-10-24T03:58:55+07:00,41838,35,40,23,94
2024-10-24T03:59:17+07:00,41839,34,40,23,94
2024-10-24T03:59:40+07:00,41840,35,40,23,94
2024-10-24T04:00:01+07:00,41841,34,40,23,94
2024-10-24T04:00:24+07:00,41842,35,40,23,94
2024-10-24T04:00:46+07:00,41843,34,40,23,94
2024-10-24T04:01:08+07:00,41844,34,41,23,94
2024-10-24T04:01:30+07:00,41845,35,41,23,94
2024-10-24T04:01:52+07:00,41846,34,40,23,94
2024-10-24T04:02:14+07:00,41847,34,40,23,94
2024-10-24T04:02:36+07:00,41848,34,40,23,95
2024-10-24T04:02:58+07:00,41849,34,40,23,94
2024-10-24T04:03:21+07:00,41850,34,39,23,95
2024-10-24T04:03:43+07:00,41851,34,39,23,95
2024-10-24T04:04:05+07:00,41852,34,39,23,95
2024-10-24T04:04:27+07:00,41853,34,40,23,95
2024-10-24T04:04:49+07:00,41854,35,39,23,95
2024-10-24T04:05:11+07:00,41855,35,40,23,95
2024-10-24T04:05:34+07:00,41856,34,40,23,95
2024-10-24T04:05:56+07:00,41857,35,40,23,95
2024-10-24T04:06:18+07:00,41858,34,39,23,95
2024-10-24T04:06:40+07:00,41859,34,40,23,95
2024-10-24T04:07:02+07:00,41860,34,39,23,95
2024-10-24T04:07:24+07:00,41861,34,39,23,95
2024-10-24T04:07:46+07:00,41862,35,40,23,95
2024-10-24T04:08:08+07:00,41863,34,39,23,95
2024-10-24T04:08:30+07:00,41864,34,40,23,95
2024-10-24T04:08:53+07:00,41865,34,41,23,95
2024-10-24T04:09:15+07:00,41866,35,40,23,95
2024-10-24T04:09:37+07:00,41867,35,39,23,95
2024-10-24T04:09:59+07:00,41868,35,40,23,95
2024-10-24T04:10:21+07:00,41869,35,40,23,95
2024-10-24T04:10:43+07:00,41870,34,39,23,95
2024-10-24T04:11:06+07:00,41871,34,39,23,95
2024-10-24T04:11:27+07:00,41872,35,39,23,95
2024-10-24T04:11:49+07:00,41873,34,40,23,95
2024-10-24T04:12:11+07:00,41874,34,39,23,95
2024-10-24T04:12:34+07:00,41875,35,41,23,95
2024-10-24T04:12:56+07:00,41876,34,39,23,95
2024-10-24T04:13:18+07:00,41877,34,40,23,96
2024-10-24T04:13:40+07:00,41878,34,39,23,96
2024-10-24T04:14:03+07:00,41879,34,40,23,96
2024-10-24T04:14:25+07:00,41880,34,40,23,96
2024-10-24T04:14:47+07:00,41881,34,40,23,96
2024-10-24T04:15:09+07:00,41882,34,41,23,96
2024-10-24T04:15:31+07:00,41883,35,41,23,96
2024-10-24T04:15:53+07:00,41884,34,41,23,96
2024-10-24T04:16:15+07:00,41885,35,39,23,96
2024-10-24T04:16:37+07:00,41886,35,40,23,96
2024-10-24T04:16:59+07:00,41887,34,40,23,96
2024-10-24T04:17:21+07:00,41888,35,41,23,96
2024-10-24T04:17:43+07:00,41889,35,39,23,96
2024-10-24T04:18:05+07:00,41890,34,40,23,96
2024-10-24T04:18:28+07:00,41891,35,40,23,96
2024-10-24T04:18:50+07:00,41892,34,40,23,96
2024-10-24T04:19:12+07:00,41893,34,39,23,96
2024-10-24T04:19:35+07:00,41894,34,40,23,96
2024-10-24T04:19:57+07:00,41895,34,39,23,96
2024-10-24T04:20:19+07:00,41896,37,39,23,96
2024-10-24T04:20:41+07:00,41897,35,40,23,96
2024-10-24T04:21:03+07:00,41898,33,40,23,96
2024-10-24T04:21:25+07:00,41899,35,40,23,96
2024-10-24T04:21:48+07:00,41900,34,39,23,96
2024-10-24T04:22:10+07:00,41901,33,39,23,96
2024-10-24T04:22:32+07:00,41902,35,40,23,96
2024-10-24T04:22:55+07:00,41903,34,40,23,96
2024-10-24T04:23:17+07:00,41904,35,38,23,96
2024-10-24T04:23:39+07:00,41905,34,40,23,96
2024-10-24T04:24:01+07:00,41906,34,39,23,96
2024-10-24T04:24:23+07:00,41907,34,40,23,96
2024-10-24T04:24:46+07:00,41908,35,40,23,96
2024-10-24T04:25:08+07:00,41909,34,41,23,96
2024-10-24T04:25:30+07:00,41910,34,41,23,96
2024-10-24T04:25:52+07:00,41911,34,41,23,96
2024-10-24T04:26:14+07:00,41912,35,40,23,96
2024-10-24T04:26:36+07:00,41913,34,40,23,96
2024-10-24T04:26:58+07:00,41914,34,40,23,96
2024-10-24T04:27:20+07:00,41915,35,39,23,96
2024-10-24T04:27:42+07:00,41916,34,40,23,96
2024-10-24T04:28:04+07:00,41917,34,39,23,96
2024-10-24T04:28:26+07:00,41918,33,41,23,96
2024-10-24T04:28:48+07:00,41919,34,41,23,96
2024-10-24T04:29:10+07:00,41920,33,38,23,96
2024-10-24T04:29:32+07:00,41921,35,40,23,96
2024-10-24T04:29:55+07:00,41922,35,39,23,96
2024-10-24T04:30:17+07:00,41923,34,40,23,96
2024-10-24T04:30:39+07:00,41924,34,39,23,96
2024-10-24T04:31:01+07:00,41925,34,39,23,96
2024-10-24T04:31:23+07:00,41926,34,39,23,96
2024-10-24T04:31:45+07:00,41927,34,39,23,96
2024-10-24T04:32:07+07:00,41928,34,39,23,96
2024-10-24T04:32:29+07:00,41929,34,39,23,96
2024-10-24T04:32:51+07:00,41930,35,40,23,96
2024-10-24T04:33:13+07:00,41931,34,40,23,96
2024-10-24T04:33:35+07:00,41932,34,39,23,96
2024-10-24T04:33:58+07:00,41933,34,41,23,96
2024-10-24T04:34:20+07:00,41934,34,39,23,96
2024-10-24T04:34:42+07:00,41935,34,39,23,96
2024-10-24T04:35:04+07:00,41936,33,40,23,96
2024-10-24T04:35:26+07:00,41937,34,39,23,97
2024-10-24T04:35:49+07:00,41938,34,40,23,97
2024-10-24T04:36:11+07:00,41939,34,39,23,97
2024-10-24T04:36:33+07:00,41940,34,39,23,97
2024-10-24T04:36:55+07:00,41941,34,40,23,97
2024-10-24T04:37:17+07:00,41942,34,39,23,97
2024-10-24T04:37:39+07:00,41943,33,39,23,96
2024-10-24T04:38:01+07:00,41944,34,39,23,96
2024-10-24T04:38:24+07:00,41945,34,39,23,96
2024-10-24T04:38:45+07:00,41946,34,38,23,96
2024-10-24T04:39:08+07:00,41947,34,39,23,96
2024-10-24T04:39:31+07:00,41948,34,40,23,96
2024-10-24T04:39:53+07:00,41949,34,39,23,96
2024-10-24T04:40:15+07:00,41950,33,38,23,96
2024-10-24T04:40:36+07:00,41951,34,40,23,96
2024-10-24T04:40:58+07:00,41952,34,40,23,96
2024-10-24T04:41:20+07:00,41953,35,39,23,96
2024-10-24T04:41:42+07:00,41954,34,39,23,96
2024-10-24T04:42:04+07:00,41955,34,40,23,96
2024-10-24T04:42:26+07:00,41956,34,38,23,96
2024-10-24T04:42:48+07:00,41957,34,40,23,96
2024-10-24T04:43:10+07:00,41958,34,38,23,96
2024-10-24T04:43:32+07:00,41959,34,40,23,96
2024-10-24T04:43:54+07:00,41960,35,40,23,96
2024-10-24T04:44:16+07:00,41961,34,39,23,96
2024-10-24T04:44:39+07:00,41962,34,39,23,96
2024-10-24T04:45:01+07:00,41963,34,40,23,96
2024-10-24T04:45:23+07:00,41964,33,39,23,96
2024-10-24T04:45:45+07:00,41965,34,40,23,96
2024-10-24T04:46:07+07:00,41966,35,40,23,96
2024-10-24T04:46:29+07:00,41967,33,39,23,96
2024-10-24T04:46:51+07:00,41968,34,40,23,96
2024-10-24T04:47:13+07:00,41969,34,38,23,96
2024-10-24T04:47:35+07:00,41970,35,39,23,96
2024-10-24T04:47:57+07:00,41971,34,39,23,96
2024-10-24T04:48:19+07:00,41972,34,39,23,96
2024-10-24T04:48:41+07:00,41973,34,38,23,96
2024-10-24T04:49:03+07:00,41974,34,40,23,96
2024-10-24T04:49:25+07:00,41975,34,40,23,96
2024-10-24T04:49:47+07:00,41976,34,39,23,96
2024-10-24T04:50:09+07:00,41977,34,39,23,95
2024-10-24T04:50:31+07:00,41978,34,40,23,95
2024-10-24T04:50:53+07:00,41979,35,40,23,95
2024-10-24T04:51:16+07:00,41980,34,40,23,94
2024-10-24T04:51:38+07:00,41981,35,40,23,94
2024-10-24T04:52:00+07:00,41982,34,40,23,94
2024-10-24T04:52:22+07:00,41983,34,39,23,94
2024-10-24T04:52:45+07:00,41984,34,39,23,94
2024-10-24T04:53:06+07:00,41985,34,39,23,93
2024-10-24T04:53:28+07:00,41986,34,39,23,93
2024-10-24T04:53:50+07:00,41987,34,40,23,93
2024-10-24T04:54:13+07:00,41988,34,39,23,93
2024-10-24T04:54:35+07:00,41989,34,40,23,93
2024-10-24T04:54:57+07:00,41990,34,39,23,93
2024-10-24T04:55:19+07:00,41991,34,40,23,93
2024-10-24T04:55:42+07:00,41992,34,40,23,93
2024-10-24T04:56:04+07:00,41993,34,40,23,92
2024-10-24T04:56:26+07:00,41994,34,39,23,92
2024-10-24T04:56:48+07:00,41995,34,40,23,92
2024-10-24T04:57:10+07:00,41996,35,39,23,92
2024-10-24T04:57:32+07:00,41997,34,40,23,93
2024-10-24T04:57:54+07:00,41998,34,40,23,93
2024-10-24T04:58:16+07:00,41999,34,40,23,93
2024-10-24T04:58:38+07:00,42000,34,39,23,93
2024-10-24T04:59:00+07:00,42001,34,38,23,93
2024-10-24T04:59:23+07:00,42002,34,38,23,93
2024-10-24T04:59:45+07:00,42003,34,41,23,93
2024-10-24T05:00:07+07:00,42004,34,39,23,93
2024-10-24T05:00:29+07:00,42005,34,38,23,93
2024-10-24T05:00:51+07:00,42006,35,37,23,93
2024-10-24T05:01:13+07:00,42007,34,41,23,93
2024-10-24T05:01:35+07:00,42008,34,40,23,93
2024-10-24T05:01:57+07:00,42009,34,39,23,93
2024-10-24T05:02:19+07:00,42010,35,40,23,93
2024-10-24T05:02:41+07:00,42011,34,41,23,93
2024-10-24T05:03:03+07:00,42012,33,40,23,93
2024-10-24T05:03:25+07:00,42013,33,40,23,93
2024-10-24T05:03:47+07:00,42014,35,40,23,93
2024-10-24T05:04:10+07:00,42015,34,39,23,93
2024-10-24T05:04:32+07:00,42016,34,41,23,93
2024-10-24T05:04:54+07:00,42017,34,41,23,93
2024-10-24T05:05:16+07:00,42018,34,38,23,93
2024-10-24T05:05:38+07:00,42019,34,37,23,93
2024-10-24T05:06:00+07:00,42020,33,43,23,93
2024-10-24T05:06:22+07:00,42021,35,37,23,93
2024-10-24T05:06:44+07:00,42022,33,42,23,93
2024-10-24T05:07:06+07:00,42023,34,39,23,93
2024-10-24T05:07:28+07:00,42024,34,38,23,93
2024-10-24T05:07:51+07:00,42025,34,41,23,93
2024-10-24T05:08:13+07:00,42026,34,41,23,93
2024-10-24T05:08:35+07:00,42027,35,41,23,93
2024-10-24T05:08:57+07:00,42028,33,40,23,94
2024-10-24T05:09:19+07:00,42029,35,41,23,93
2024-10-24T05:09:41+07:00,42030,33,41,23,94
2024-10-24T05:10:03+07:00,42031,34,40,23,93
2024-10-24T05:10:25+07:00,42032,34,40,23,94
2024-10-24T05:10:47+07:00,42033,35,42,23,94
2024-10-24T05:11:09+07:00,42034,33,37,23,94
2024-10-24T05:11:31+07:00,42035,34,40,23,94
2024-10-24T05:11:53+07:00,42036,34,40,23,94
2024-10-24T05:12:15+07:00,42037,34,40,23,94
2024-10-24T05:12:37+07:00,42038,35,41,23,94
2024-10-24T05:12:59+07:00,42039,34,38,23,94
2024-10-24T05:13:21+07:00,42040,35,43,23,94
2024-10-24T05:13:43+07:00,42041,34,42,23,94
2024-10-24T05:14:05+07:00,42042,35,38,23,94
2024-10-24T05:14:27+07:00,42043,34,41,23,94
2024-10-24T05:14:49+07:00,42044,34,40,23,94
2024-10-24T05:15:11+07:00,42045,34,40,23,93
2024-10-24T05:15:33+07:00,42046,33,40,23,93
2024-10-24T05:15:56+07:00,42047,35,42,23,93
2024-10-24T05:16:18+07:00,42048,35,42,22.6,93
2024-10-24T05:16:40+07:00,42049,35,39,22.6,93
2024-10-24T05:17:02+07:00,42050,33,40,22.6,93
2024-10-24T05:17:24+07:00,42051,34,37,22.6,93
2024-10-24T05:17:46+07:00,42052,35,40,22.6,93
2024-10-24T05:18:08+07:00,42053,35,39,22.6,93
2024-10-24T05:18:30+07:00,42054,34,40,22.6,93
2024-10-24T05:18:52+07:00,42055,34,41,22.6,93
2024-10-24T05:19:14+07:00,42056,34,41,22.6,94
2024-10-24T05:19:36+07:00,42057,35,41,22.6,94
2024-10-24T05:19:58+07:00,42058,33,41,22.6,94
2024-10-24T05:20:20+07:00,42059,34,40,22.6,94
2024-10-24T05:20:43+07:00,42060,34,40,22.6,94
2024-10-24T05:21:05+07:00,42061,34,38,22.6,93
2024-10-24T05:21:27+07:00,42062,35,41,22.6,94
2024-10-24T05:21:49+07:00,42063,34,38,22.6,94
2024-10-24T05:22:11+07:00,42064,35,39,22.6,94
2024-10-24T05:22:33+07:00,42065,34,40,22.6,94
2024-10-24T05:22:55+07:00,42066,34,39,22.6,94
2024-10-24T05:23:17+07:00,42067,34,41,22.6,94
2024-10-24T05:23:39+07:00,42068,34,42,22.6,94
2024-10-24T05:24:01+07:00,42069,33,40,22.6,94
2024-10-24T05:24:23+07:00,42070,34,40,22.6,94
2024-10-24T05:24:45+07:00,42071,34,41,22.6,94
2024-10-24T05:25:07+07:00,42072,34,37,22.6,94
2024-10-24T05:25:29+07:00,42073,34,40,22.6,94
2024-10-24T05:25:51+07:00,42074,34,41,22.6,93
2024-10-24T05:26:13+07:00,42075,34,40,22.7,94
2024-10-24T05:26:35+07:00,42076,35,38,22.7,94
2024-10-24T05:26:57+07:00,42077,33,37,22.7,94
2024-10-24T05:27:19+07:00,42078,33,39,22.7,94
2024-10-24T05:27:41+07:00,42079,33,38,22.7,94
2024-10-24T05:28:03+07:00,42080,34,41,22.7,94
2024-10-24T05:28:25+07:00,42081,33,41,22.6,94
2024-10-24T05:28:47+07:00,42082,34,37,22.7,94
2024-10-24T05:29:09+07:00,42083,34,41,22.6,94
2024-10-24T05:29:31+07:00,42084,33,42,22.7,94
2024-10-24T05:29:53+07:00,42085,34,39,22.7,94
2024-10-24T05:30:15+07:00,42086,34,40,22.6,93
2024-10-24T05:30:37+07:00,42087,35,40,22.7,93
2024-10-24T05:30:59+07:00,42088,33,40,22.6,93
2024-10-24T05:31:21+07:00,42089,34,41,22.7,94
2024-10-24T05:31:43+07:00,42090,34,39,22.7,94
2024-10-24T05:32:05+07:00,42091,34,41,22.8,94
2024-10-24T05:32:27+07:00,42092,35,38,22.7,94
2024-10-24T05:32:49+07:00,42093,34,40,22.6,94
2024-10-24T05:33:11+07:00,42094,34,39,22.7,94
2024-10-24T05:33:33+07:00,42095,34,39,22.6,94
2024-10-24T05:33:56+07:00,42096,34,37,22.6,93
2024-10-24T05:34:18+07:00,42097,34,40,22.6,93
2024-10-24T05:34:40+07:00,42098,34,39,22.6,93
2024-10-24T05:35:02+07:00,42099,34,39,22.6,93
2024-10-24T05:35:24+07:00,42100,34,38,22.7,93
2024-10-24T05:35:46+07:00,42101,34,37,22.7,93
2024-10-24T05:36:08+07:00,42102,34,38,22.7,93
2024-10-24T05:36:30+07:00,42103,33,39,22.7,93
2024-10-24T05:36:52+07:00,42104,34,40,23,93
2024-10-24T05:37:14+07:00,42105,33,41,23,93
2024-10-24T05:37:36+07:00,42106,33,37,23,94
2024-10-24T05:37:58+07:00,42107,34,36,23,94
2024-10-24T05:38:20+07:00,42108,34,39,23,94
2024-10-24T05:38:42+07:00,42109,33,41,23,94
2024-10-24T05:39:05+07:00,42110,34,40,23,94
2024-10-24T05:39:27+07:00,42111,34,38,23,94
2024-10-24T05:39:49+07:00,42112,35,38,23,94
2024-10-24T05:40:11+07:00,42113,35,39,23,94
2024-10-24T05:40:33+07:00,42114,35,41,23,94
2024-10-24T05:40:55+07:00,42115,33,38,23,94
2024-10-24T05:41:17+07:00,42116,33,42,23,94
2024-10-24T05:41:39+07:00,42117,33,40,23,94
2024-10-24T05:42:01+07:00,42118,34,37,23,94
2024-10-24T05:42:23+07:00,42119,34,38,23,94
2024-10-24T05:42:45+07:00,42120,33,39,23,94
2024-10-24T05:43:07+07:00,42121,33,40,23,94
2024-10-24T05:43:29+07:00,42122,33,40,23,94
2024-10-24T05:43:51+07:00,42123,34,39,23,94
2024-10-24T05:44:14+07:00,42124,33,40,23,94
2024-10-24T05:44:36+07:00,42125,33,41,23,94
2024-10-24T05:44:58+07:00,42126,33,39,23,94
2024-10-24T05:45:20+07:00,42127,33,38,23,94
2024-10-24T05:45:42+07:00,42128,34,39,23,94
2024-10-24T05:46:05+07:00,42129,33,41,23,93
2024-10-24T05:46:27+07:00,42130,34,42,23,93
2024-10-24T05:46:49+07:00,42131,34,40,23,93
2024-10-24T05:47:11+07:00,42132,34,39,23,94
2024-10-24T05:47:33+07:00,42133,33,36,23,93
2024-10-24T05:47:55+07:00,42134,34,40,23,93
2024-10-24T05:48:17+07:00,42135,33,41,23,93
2024-10-24T05:48:39+07:00,42136,34,41,23,93
2024-10-24T05:49:01+07:00,42137,33,40,23,93
2024-10-24T05:49:23+07:00,42138,33,39,23,93
2024-10-24T05:49:45+07:00,42139,34,41,23,93
2024-10-24T05:50:07+07:00,42140,34,37,23,93
2024-10-24T05:50:29+07:00,42141,35,40,23,93
2024-10-24T05:50:51+07:00,42142,33,38,23,93
2024-10-24T05:51:13+07:00,42143,34,37,23,93
2024-10-24T05:51:35+07:00,42144,33,41,23,94
2024-10-24T05:51:57+07:00,42145,34,40,23,94
2024-10-24T05:52:20+07:00,42146,34,38,23,93
2024-10-24T05:52:42+07:00,42147,33,40,23,93
2024-10-24T05:53:04+07:00,42148,34,39,23,94
2024-10-24T05:53:26+07:00,42149,34,39,23,93
2024-10-24T05:53:48+07:00,42150,34,40,23,93
2024-10-24T05:54:10+07:00,42151,34,38,23,93
2024-10-24T05:54:32+07:00,42152,34,38,23,93
2024-10-24T05:54:54+07:00,42153,35,42,23,93
2024-10-24T05:55:16+07:00,42154,34,39,23,93
2024-10-24T05:55:38+07:00,42155,34,42,23,93
2024-10-24T05:56:00+07:00,42156,34,40,23,93
2024-10-24T05:56:22+07:00,42157,34,41,23,93
2024-10-24T05:56:44+07:00,42158,33,40,23,93
2024-10-24T05:57:06+07:00,42159,34,40,23,93
2024-10-24T05:57:29+07:00,42160,34,40,23,93
2024-10-24T05:57:51+07:00,42161,34,41,23,93
2024-10-24T05:58:13+07:00,42162,34,37,23,93
2024-10-24T05:58:35+07:00,42163,34,39,23,93
2024-10-24T05:58:57+07:00,42164,34,41,23,93
2024-10-24T05:59:19+07:00,42165,34,39,23,93
2024-10-24T05:59:41+07:00,42166,33,38,23,93
2024-10-24T06:00:03+07:00,42167,34,39,23,93
2024-10-24T06:00:25+07:00,42168,33,38,23,93
2024-10-24T06:00:47+07:00,42169,33,40,23,93
2024-10-24T06:01:09+07:00,42170,34,40,23,93
2024-10-24T06:01:31+07:00,42171,34,39,23,93
2024-10-24T06:01:53+07:00,42172,33,37,23,93
2024-10-24T06:02:15+07:00,42173,33,38,23,93
2024-10-24T06:02:37+07:00,42174,33,39,23,93
2024-10-24T06:02:59+07:00,42175,34,39,23,93
2024-10-24T06:03:21+07:00,42176,34,39,23,93
2024-10-24T06:03:43+07:00,42177,34,39,23,93
2024-10-24T06:04:05+07:00,42178,34,36,23,93
2024-10-24T06:04:27+07:00,42179,33,40,23,93
2024-10-24T06:04:49+07:00,42180,34,39,23,93
2024-10-24T06:05:11+07:00,42181,34,40,23,93
2024-10-24T06:05:33+07:00,42182,33,41,23,93
2024-10-24T06:05:55+07:00,42183,34,41,23.4,93
2024-10-24T06:06:17+07:00,42184,33,39,23.4,93
2024-10-24T06:06:39+07:00,42185,33,39,23.4,93
2024-10-24T06:07:01+07:00,42186,33,38,23.4,93
2024-10-24T06:07:23+07:00,42187,34,39,23.4,93
2024-10-24T06:07:45+07:00,42188,33,39,23.4,93
2024-10-24T06:08:07+07:00,42189,33,39,23.3,92
2024-10-24T06:08:29+07:00,42190,34,39,23.1,92
2024-10-24T06:08:52+07:00,42191,32,40,23,92
2024-10-24T06:09:14+07:00,42192,35,41,23,92
2024-10-24T06:09:36+07:00,42193,33,39,23,92
2024-10-24T06:09:58+07:00,42194,33,41,23,92
2024-10-24T06:10:20+07:00,42195,32,40,23,92
2024-10-24T06:10:42+07:00,42196,33,39,23,92
2024-10-24T06:11:04+07:00,42197,33,39,23,92
2024-10-24T06:11:26+07:00,42198,35,41,23,92
2024-10-24T06:11:48+07:00,42199,34,37,23,91
2024-10-24T06:12:10+07:00,42200,34,39,23,92
2024-10-24T06:12:32+07:00,42201,33,37,23,91
2024-10-24T06:12:54+07:00,42202,34,39,23,91
2024-10-24T06:13:16+07:00,42203,33,41,23,90
2024-10-24T06:13:38+07:00,42204,33,37,23,91
2024-10-24T06:14:00+07:00,42205,33,40,23,91
2024-10-24T06:14:22+07:00,42206,34,41,23,91
2024-10-24T06:14:45+07:00,42207,34,41,23,91
2024-10-24T06:15:06+07:00,42208,33,37,23,91
2024-10-24T06:15:28+07:00,42209,34,40,23,91
2024-10-24T06:15:50+07:00,42210,33,39,23,91
2024-10-24T06:16:12+07:00,42211,33,41,23,91
2024-10-24T06:16:35+07:00,42212,35,40,23,91
2024-10-24T06:16:57+07:00,42213,33,38,23,90
2024-10-24T06:17:19+07:00,42214,33,40,23,89
2024-10-24T06:17:41+07:00,42215,33,40,23,89
2024-10-24T06:18:03+07:00,42216,34,38,23,89
2024-10-24T06:18:25+07:00,42217,34,38,23,89
2024-10-24T06:18:48+07:00,42218,34,40,23,89
2024-10-24T06:19:10+07:00,42219,35,38,23,89
2024-10-24T06:19:32+07:00,42220,35,39,23,88
2024-10-24T06:19:54+07:00,42221,33,41,23,88
2024-10-24T06:20:16+07:00,42222,34,39,23,88
2024-10-24T06:20:37+07:00,42223,34,40,23,87
2024-10-24T06:20:59+07:00,42224,34,38,23,86
2024-10-24T06:21:22+07:00,42225,33,40,23,86
2024-10-24T06:21:43+07:00,42226,34,41,23,86
2024-10-24T06:22:05+07:00,42227,34,39,23,86
2024-10-24T06:22:28+07:00,42228,34,37,23,86
2024-10-24T06:22:50+07:00,42229,33,39,23,85
2024-10-24T06:23:12+07:00,42230,33,39,23,85
2024-10-24T06:23:34+07:00,42231,33,38,23,86
2024-10-24T06:23:56+07:00,42232,34,39,23,86
2024-10-24T06:24:19+07:00,42233,34,38,23,86
2024-10-24T06:24:40+07:00,42234,34,40,23,87
2024-10-24T06:25:02+07:00,42235,34,39,23,87
2024-10-24T06:25:25+07:00,42236,33,42,23,86
2024-10-24T06:25:47+07:00,42237,35,38,23,87
2024-10-24T06:26:09+07:00,42238,35,40,23,88
2024-10-24T06:26:32+07:00,42239,34,41,23,87
2024-10-24T06:26:54+07:00,42240,35,38,23,86
2024-10-24T06:27:16+07:00,42241,33,37,23,86
2024-10-24T06:27:38+07:00,42242,33,40,23,87
2024-10-24T06:28:00+07:00,42243,35,37,23,87
2024-10-24T06:28:22+07:00,42244,33,40,23,86
2024-10-24T06:28:44+07:00,42245,35,38,23,86
2024-10-24T06:29:06+07:00,42246,33,40,23,86
2024-10-24T06:29:28+07:00,42247,34,41,23,86
2024-10-24T06:29:50+07:00,42248,33,41,23,86
2024-10-24T06:30:12+07:00,42249,35,39,23,86
2024-10-24T06:30:34+07:00,42250,33,40,23,86
2024-10-24T06:30:56+07:00,42251,35,40,23,86
2024-10-24T06:31:18+07:00,42252,34,38,23,86
2024-10-24T06:31:41+07:00,42253,34,41,23,86
2024-10-24T06:32:03+07:00,42254,33,39,23,86
2024-10-24T06:32:25+07:00,42255,34,38,23,86
2024-10-24T06:32:47+07:00,42256,34,39,23,87
2024-10-24T06:33:10+07:00,42257,34,38,23,88
2024-10-24T06:33:32+07:00,42258,33,37,23,88
2024-10-24T06:33:55+07:00,42259,33,41,23,88
2024-10-24T06:34:17+07:00,42260,33,38,23,88
2024-10-24T06:34:40+07:00,42261,34,37,23,88
2024-10-24T06:35:03+07:00,42262,33,39,23,88
2024-10-24T06:35:25+07:00,42263,33,40,23,88
2024-10-24T06:35:48+07:00,42264,33,37,23,87
2024-10-24T06:36:11+07:00,42265,33,39,23,88
2024-10-24T06:36:33+07:00,42266,33,37,23,87
2024-10-24T06:36:55+07:00,42267,33,41,23,87
2024-10-24T06:37:17+07:00,42268,33,41,23,88
2024-10-24T06:37:39+07:00,42269,33,40,23,88
2024-10-24T06:38:01+07:00,42270,33,37,23,88
2024-10-24T06:38:23+07:00,42271,34,41,23,88
2024-10-24T06:38:46+07:00,42272,34,39,23,89
2024-10-24T06:39:08+07:00,42273,34,40,23,89
2024-10-24T06:39:30+07:00,42274,34,40,23,89
2024-10-24T06:39:52+07:00,42275,34,41,23.1,88
2024-10-24T06:40:14+07:00,42276,34,38,23.4,88
2024-10-24T06:40:36+07:00,42277,34,38,23.4,88
2024-10-24T06:40:59+07:00,42278,33,37,23.4,88
2024-10-24T06:41:21+07:00,42279,34,39,23.4,88
2024-10-24T06:41:43+07:00,42280,33,40,23.4,88
2024-10-24T06:42:05+07:00,42281,34,40,23.4,87
2024-10-24T06:42:27+07:00,42282,33,37,23.4,87
2024-10-24T06:42:49+07:00,42283,34,39,23.4,86
2024-10-24T06:43:11+07:00,42284,33,40,23.4,86
2024-10-24T06:43:33+07:00,42285,33,37,23.4,86
2024-10-24T06:43:55+07:00,42286,34,39,23.4,86
2024-10-24T06:44:17+07:00,42287,34,39,23.1,86
2024-10-24T06:44:40+07:00,42288,34,37,23,85
2024-10-24T06:45:02+07:00,42289,33,39,23,86
2024-10-24T06:45:24+07:00,42290,33,40,23,86
2024-10-24T06:45:46+07:00,42291,35,38,23,86
2024-10-24T06:46:09+07:00,42292,33,40,23,85
2024-10-24T06:46:31+07:00,42293,33,37,23,85
2024-10-24T06:46:53+07:00,42294,34,37,23.2,85
2024-10-24T06:47:15+07:00,42295,34,38,23.4,85
2024-10-24T06:47:37+07:00,42296,33,40,23.4,85
2024-10-24T06:48:00+07:00,42297,33,39,23.4,85
2024-10-24T06:48:22+07:00,42298,33,39,23.4,85
2024-10-24T06:48:44+07:00,42299,33,38,23.4,85
2024-10-24T06:49:06+07:00,42300,33,38,23.4,85
2024-10-24T06:49:28+07:00,42301,33,38,23.4,85
2024-10-24T06:49:51+07:00,42302,34,39,23.4,85
2024-10-24T06:50:13+07:00,42303,34,39,23.4,85
2024-10-24T06:50:35+07:00,42304,33,38,23.4,85
2024-10-24T06:50:57+07:00,42305,33,40,23.4,85
2024-10-24T06:51:20+07:00,42306,33,42,23.4,85
2024-10-24T06:51:42+07:00,42307,34,41,23.4,85
2024-10-24T06:52:05+07:00,42308,33,40,23.4,85
2024-10-24T06:52:27+07:00,42309,34,41,23.4,85
2024-10-24T06:52:49+07:00,42310,34,38,23.6,85
2024-10-24T06:53:11+07:00,42311,33,40,23.8,85
2024-10-24T06:53:33+07:00,42312,32,39,23.8,85
2024-10-24T06:53:55+07:00,42313,34,39,23.8,85
2024-10-24T06:54:17+07:00,42314,34,38,23.8,85
2024-10-24T06:54:39+07:00,42315,34,39,23.8,85
2024-10-24T06:55:01+07:00,42316,33,38,23.8,85
2024-10-24T06:55:23+07:00,42317,33,37,23.8,85
2024-10-24T06:55:46+07:00,42318,34,37,23.8,84
2024-10-24T06:56:07+07:00,42319,33,36,24.1,84
2024-10-24T06:56:30+07:00,42320,34,39,24.1,83
2024-10-24T06:56:52+07:00,42321,33,39,24.1,83
2024-10-24T06:57:15+07:00,42322,33,41,24.1,83
2024-10-24T06:57:37+07:00,42323,34,40,24.1,81
2024-10-24T06:57:59+07:00,42324,32,39,24.1,81
2024-10-24T06:58:21+07:00,42325,33,38,24.1,81
2024-10-24T06:58:43+07:00,42326,33,38,24.1,81
2024-10-24T06:59:06+07:00,42327,33,35,24.1,81
2024-10-24T06:59:28+07:00,42328,33,40,24.1,81
2024-10-24T06:59:50+07:00,42329,33,41,24.1,81
2024-10-24T07:00:12+07:00,42330,34,38,24.1,81
2024-10-24T07:00:34+07:00,42331,33,38,24.1,81
2024-10-24T07:00:56+07:00,42332,33,37,24.1,81
2024-10-24T07:01:18+07:00,42333,34,41,24.1,81
2024-10-24T07:01:41+07:00,42334,33,40,24.1,81
2024-10-24T07:02:03+07:00,42335,33,38,24.1,81
2024-10-24T07:02:25+07:00,42336,33,40,24.1,81
2024-10-24T07:02:47+07:00,42337,32,38,24.1,81
2024-10-24T07:03:09+07:00,42338,32,41,24.1,81
2024-10-24T07:03:31+07:00,42339,33,39,24.1,81
2024-10-24T07:03:53+07:00,42340,33,40,24.1,81
2024-10-24T07:04:15+07:00,42341,33,38,24.2,81
2024-10-24T07:04:37+07:00,42342,33,37,24.1,81
2024-10-24T07:04:59+07:00,42343,33,39,24.2,81
2024-10-24T07:05:22+07:00,42344,33,38,24.5,81
2024-10-24T07:05:44+07:00,42345,33,38,24.5,81
2024-10-24T07:06:06+07:00,42346,32,39,24.5,81
2024-10-24T07:06:28+07:00,42347,33,38,24.5,81
2024-10-24T07:06:50+07:00,42348,33,42,24.5,81
2024-10-24T07:07:12+07:00,42349,33,40,24.5,81
2024-10-24T07:07:34+07:00,42350,33,37,24.5,81
2024-10-24T07:07:56+07:00,42351,34,41,24.5,81
2024-10-24T07:08:19+07:00,42352,33,38,24.5,81
2024-10-24T07:08:41+07:00,42353,32,41,24.5,81
2024-10-24T07:09:03+07:00,42354,32,40,24.5,81
2024-10-24T07:09:25+07:00,42355,33,41,24.5,81
2024-10-24T07:09:47+07:00,42356,33,41,24.5,80
2024-10-24T07:10:10+07:00,42357,33,39,24.5,80
2024-10-24T07:10:31+07:00,42358,33,39,24.5,81
2024-10-24T07:10:54+07:00,42359,32,40,24.8,81
2024-10-24T07:11:16+07:00,42360,32,41,24.8,81
2024-10-24T07:11:39+07:00,42361,33,38,24.8,80
2024-10-24T07:12:01+07:00,42362,33,41,24.8,80
2024-10-24T07:12:23+07:00,42363,33,39,24.8,80
2024-10-24T07:12:45+07:00,42364,32,41,24.8,80
2024-10-24T07:13:07+07:00,42365,33,41,24.8,79
2024-10-24T07:13:29+07:00,42366,32,41,24.8,80
2024-10-24T07:13:51+07:00,42367,33,41,24.8,80
2024-10-24T07:14:13+07:00,42368,33,42,24.8,80
2024-10-24T07:14:35+07:00,42369,32,41,24.8,80
2024-10-24T07:14:57+07:00,42370,32,39,24.8,80
2024-10-24T07:15:19+07:00,42371,32,38,24.8,80
2024-10-24T07:15:42+07:00,42372,32,37,24.8,80
2024-10-24T07:16:04+07:00,42373,32,40,24.8,80
2024-10-24T07:16:26+07:00,42374,33,42,24.8,81
2024-10-24T07:16:48+07:00,42375,32,38,25.2,80
2024-10-24T07:17:10+07:00,42376,33,41,25.3,80
2024-10-24T07:17:33+07:00,42377,33,40,25.3,80
2024-10-24T07:17:55+07:00,42378,33,38,25.3,80
2024-10-24T07:18:17+07:00,42379,32,39,25.2,79
2024-10-24T07:18:40+07:00,42380,32,41,25.2,79
2024-10-24T07:19:02+07:00,42381,32,40,25.3,79
2024-10-24T07:19:24+07:00,42382,32,41,25.3,79
2024-10-24T07:19:46+07:00,42383,33,41,25.3,80
2024-10-24T07:20:08+07:00,42384,32,38,25.3,80
2024-10-24T07:20:30+07:00,42385,32,39,25.3,79
2024-10-24T07:20:52+07:00,42386,33,39,25.3,80
2024-10-24T07:21:14+07:00,42387,32,40,25.3,80
2024-10-24T07:21:37+07:00,42388,33,41,25.3,80
2024-10-24T07:22:00+07:00,42389,32,40,25.3,80
2024-10-24T07:22:22+07:00,42390,32,42,25.3,79
2024-10-24T07:22:44+07:00,42391,33,39,25.3,80
2024-10-24T07:23:06+07:00,42392,33,40,25.3,79
2024-10-24T07:23:29+07:00,42393,45,39,25.3,79
2024-10-24T07:23:51+07:00,42394,32,40,25.3,79
2024-10-24T07:24:13+07:00,42395,32,43,25.3,80
2024-10-24T07:24:35+07:00,42396,34,38,25,80
2024-10-24T07:24:57+07:00,42397,32,39,24.9,80
2024-10-24T07:25:19+07:00,42398,33,38,24.8,80
2024-10-24T07:25:41+07:00,42399,33,40,24.8,80
2024-10-24T07:26:03+07:00,42400,33,41,24.8,80
2024-10-24T07:26:26+07:00,42401,32,37,24.8,80
2024-10-24T07:26:49+07:00,42402,32,40,24.8,80
2024-10-24T07:27:11+07:00,42403,33,38,24.8,80
2024-10-24T07:27:33+07:00,42404,33,36,24.8,80
2024-10-24T07:27:56+07:00,42405,32,40,24.8,80
2024-10-24T07:28:19+07:00,42406,32,40,24.8,80
2024-10-24T07:28:41+07:00,42407,32,39,24.8,80
2024-10-24T07:29:03+07:00,42408,33,39,24.8,80
2024-10-24T07:29:25+07:00,42409,33,41,24.8,80
2024-10-24T07:29:48+07:00,42410,33,42,24.8,80
2024-10-24T07:30:10+07:00,42411,32,37,24.8,80
2024-10-24T07:30:32+07:00,42412,33,41,24.8,80
2024-10-24T07:30:54+07:00,42413,32,39,24.8,80
2024-10-24T07:31:16+07:00,42414,33,39,24.8,80
2024-10-24T07:31:38+07:00,42415,32,40,24.8,81
2024-10-24T07:32:01+07:00,42416,32,39,24.8,81
2024-10-24T07:32:23+07:00,42417,33,41,24.8,81
2024-10-24T07:32:45+07:00,42418,32,38,24.8,81
2024-10-24T07:33:07+07:00,42419,33,42,24.8,81
2024-10-24T07:33:29+07:00,42420,32,39,24.8,81
2024-10-24T07:33:51+07:00,42421,32,39,24.8,81
2024-10-24T07:34:13+07:00,42422,33,39,24.8,81
2024-10-24T07:34:36+07:00,42423,32,41,24.8,81
2024-10-24T07:34:58+07:00,42424,32,40,24.9,81
2024-10-24T07:35:20+07:00,42425,32,42,25.3,81
2024-10-24T07:35:43+07:00,42426,31,40,25.3,81
2024-10-24T07:36:05+07:00,42427,31,41,25.3,81
2024-10-24T07:36:27+07:00,42428,32,40,25.3,80
2024-10-24T07:36:49+07:00,42429,32,40,25.3,80
2024-10-24T07:37:11+07:00,42430,32,38,25.3,80
2024-10-24T07:37:33+07:00,42431,32,40,25.3,80
2024-10-24T07:37:55+07:00,42432,32,41,25.8,80
2024-10-24T07:38:18+07:00,42433,32,39,25.8,80
2024-10-24T07:38:40+07:00,42434,31,41,25.8,79
2024-10-24T07:39:02+07:00,42435,31,41,25.8,79
2024-10-24T07:39:24+07:00,42436,32,38,25.8,79
2024-10-24T07:39:46+07:00,42437,32,40,25.8,80
2024-10-24T07:40:08+07:00,42438,31,40,25.8,80
2024-10-24T07:40:30+07:00,42439,32,39,25.8,79
2024-10-24T07:40:52+07:00,42440,31,39,25.8,79
2024-10-24T07:41:15+07:00,42441,31,42,25.8,79
2024-10-24T07:41:37+07:00,42442,32,39,25.8,78
2024-10-24T07:41:59+07:00,42443,32,39,25.8,79
2024-10-24T07:42:21+07:00,42444,32,38,25.8,79
2024-10-24T07:42:44+07:00,42445,32,39,25.8,78
2024-10-24T07:43:06+07:00,42446,31,39,25.8,78
2024-10-24T07:43:28+07:00,42447,32,40,25.8,78
2024-10-24T07:43:50+07:00,42448,31,42,26.2,78
2024-10-24T07:44:12+07:00,42449,32,41,26.2,78
2024-10-24T07:44:35+07:00,42450,31,39,26.2,78
2024-10-24T07:44:57+07:00,42451,31,41,26.2,78
2024-10-24T07:45:19+07:00,42452,31,41,26.2,77
2024-10-24T07:45:42+07:00,42453,32,38,26.2,77
2024-10-24T07:46:04+07:00,42454,32,39,26.2,77
2024-10-24T07:46:26+07:00,42455,31,39,26.2,77
2024-10-24T07:46:48+07:00,42456,32,41,26.2,77
2024-10-24T07:47:11+07:00,42457,31,40,26.2,78
2024-10-24T07:47:33+07:00,42458,31,39,26.2,77
2024-10-24T07:47:55+07:00,42459,31,41,26.2,77
2024-10-24T07:48:17+07:00,42460,31,40,26.2,77
2024-10-24T07:48:40+07:00,42461,32,38,26.2,78
2024-10-24T07:49:02+07:00,42462,31,39,26.3,78
2024-10-24T07:49:24+07:00,42463,32,41,26.7,78
2024-10-24T07:49:46+07:00,42464,31,39,26.7,78
2024-10-24T07:50:08+07:00,42465,32,40,26.7,77
2024-10-24T07:50:30+07:00,42466,31,39,26.7,77
2024-10-24T07:50:52+07:00,42467,31,41,26.7,77
2024-10-24T07:51:15+07:00,42468,31,40,26.7,76
2024-10-24T07:51:37+07:00,42469,31,39,26.7,76
2024-10-24T07:51:59+07:00,42470,32,40,26.7,76
2024-10-24T07:52:21+07:00,42471,31,39,26.7,77
2024-10-24T07:52:44+07:00,42472,31,40,26.7,76
2024-10-24T07:53:06+07:00,42473,31,43,26.7,76
2024-10-24T07:53:28+07:00,42474,31,40,26.7,77
2024-10-24T07:53:50+07:00,42475,31,41,26.7,76
2024-10-24T07:54:13+07:00,42476,32,41,26.7,75
2024-10-24T07:54:35+07:00,42477,31,39,26.7,76
2024-10-24T07:54:57+07:00,42478,31,39,26.7,76
2024-10-24T07:55:19+07:00,42479,32,41,26.7,75
2024-10-24T07:55:41+07:00,42480,31,37,26.7,75
2024-10-24T07:56:03+07:00,42481,31,41,26.7,74
2024-10-24T07:56:27+07:00,42482,31,39,26.7,76
2024-10-24T07:56:49+07:00,42483,31,39,26.7,75
2024-10-24T07:57:11+07:00,42484,31,41,26.7,76
2024-10-24T07:57:34+07:00,42485,31,42,26.7,75
2024-10-24T07:57:56+07:00,42486,31,39,26.7,75
2024-10-24T07:58:18+07:00,42487,31,39,26.7,75
2024-10-24T07:58:40+07:00,42488,32,41,26.7,76
2024-10-24T07:59:03+07:00,42489,30,41,26.7,76
2024-10-24T07:59:25+07:00,42490,32,39,26.7,75
2024-10-24T07:59:47+07:00,42491,31,41,26.7,77
2024-10-24T08:00:10+07:00,42492,31,39,26.7,76
2024-10-24T08:00:32+07:00,42493,31,40,26.7,77
2024-10-24T08:00:54+07:00,42494,30,41,27,77
2024-10-24T08:01:16+07:00,42495,31,39,27.1,76
2024-10-24T08:01:38+07:00,42496,31,40,27.1,75
2024-10-24T08:02:01+07:00,42497,31,39,27.1,75
2024-10-24T08:02:23+07:00,42498,31,39,27.1,76
2024-10-24T08:02:45+07:00,42499,31,40,27.1,75
2024-10-24T08:03:07+07:00,42500,31,39,27.1,74
2024-10-24T08:03:30+07:00,42501,32,38,27.1,73
2024-10-24T08:03:52+07:00,42502,32,41,27.1,74
2024-10-24T08:04:14+07:00,42503,32,39,27.1,74
2024-10-24T08:04:37+07:00,42504,31,41,27.1,74
2024-10-24T08:04:59+07:00,42505,31,39,27.1,74
2024-10-24T08:05:21+07:00,42506,31,41,27.1,74
2024-10-24T08:05:43+07:00,42507,31,41,27.1,74
2024-10-24T08:06:05+07:00,42508,31,39,27.1,74
2024-10-24T08:06:27+07:00,42509,31,41,27.1,73
2024-10-24T08:06:49+07:00,42510,31,39,26.9,73
2024-10-24T08:07:11+07:00,42511,31,41,26.7,73
2024-10-24T08:07:33+07:00,42512,32,42,26.7,73
2024-10-24T08:07:56+07:00,42513,31,41,26.7,73
2024-10-24T08:08:18+07:00,42514,32,42,26.7,75
2024-10-24T08:08:40+07:00,42515,31,40,26.7,75
2024-10-24T08:09:02+07:00,42516,31,40,26.7,74
2024-10-24T08:09:24+07:00,42517,31,40,26.7,75
2024-10-24T08:09:47+07:00,42518,31,38,26.7,75
2024-10-24T08:10:09+07:00,42519,32,41,26.7,75
2024-10-24T08:10:31+07:00,42520,31,41,26.7,73
2024-10-24T08:10:54+07:00,42521,30,40,26.7,74
2024-10-24T08:11:16+07:00,42522,31,42,26.7,74
2024-10-24T08:11:38+07:00,42523,31,40,26.7,74
2024-10-24T08:12:00+07:00,42524,31,39,26.7,74
2024-10-24T08:12:23+07:00,42525,31,39,26.7,74
2024-10-24T08:12:45+07:00,42526,32,39,26.7,74
2024-10-24T08:13:07+07:00,42527,31,39,26.7,74
2024-10-24T08:13:30+07:00,42528,31,40,26.7,75
2024-10-24T08:13:52+07:00,42529,31,41,26.7,75
2024-10-24T08:14:14+07:00,42530,30,41,26.7,75
2024-10-24T08:14:36+07:00,42531,31,40,26.7,75
2024-10-24T08:14:58+07:00,42532,31,40,27.1,76
2024-10-24T08:15:20+07:00,42533,31,40,27.1,76
2024-10-24T08:15:42+07:00,42534,31,41,27.1,76
2024-10-24T08:16:04+07:00,42535,30,40,27.1,74
2024-10-24T08:16:27+07:00,42536,31,40,27.1,73
2024-10-24T08:16:49+07:00,42537,32,40,27.1,74
2024-10-24T08:17:11+07:00,42538,31,39,27.1,75
2024-10-24T08:17:33+07:00,42539,31,40,27.1,74
2024-10-24T08:17:55+07:00,42540,31,40,27.1,74
2024-10-24T08:18:17+07:00,42541,31,40,27.1,74
2024-10-24T08:18:41+07:00,42542,31,41,27.1,73
2024-10-24T08:19:03+07:00,42543,31,41,27.1,73
2024-10-24T08:19:26+07:00,42544,31,40,27.1,73
2024-10-24T08:19:47+07:00,42545,31,39,27.2,73
2024-10-24T08:20:10+07:00,42546,31,39,27.2,73
2024-10-24T08:20:32+07:00,42547,31,41,27.4,73
2024-10-24T08:20:54+07:00,42548,31,39,27.6,75
2024-10-24T08:21:16+07:00,42549,31,41,27.6,73
2024-10-24T08:21:39+07:00,42550,31,41,27.6,74
2024-10-24T08:22:01+07:00,42551,31,41,27.6,73
2024-10-24T08:22:23+07:00,42552,31,42,27.6,73
2024-10-24T08:22:46+07:00,42553,31,41,27.6,74
2024-10-24T08:23:09+07:00,42554,31,40,27.6,74
2024-10-24T08:23:32+07:00,42555,31,39,27.6,73
2024-10-24T08:23:54+07:00,42556,30,37,27.6,73
2024-10-24T08:24:16+07:00,42557,30,41,27.6,73
2024-10-24T08:24:40+07:00,42558,31,41,27.6,75
2024-10-24T08:25:02+07:00,42559,31,40,27.6,74
2024-10-24T08:25:24+07:00,42560,31,42,27.6,75
2024-10-24T08:25:46+07:00,42561,31,42,27.6,74
2024-10-24T08:26:08+07:00,42562,31,40,27.6,74
2024-10-24T08:26:31+07:00,42563,30,41,27.6,73
2024-10-24T08:26:54+07:00,42564,31,43,27.6,74
2024-10-24T08:27:16+07:00,42565,32,40,27.6,74
2024-10-24T08:27:39+07:00,42566,31,42,27.6,73
2024-10-24T08:28:02+07:00,42567,30,39,27.6,73
2024-10-24T08:28:25+07:00,42568,31,41,27.6,73
2024-10-24T08:28:47+07:00,42569,30,41,27.6,74
2024-10-24T08:29:10+07:00,42570,30,42,27.6,74
2024-10-24T08:29:32+07:00,42571,31,41,27.6,73
2024-10-24T08:29:54+07:00,42572,30,41,27.6,73
2024-10-24T08:30:16+07:00,42573,31,43,27.6,73
2024-10-24T08:30:38+07:00,42574,31,41,27.6,74
2024-10-24T08:31:01+07:00,42575,31,43,27.6,73
2024-10-24T08:31:23+07:00,42576,31,43,27.6,73
2024-10-24T08:31:47+07:00,42577,30,42,27.6,73
2024-10-24T08:32:09+07:00,42578,31,41,27.6,73
2024-10-24T08:32:31+07:00,42579,31,40,27.6,73
2024-10-24T08:32:53+07:00,42580,30,40,27.6,73
2024-10-24T08:33:15+07:00,42581,31,42,27.6,73
2024-10-24T08:33:37+07:00,42582,32,40,27.6,73
2024-10-24T08:33:59+07:00,42583,31,42,27.6,74
2024-10-24T08:34:22+07:00,42584,31,40,27.6,73
2024-10-24T08:34:44+07:00,42585,31,41,27.1,73
2024-10-24T08:35:06+07:00,42586,32,42,27.1,73
2024-10-24T08:35:29+07:00,42587,31,42,27.1,73
2024-10-24T08:35:51+07:00,42588,31,41,27.1,73
2024-10-24T08:36:14+07:00,42589,31,39,27.1,75
2024-10-24T08:36:36+07:00,42590,31,39,27.1,75
2024-10-24T08:36:58+07:00,42591,30,39,27.1,75
2024-10-24T08:37:20+07:00,42592,31,40,27.1,74
2024-10-24T08:37:42+07:00,42593,31,41,27.1,73
2024-10-24T08:38:04+07:00,42594,30,42,27.1,75
2024-10-24T08:38:27+07:00,42595,30,42,27.1,76
2024-10-24T08:38:49+07:00,42596,31,40,27.2,75
2024-10-24T08:39:11+07:00,42597,31,41,27.1,74
2024-10-24T08:39:34+07:00,42598,31,43,27.1,75
2024-10-24T08:39:56+07:00,42599,31,38,27.1,75
2024-10-24T08:40:18+07:00,42600,30,40,27.1,77
2024-10-24T08:40:40+07:00,42601,31,41,27.2,76
2024-10-24T08:41:03+07:00,42602,32,41,27.2,77
2024-10-24T08:41:25+07:00,42603,31,41,27.1,76
2024-10-24T08:41:47+07:00,42604,32,40,27.2,76
2024-10-24T08:42:10+07:00,42605,31,40,27.2,76
2024-10-24T08:42:32+07:00,42606,30,43,27.2,75
2024-10-24T08:43:14+07:00,42607,30,41,27.1,74
2024-10-24T08:43:36+07:00,42608,31,40,27.2,76
2024-10-24T08:43:58+07:00,42609,31,40,27.5,76
2024-10-24T08:44:21+07:00,42610,31,39,27.5,75
2024-10-24T08:44:43+07:00,42611,31,40,27.6,74
2024-10-24T08:45:06+07:00,42612,30,40,27.6,75
2024-10-24T08:45:28+07:00,42613,32,40,27.6,77
2024-10-24T08:45:51+07:00,42614,31,43,27.6,76
2024-10-24T08:46:13+07:00,42615,31,43,27.6,76
2024-10-24T08:46:36+07:00,42616,31,42,27.6,75
2024-10-24T08:46:59+07:00,42617,31,41,27.6,75
2024-10-24T08:47:21+07:00,42618,30,40,27.6,75
2024-10-24T08:47:43+07:00,42619,31,41,27.6,74
2024-10-24T08:48:06+07:00,42620,31,42,27.6,73
2024-10-24T08:48:28+07:00,42621,31,43,27.6,73
2024-10-24T08:48:51+07:00,42622,31,40,27.6,74
2024-10-24T08:49:14+07:00,42623,29,40,27.6,73
2024-10-24T08:49:36+07:00,42624,31,41,27.6,73
2024-10-24T08:49:59+07:00,42625,30,40,27.6,73
2024-10-24T08:50:21+07:00,42626,31,42,27.6,74
2024-10-24T08:50:43+07:00,42627,31,41,28,74
2024-10-24T08:51:06+07:00,42628,32,41,28,73
2024-10-24T08:51:28+07:00,42629,30,39,28,74
2024-10-24T08:51:50+07:00,42630,30,40,28,73
2024-10-24T08:52:12+07:00,42631,31,42,28,73
2024-10-24T08:52:34+07:00,42632,31,41,28,73
2024-10-24T08:52:57+07:00,42633,30,40,28,72
2024-10-24T08:53:20+07:00,42634,31,40,28,72
2024-10-24T08:53:42+07:00,42635,31,40,28,72
2024-10-24T08:54:04+07:00,42636,31,40,28,73
2024-10-24T08:54:26+07:00,42637,31,41,28,72
2024-10-24T08:54:48+07:00,42638,31,40,28,72
2024-10-24T08:55:11+07:00,42639,30,40,28,72
2024-10-24T08:55:34+07:00,42640,31,40,28,72
2024-10-24T08:55:57+07:00,42641,31,39,28,72
2024-10-24T08:56:19+07:00,42642,31,40,28,72
2024-10-24T08:56:42+07:00,42643,30,40,28,72
2024-10-24T08:57:04+07:00,42644,31,40,28,72
2024-10-24T08:57:26+07:00,42645,31,40,28,72
2024-10-24T08:57:48+07:00,42646,31,41,28,72
2024-10-24T08:58:11+07:00,42647,31,38,28,72
2024-10-24T08:58:33+07:00,42648,31,43,28,73
2024-10-24T08:58:55+07:00,42649,31,40,28,72
2024-10-24T08:59:17+07:00,42650,31,42,28,72
2024-10-24T08:59:40+07:00,42651,29,42,28,73
2024-10-24T09:00:02+07:00,42652,31,39,28,72
2024-10-24T09:00:24+07:00,42653,31,42,28,72
2024-10-24T09:00:46+07:00,42654,31,40,28,72
2024-10-24T09:01:08+07:00,42655,30,39,28,71
2024-10-24T09:01:31+07:00,42656,30,42,28.5,72
2024-10-24T09:01:53+07:00,42657,30,40,28.5,72
2024-10-24T09:02:16+07:00,42658,31,41,28.5,72
2024-10-24T09:02:38+07:00,42659,30,40,28.5,72
2024-10-24T09:03:00+07:00,42660,30,40,28.5,72
2024-10-24T09:03:22+07:00,42661,30,43,28.5,71
2024-10-24T09:03:44+07:00,42662,31,40,28.5,70
2024-10-24T09:04:07+07:00,42663,30,41,28.5,70
2024-10-24T09:04:29+07:00,42664,30,41,28.5,70
2024-10-24T09:04:51+07:00,42665,30,40,28.5,69
2024-10-24T09:05:14+07:00,42666,29,39,28.5,69
2024-10-24T09:05:37+07:00,42667,31,40,28.5,68
2024-10-24T09:05:59+07:00,42668,30,42,28.5,69
2024-10-24T09:06:22+07:00,42669,30,41,28.5,68
2024-10-24T09:06:45+07:00,42670,30,41,28.5,68
2024-10-24T09:07:07+07:00,42671,31,41,28.5,68
2024-10-24T09:07:29+07:00,42672,31,41,28.5,68
2024-10-24T09:07:53+07:00,42673,31,40,28.5,68
2024-10-24T09:08:15+07:00,42674,31,41,28.5,68
2024-10-24T09:08:38+07:00,42675,30,39,28.5,67
2024-10-24T09:09:00+07:00,42676,29,42,28.3,68
2024-10-24T09:09:22+07:00,42677,31,43,28.1,69
2024-10-24T09:09:44+07:00,42678,30,40,28.1,70
2024-10-24T09:10:07+07:00,42679,30,42,28,71
2024-10-24T09:10:30+07:00,42680,30,44,28,70
2024-10-24T09:10:52+07:00,42681,30,41,28.1,70
2024-10-24T09:11:14+07:00,42682,30,40,28,69
2024-10-24T09:11:37+07:00,42683,30,39,28,69
2024-10-24T09:11:59+07:00,42684,30,43,28,68
2024-10-24T09:12:21+07:00,42685,30,40,28,68
2024-10-24T09:12:43+07:00,42686,30,42,28,69
2024-10-24T09:13:06+07:00,42687,31,40,28,68
2024-10-24T09:13:28+07:00,42688,31,37,28,68
2024-10-24T09:13:51+07:00,42689,29,41,28,69
2024-10-24T09:14:14+07:00,42690,30,39,28,68
2024-10-24T09:14:36+07:00,42691,30,41,28,68
2024-10-24T09:14:58+07:00,42692,29,39,28,68
2024-10-24T09:15:21+07:00,42693,31,43,28,68
2024-10-24T09:15:43+07:00,42694,30,39,28,68
2024-10-24T09:16:06+07:00,42695,30,41,28,69
2024-10-24T09:16:28+07:00,42696,31,41,28,69
2024-10-24T09:16:50+07:00,42697,31,43,28,69
2024-10-24T09:17:13+07:00,42698,30,39,28,68
2024-10-24T09:17:35+07:00,42699,30,43,28,69
2024-10-24T09:17:57+07:00,42700,30,40,28,70
2024-10-24T09:18:20+07:00,42701,31,40,28,70
2024-10-24T09:18:42+07:00,42702,30,40,28,71
2024-10-24T09:19:06+07:00,42703,30,39,28,71
2024-10-24T09:19:28+07:00,42704,30,41,28,70
2024-10-24T09:19:52+07:00,42705,30,39,28,70
2024-10-24T09:20:15+07:00,42706,30,40,27.6,70
2024-10-24T09:20:39+07:00,42707,31,42,27.6,70
2024-10-24T09:21:02+07:00,42708,31,39,27.6,70
2024-10-24T09:21:24+07:00,42709,31,42,27.6,70
2024-10-24T09:21:47+07:00,42710,30,41,27.6,70
2024-10-24T09:22:09+07:00,42711,31,41,27.6,70
2024-10-24T09:22:31+07:00,42712,30,40,27.6,70
2024-10-24T09:22:54+07:00,42713,31,42,27.6,71
2024-10-24T09:23:17+07:00,42714,31,41,27.6,71
2024-10-24T09:23:40+07:00,42715,31,42,27.6,72
2024-10-24T09:24:03+07:00,42716,31,40,27.6,73
2024-10-24T09:24:27+07:00,42717,30,42,27.6,72
2024-10-24T09:24:50+07:00,42718,31,39,27.6,73
2024-10-24T09:25:13+07:00,42719,31,40,28,72
2024-10-24T09:25:36+07:00,42720,30,42,28,71
2024-10-24T09:25:59+07:00,42721,30,40,28,71
2024-10-24T09:26:22+07:00,42722,30,40,28,69
2024-10-24T09:26:44+07:00,42723,31,41,28,69
2024-10-24T09:27:07+07:00,42724,31,41,27.6,69
2024-10-24T09:27:29+07:00,42725,31,41,27.6,70
2024-10-24T09:27:52+07:00,42726,30,42,27.6,70
2024-10-24T09:28:14+07:00,42727,31,40,27.6,71
2024-10-24T09:28:37+07:00,42728,31,41,27.6,71
2024-10-24T09:28:59+07:00,42729,31,39,28,70
2024-10-24T09:29:22+07:00,42730,31,41,28,71
2024-10-24T09:29:45+07:00,42731,30,40,28,71
2024-10-24T09:30:08+07:00,42732,30,39,28,71
2024-10-24T09:30:31+07:00,42733,31,39,28,71
2024-10-24T09:30:54+07:00,42734,31,43,28,71
2024-10-24T09:31:19+07:00,42735,29,40,28,71
2024-10-24T09:31:42+07:00,42736,30,41,28.1,71
2024-10-24T09:32:06+07:00,42737,30,39,28.5,71
2024-10-24T09:32:31+07:00,42738,31,42,28.5,71
2024-10-24T09:32:55+07:00,42739,30,40,28.5,72
2024-10-24T09:33:18+07:00,42740,30,42,28.5,72
2024-10-24T09:33:41+07:00,42741,29,43,28.5,71
2024-10-24T09:34:04+07:00,42742,29,43,28.5,71
2024-10-24T09:34:28+07:00,42743,30,39,28.5,70
2024-10-24T09:35:08+07:00,42744,30,43,28.5,70
2024-10-24T09:35:36+07:00,42745,29,42,28.5,70
2024-10-24T09:36:01+07:00,42746,30,41,28.5,71
2024-10-24T09:36:26+07:00,42747,30,41,28.5,71
2024-10-24T09:36:48+07:00,42748,30,42,28.5,71
2024-10-24T09:37:14+07:00,42749,30,42,28.5,70
2024-10-24T09:37:38+07:00,42750,29,39,28.5,70
2024-10-24T09:38:00+07:00,42751,30,40,28.5,71
2024-10-24T09:38:28+07:00,42752,29,41,28.9,71
2024-10-24T09:39:05+07:00,42753,30,41,28.9,70
2024-10-24T09:39:22+07:00,42754,30,42,28.9,70
2024-10-24T09:39:51+07:00,42755,30,41,28.9,70
2024-10-24T09:40:16+07:00,42756,30,41,28.9,70
2024-10-24T09:40:38+07:00,42757,30,41,28.9,70
2024-10-24T09:41:04+07:00,42758,31,41,28.9,70
2024-10-24T09:41:29+07:00,42759,30,42,28.9,69
2024-10-24T09:41:53+07:00,42760,29,42,28.9,71
2024-10-24T09:42:16+07:00,42761,29,42,28.9,70
2024-10-24T09:42:40+07:00,42762,30,40,28.9,71
2024-10-24T09:43:05+07:00,42763,30,41,28.9,70
2024-10-24T09:43:20+07:00,42764,30,40,28.9,70
2024-10-24T09:43:44+07:00,42765,30,42,28.5,70
2024-10-24T09:44:07+07:00,42766,29,41,28.5,70
2024-10-24T09:44:32+07:00,42767,29,41,28.9,70
2024-10-24T09:45:26+07:00,42768,30,41,28.9,72
2024-10-24T09:46:11+07:00,42769,29,40,28.9,72
2024-10-24T09:46:53+07:00,42770,29,40,29.3,71
2024-10-24T09:47:20+07:00,42771,29,43,29.3,70
2024-10-24T09:49:14+07:00,42772,29,41,29.3,70
2024-10-24T09:49:42+07:00,42773,30,43,29.3,68
2024-10-24T09:50:09+07:00,42774,29,39,29.3,68
2024-10-24T09:51:09+07:00,42775,30,43,29.3,68
2024-10-24T09:51:37+07:00,42776,30,40,29.3,67
2024-10-24T09:51:53+07:00,42777,29,42,29.3,68
2024-10-24T09:52:09+07:00,42778,30,42,29.3,68
2024-10-24T09:52:37+07:00,42779,29,40,29.3,68
2024-10-24T09:53:09+07:00,42780,30,43,29.3,68
2024-10-24T09:53:26+07:00,42781,29,40,29.3,68
2024-10-24T09:54:07+07:00,42782,29,40,29.3,68
2024-10-24T09:54:46+07:00,42783,29,42,29.3,69
2024-10-24T09:55:03+07:00,42784,29,42,29.3,68
2024-10-24T09:55:49+07:00,42785,29,41,29.3,69
2024-10-24T09:56:16+07:00,42786,29,40,29.5,69
2024-10-24T09:56:35+07:00,42787,29,43,29.8,69
2024-10-24T09:57:06+07:00,42788,28,40,29.8,68
2024-10-24T09:57:31+07:00,42789,29,42,29.8,69
2024-10-24T09:57:55+07:00,42790,29,41,29.4,69
2024-10-24T09:58:20+07:00,42791,29,43,29.4,69
2024-10-24T09:58:48+07:00,42792,30,40,29.3,68
2024-10-24T09:59:03+07:00,42793,29,43,29.3,68
2024-10-24T09:59:32+07:00,42794,29,42,29.3,68
2024-10-24T09:59:57+07:00,42795,29,41,29.3,68
2024-10-24T10:00:20+07:00,42796,29,41,29.3,68
2024-10-24T10:00:44+07:00,42797,29,41,29.3,68
2024-10-24T10:01:07+07:00,42798,29,41,29.3,69
2024-10-24T10:01:30+07:00,42799,30,41,29.4,69
2024-10-24T10:01:54+07:00,42800,29,43,29.4,68
2024-10-24T10:02:09+07:00,42801,29,42,29.4,68
2024-10-24T10:02:33+07:00,42802,28,42,29.8,69
2024-10-24T10:02:58+07:00,42803,30,40,29.8,69
2024-10-24T10:03:22+07:00,42804,29,43,29.8,69
2024-10-24T10:03:47+07:00,42805,29,40,29.8,69
2024-10-24T10:04:11+07:00,42806,29,43,29.8,69
2024-10-24T10:04:34+07:00,42807,30,41,29.8,69
2024-10-24T10:04:57+07:00,42808,29,44,29.8,68
2024-10-24T10:05:23+07:00,42809,29,43,30.2,67
2024-10-24T10:05:47+07:00,42810,28,41,30.2,67
2024-10-24T10:06:11+07:00,42811,28,42,30.2,67
2024-10-24T10:06:35+07:00,42812,29,41,30.2,67
2024-10-24T10:06:58+07:00,42813,29,42,30.2,67
2024-10-24T10:07:21+07:00,42814,28,43,30.2,67
2024-10-24T10:07:48+07:00,42815,29,41,30.2,68
2024-10-24T10:08:15+07:00,42816,28,43,30.7,67
2024-10-24T10:08:38+07:00,42817,28,41,30.8,67
2024-10-24T10:09:01+07:00,42818,29,42,30.8,67
2024-10-24T10:09:25+07:00,42819,29,41,30.8,67
2024-10-24T10:09:49+07:00,42820,29,41,30.8,67
2024-10-24T10:10:13+07:00,42821,29,43,30.8,67
2024-10-24T10:10:38+07:00,42822,30,42,30.8,67
2024-10-24T10:11:03+07:00,42823,28,42,30.8,66
2024-10-24T10:11:27+07:00,42824,29,41,30.8,66
2024-10-24T10:11:51+07:00,42825,29,44,30.8,64
2024-10-24T10:12:14+07:00,42826,29,41,31.3,67
2024-10-24T10:12:38+07:00,42827,28,42,31.3,67
2024-10-24T10:13:01+07:00,42828,28,43,31.3,65
2024-10-24T10:13:25+07:00,42829,29,41,31.3,64
2024-10-24T10:13:48+07:00,42830,29,42,30.8,65
2024-10-24T10:14:10+07:00,42831,29,43,30.8,65
2024-10-24T10:14:36+07:00,42832,29,43,30.8,65
2024-10-24T10:15:00+07:00,42833,29,44,30.8,65
2024-10-24T10:15:23+07:00,42834,29,42,30.8,66
2024-10-24T10:15:47+07:00,42835,29,43,30.8,67
2024-10-24T10:16:09+07:00,42836,29,43,30.8,66
2024-10-24T10:16:33+07:00,42837,28,41,30.2,67
2024-10-24T10:16:56+07:00,42838,28,43,30.2,66
2024-10-24T10:17:19+07:00,42839,29,42,30.2,65
2024-10-24T10:17:42+07:00,42840,29,44,30.2,66
2024-10-24T10:18:05+07:00,42841,29,45,30.2,68
2024-10-24T10:18:29+07:00,42842,28,43,30.2,67
2024-10-24T10:18:54+07:00,42843,29,43,30.2,66
2024-10-24T10:19:18+07:00,42844,28,42,30.2,67
2024-10-24T10:20:04+07:00,42845,30,44,30.2,67
2024-10-24T10:20:28+07:00,42846,29,41,30.2,67
2024-10-24T10:20:53+07:00,42847,28,42,30.2,67
2024-10-24T10:21:15+07:00,42848,28,43,30.2,67
2024-10-24T10:21:38+07:00,42849,28,42,30.8,66
2024-10-24T10:22:02+07:00,42850,29,43,31.3,66
2024-10-24T10:22:25+07:00,42851,29,44,31.8,66
2024-10-24T10:22:50+07:00,42852,28,43,32.8,66
2024-10-24T10:23:13+07:00,42853,29,44,33.3,62
2024-10-24T10:23:37+07:00,42854,29,42,34.2,64
2024-10-24T10:23:59+07:00,42855,29,43,35.2,60
2024-10-24T10:24:22+07:00,42856,29,43,35.6,61
2024-10-24T10:24:45+07:00,42857,28,43,36.9,59
2024-10-24T10:25:08+07:00,42858,29,44,37.4,55
2024-10-24T10:25:32+07:00,42859,28,43,37.5,56
2024-10-24T10:25:55+07:00,42860,28,45,38,56
2024-10-24T10:26:20+07:00,42861,28,42,38,58
2024-10-24T10:26:42+07:00,42862,28,45,38.5,59
2024-10-24T10:27:09+07:00,42863,27,43,38.5,57
2024-10-24T10:27:31+07:00,42864,28,44,38,53
2024-10-24T10:27:54+07:00,42865,28,42,38,52
2024-10-24T10:28:17+07:00,42866,28,43,37.4,53
2024-10-24T10:28:40+07:00,42867,29,45,37.4,57
2024-10-24T10:29:03+07:00,42868,29,44,36.9,52
2024-10-24T10:29:26+07:00,42869,28,42,36.8,53
2024-10-24T10:29:49+07:00,42870,28,43,35.6,51
2024-10-24T10:30:12+07:00,42871,29,43,35.2,53
2024-10-24T10:30:35+07:00,42872,28,46,34.7,55
2024-10-24T10:30:58+07:00,42873,29,42,34.7,56
2024-10-24T10:31:21+07:00,42874,27,42,34.7,57
2024-10-24T10:31:45+07:00,42875,29,43,34.2,55
2024-10-24T10:32:24+07:00,42876,29,44,33.8,55
2024-10-24T10:32:47+07:00,42877,28,43,33.3,58
2024-10-24T10:33:11+07:00,42878,28,43,33.3,59
2024-10-24T10:33:35+07:00,42879,28,44,33.3,60
2024-10-24T10:34:17+07:00,42880,29,44,33.3,57
2024-10-24T10:34:42+07:00,42881,28,42,32.8,58
2024-10-24T10:35:06+07:00,42882,28,43,32.8,59
2024-10-24T10:35:31+07:00,42883,29,46,32.8,57
2024-10-24T10:35:54+07:00,42884,29,43,32.3,59
2024-10-24T10:36:18+07:00,42885,29,43,32.3,58
2024-10-24T10:36:43+07:00,42886,28,45,32.3,60
2024-10-24T10:37:05+07:00,42887,27,44,32.3,59
2024-10-24T10:37:28+07:00,42888,28,45,32.3,57
2024-10-24T10:38:09+07:00,42889,28,42,31.8,60
2024-10-24T10:38:32+07:00,42890,27,42,31.8,58
2024-10-24T10:38:56+07:00,42891,29,42,31.8,58
2024-10-24T10:39:18+07:00,42892,28,42,31.8,60
2024-10-24T10:39:42+07:00,42893,28,45,31.8,60
2024-10-24T10:40:05+07:00,42894,28,44,31.8,60
2024-10-24T10:40:29+07:00,42895,29,44,31.8,60
2024-10-24T10:40:51+07:00,42896,28,43,31.8,59
2024-10-24T10:41:14+07:00,42897,29,43,31.7,59
2024-10-24T10:41:37+07:00,42898,28,43,31.6,61
2024-10-24T10:42:00+07:00,42899,29,44,31.3,59
2024-10-24T10:42:23+07:00,42900,27,45,31.3,59
2024-10-24T10:42:45+07:00,42901,28,44,31.3,60
2024-10-24T10:43:08+07:00,42902,29,43,31.3,61
2024-10-24T10:43:31+07:00,42903,29,43,31.3,62
2024-10-24T10:43:54+07:00,42904,29,45,31.3,62
2024-10-24T10:44:17+07:00,42905,29,44,31.3,62
2024-10-24T10:44:40+07:00,42906,28,43,31.3,60
2024-10-24T10:45:02+07:00,42907,28,45,31.3,62
2024-10-24T10:45:27+07:00,42908,28,43,31.3,64
2024-10-24T10:45:50+07:00,42909,28,45,31.3,65
2024-10-24T10:46:14+07:00,42910,28,41,31.3,63
2024-10-24T10:46:37+07:00,42911,29,45,31.3,62
2024-10-24T10:47:00+07:00,42912,28,45,31.3,60
2024-10-24T10:47:24+07:00,42913,29,43,31.3,61
2024-10-24T10:47:46+07:00,42914,28,43,31.3,61
2024-10-24T10:48:09+07:00,42915,28,43,31.3,61
2024-10-24T10:48:32+07:00,42916,28,44,31.3,61
2024-10-24T10:48:54+07:00,42917,29,45,31.3,62
2024-10-24T10:49:17+07:00,42918,27,44,31.3,63
2024-10-24T10:49:40+07:00,42919,28,43,31.3,62
2024-10-24T10:50:02+07:00,42920,27,44,31.3,61
2024-10-24T10:50:25+07:00,42921,28,43,30.8,60
2024-10-24T10:50:52+07:00,42922,27,43,30.8,60
2024-10-24T10:51:15+07:00,42923,28,43,30.8,62
2024-10-24T10:51:38+07:00,42924,28,43,30.8,62
2024-10-24T10:52:01+07:00,42925,29,43,30.8,63
2024-10-24T10:52:24+07:00,42926,29,45,30.8,63
2024-10-24T10:52:46+07:00,42927,28,45,30.8,60
2024-10-24T10:53:10+07:00,42928,28,42,30.8,59
2024-10-24T10:53:33+07:00,42929,29,44,30.2,60
2024-10-24T10:53:57+07:00,42930,29,44,30.2,59
2024-10-24T10:54:20+07:00,42931,29,44,29.8,60
2024-10-24T10:54:45+07:00,42932,28,42,29.8,62
2024-10-24T10:55:09+07:00,42933,29,44,29.8,63
2024-10-24T10:56:00+07:00,42934,29,43,29.8,63
2024-10-24T10:56:26+07:00,42935,28,44,29.8,61
2024-10-24T10:56:50+07:00,42936,29,43,29.3,60
2024-10-24T10:57:14+07:00,42937,29,45,28.9,61
2024-10-24T10:57:38+07:00,42938,29,43,28.9,61
2024-10-24T10:57:54+07:00,42939,29,45,28.9,61
2024-10-24T10:58:17+07:00,42940,29,44,28.5,61
2024-10-24T10:58:41+07:00,42941,29,45,28.5,62
2024-10-24T10:59:06+07:00,42942,29,42,28.5,63
2024-10-24T10:59:34+07:00,42943,29,43,28.5,64
2024-10-24T10:59:58+07:00,42944,28,43,28.5,63
2024-10-24T11:00:21+07:00,42945,29,44,28.5,62
2024-10-24T11:00:44+07:00,42946,30,44,28.5,62
2024-10-24T11:01:07+07:00,42947,28,46,28.1,62
2024-10-24T11:01:30+07:00,42948,29,43,28,62
2024-10-24T11:01:53+07:00,42949,29,44,28,62
2024-10-24T11:02:15+07:00,42950,29,45,28,62
2024-10-24T11:02:39+07:00,42951,29,42,27.7,63
2024-10-24T11:03:01+07:00,42952,29,45,27.6,63
2024-10-24T11:03:24+07:00,42953,30,42,27.6,62
2024-10-24T11:03:48+07:00,42954,29,43,27.6,62
2024-10-24T11:04:11+07:00,42955,28,43,28,61
2024-10-24T11:04:35+07:00,42956,30,45,28,62
2024-10-24T11:04:58+07:00,42957,30,43,28,62
2024-10-24T11:05:21+07:00,42958,28,45,28,62
2024-10-24T11:05:44+07:00,42959,29,46,28.5,61
2024-10-24T11:06:07+07:00,42960,29,44,28.5,61
2024-10-24T11:06:30+07:00,42961,29,43,28.5,60
2024-10-24T11:06:55+07:00,42962,29,45,28.1,60
2024-10-24T11:07:18+07:00,42963,30,45,28,60
2024-10-24T11:07:54+07:00,42964,29,43,28,60
2024-10-24T11:08:18+07:00,42965,30,42,28,60
2024-10-24T11:08:40+07:00,42966,29,44,28,60
2024-10-24T11:09:03+07:00,42967,30,42,28,60
2024-10-24T11:09:27+07:00,42968,29,44,27.6,61
2024-10-24T11:09:50+07:00,42969,29,42,27.6,61
2024-10-24T11:10:14+07:00,42970,29,42,27.6,62
2024-10-24T11:10:37+07:00,42971,29,43,27.6,61
2024-10-24T11:10:59+07:00,42972,29,43,27.6,61
2024-10-24T11:11:22+07:00,42973,29,43,27.6,63
2024-10-24T11:11:45+07:00,42974,29,41,28,61
2024-10-24T11:12:08+07:00,42975,29,43,27.7,62
2024-10-24T11:12:31+07:00,42976,30,41,27.6,62
2024-10-24T11:12:54+07:00,42977,29,44,27.6,62
2024-10-24T11:13:34+07:00,42978,30,43,27.6,62
2024-10-24T11:13:58+07:00,42979,29,43,27.6,62
2024-10-24T11:14:22+07:00,42980,30,46,27.6,62
2024-10-24T11:14:46+07:00,42981,29,42,27.6,62
2024-10-24T11:15:09+07:00,42982,29,43,27.6,62
2024-10-24T11:15:32+07:00,42983,29,46,27.6,62
2024-10-24T11:15:48+07:00,42984,28,45,27.6,62
2024-10-24T11:16:12+07:00,42985,29,42,28,62
2024-10-24T11:16:36+07:00,42986,29,41,28,64
2024-10-24T11:17:01+07:00,42987,29,45,28.1,63
2024-10-24T11:17:29+07:00,42988,29,44,28.1,63
2024-10-24T11:17:57+07:00,42989,29,45,28.5,63
2024-10-24T11:18:20+07:00,42990,28,45,28.5,61
2024-10-24T11:18:44+07:00,42991,29,42,28.1,62
2024-10-24T11:19:07+07:00,42992,29,43,28.5,62
2024-10-24T11:19:30+07:00,42993,29,43,28.5,62
2024-10-24T11:19:53+07:00,42994,29,45,28.5,62
2024-10-24T11:20:16+07:00,42995,29,44,28.5,63
2024-10-24T11:20:39+07:00,42996,29,45,28.5,64
2024-10-24T11:21:02+07:00,42997,27,44,28.5,65
2024-10-24T11:21:25+07:00,42998,28,44,28.9,67
2024-10-24T11:21:48+07:00,42999,27,43,28.9,67
2024-10-24T11:22:11+07:00,43000,29,44,28.9,66
2024-10-24T11:22:34+07:00,43001,27,42,28.9,66
2024-10-24T11:22:57+07:00,43002,28,45,29.3,65
2024-10-24T11:23:20+07:00,43003,29,43,29.3,64
2024-10-24T11:23:47+07:00,43004,28,42,29.3,67
2024-10-24T11:24:16+07:00,43005,29,42,29.3,63
2024-10-24T11:24:40+07:00,43006,27,43,29.4,61
2024-10-24T11:25:03+07:00,43007,28,43,29.3,60
2024-10-24T11:25:26+07:00,43008,27,42,29.3,60
2024-10-24T11:25:56+07:00,43009,27,44,29.3,61
2024-10-24T11:26:23+07:00,43010,28,43,29.3,62
2024-10-24T11:26:48+07:00,43011,29,42,29.3,63
2024-10-24T11:27:11+07:00,43012,28,44,29.8,63
2024-10-24T11:27:39+07:00,43013,27,43,29.8,64
2024-10-24T11:28:04+07:00,43014,28,43,29.8,63
2024-10-24T11:28:27+07:00,43015,28,43,29.8,63
2024-10-24T11:28:50+07:00,43016,28,44,29.8,63
2024-10-24T11:29:13+07:00,43017,27,45,29.8,63
2024-10-24T11:29:37+07:00,43018,28,43,29.8,63
2024-10-24T11:30:02+07:00,43019,27,43,29.8,62
2024-10-24T11:30:25+07:00,43020,27,44,29.8,62
2024-10-24T11:30:49+07:00,43021,27,43,29.8,61
2024-10-24T11:31:12+07:00,43022,28,43,29.8,61
2024-10-24T11:31:35+07:00,43023,29,41,29.8,61
2024-10-24T11:31:58+07:00,43024,29,43,29.8,61
2024-10-24T11:32:21+07:00,43025,27,44,29.8,63
2024-10-24T11:32:44+07:00,43026,29,43,29.8,64
2024-10-24T11:33:06+07:00,43027,28,43,29.8,62
2024-10-24T11:33:29+07:00,43028,29,44,29.8,63
2024-10-24T11:33:54+07:00,43029,27,45,29.8,62
2024-10-24T11:34:17+07:00,43030,27,42,29.8,62
2024-10-24T11:34:41+07:00,43031,27,45,29.8,63
2024-10-24T11:35:05+07:00,43032,27,42,29.8,63
2024-10-24T11:35:27+07:00,43033,27,43,29.8,65
2024-10-24T11:35:50+07:00,43034,27,43,29.8,64
2024-10-24T11:36:27+07:00,43035,26,42,29.8,62
2024-10-24T11:36:54+07:00,43036,28,42,29.8,64
2024-10-24T11:37:17+07:00,43037,27,44,29.8,63
2024-10-24T11:37:44+07:00,43038,28,43,29.8,62
2024-10-24T11:38:07+07:00,43039,27,44,29.8,63
2024-10-24T11:38:31+07:00,43040,27,44,29.8,62
2024-10-24T11:38:54+07:00,43041,27,43,29.8,64
2024-10-24T11:39:17+07:00,43042,27,44,29.8,63
2024-10-24T11:39:40+07:00,43043,28,42,29.8,62
2024-10-24T11:40:03+07:00,43044,27,44,29.8,61
2024-10-24T11:40:27+07:00,43045,28,42,29.8,63
2024-10-24T11:40:50+07:00,43046,28,43,29.8,63
2024-10-24T11:41:13+07:00,43047,27,41,29.8,64
2024-10-24T11:41:36+07:00,43048,28,43,29.8,64
2024-10-24T11:41:59+07:00,43049,27,43,29.8,66
2024-10-24T11:42:22+07:00,43050,28,44,29.6,64
2024-10-24T11:42:46+07:00,43051,27,43,29.3,63
2024-10-24T11:43:10+07:00,43052,28,44,29.3,64
2024-10-24T11:43:35+07:00,43053,27,44,29.3,65
2024-10-24T11:44:01+07:00,43054,28,43,29.3,63
2024-10-24T11:44:27+07:00,43055,27,45,29.3,63
2024-10-24T11:44:53+07:00,43056,28,44,29.4,63
2024-10-24T11:45:17+07:00,43057,27,43,29.6,63
2024-10-24T11:45:40+07:00,43058,27,45,29.8,63
2024-10-24T11:46:05+07:00,43059,27,43,29.8,63
2024-10-24T11:46:28+07:00,43060,27,42,29.8,63
2024-10-24T11:46:51+07:00,43061,27,45,29.8,62
2024-10-24T11:47:13+07:00,43062,27,44,29.8,62
2024-10-24T11:47:37+07:00,43063,27,43,29.8,63
2024-10-24T11:48:00+07:00,43064,27,45,29.8,64
2024-10-24T11:48:22+07:00,43065,27,45,29.8,66
2024-10-24T11:48:47+07:00,43066,27,44,29.8,63
2024-10-24T11:49:10+07:00,43067,27,45,29.8,63
2024-10-24T11:49:34+07:00,43068,27,45,29.8,63
2024-10-24T11:49:57+07:00,43069,27,42,29.8,63
2024-10-24T11:50:21+07:00,43070,27,43,29.8,61
2024-10-24T11:50:45+07:00,43071,27,43,29.8,62
2024-10-24T11:51:08+07:00,43072,27,45,29.8,62
2024-10-24T11:51:31+07:00,43073,27,44,29.8,61
2024-10-24T11:51:54+07:00,43074,27,43,29.8,61
2024-10-24T11:52:18+07:00,43075,27,42,29.8,61
2024-10-24T11:52:41+07:00,43076,27,44,29.8,60
2024-10-24T11:53:04+07:00,43077,27,42,29.7,61
2024-10-24T11:53:27+07:00,43078,27,43,29.4,62
2024-10-24T11:53:50+07:00,43079,27,45,29.4,61
2024-10-24T11:54:13+07:00,43080,27,43,29.3,61
2024-10-24T11:54:36+07:00,43081,27,43,29.3,60
2024-10-24T11:54:59+07:00,43082,28,43,29.3,59
2024-10-24T11:55:22+07:00,43083,28,43,29.3,59
2024-10-24T11:55:45+07:00,43084,27,43,29.3,59
2024-10-24T11:56:10+07:00,43085,27,44,29.3,61
2024-10-24T11:56:33+07:00,43086,27,43,29.3,62
2024-10-24T11:56:55+07:00,43087,27,45,29.3,64
2024-10-24T11:57:19+07:00,43088,27,42,29.3,64
2024-10-24T11:57:46+07:00,43089,27,45,29.3,65
2024-10-24T11:58:10+07:00,43090,26,42,29.3,67
2024-10-24T11:58:35+07:00,43091,27,43,29.3,68
2024-10-24T11:58:59+07:00,43092,27,42,29.3,67
2024-10-24T11:59:22+07:00,43093,27,41,29.3,63
2024-10-24T11:59:46+07:00,43094,26,44,29.3,62
2024-10-24T12:00:23+07:00,43095,26,43,29.3,60
2024-10-24T12:00:47+07:00,43096,27,42,29.3,60
2024-10-24T12:01:11+07:00,43097,27,43,29.3,62
2024-10-24T12:01:34+07:00,43098,27,44,29.3,61
2024-10-24T12:02:13+07:00,43099,27,44,29.3,62
2024-10-24T12:02:36+07:00,43100,26,43,29.3,61
2024-10-24T12:02:59+07:00,43101,28,43,29.3,63
2024-10-24T12:03:22+07:00,43102,27,42,29.3,65
2024-10-24T12:03:45+07:00,43103,27,43,29.3,63
2024-10-24T12:04:07+07:00,43104,27,45,29.4,62
2024-10-24T12:04:30+07:00,43105,27,42,29.4,62
2024-10-24T12:04:54+07:00,43106,27,42,29.3,62
2024-10-24T12:05:17+07:00,43107,27,44,29.3,62
2024-10-24T12:05:41+07:00,43108,27,43,29.4,63
2024-10-24T12:06:04+07:00,43109,27,43,29.4,61
2024-10-24T12:06:28+07:00,43110,26,43,29.8,59
2024-10-24T12:06:51+07:00,43111,27,43,29.8,59
2024-10-24T12:07:14+07:00,43112,27,43,29.8,58
2024-10-24T12:07:38+07:00,43113,27,41,29.8,58
2024-10-24T12:08:01+07:00,43114,28,44,29.8,58
2024-10-24T12:08:24+07:00,43115,26,44,29.8,57
2024-10-24T12:08:47+07:00,43116,27,44,29.8,58
2024-10-24T12:09:10+07:00,43117,27,44,29.8,58
2024-10-24T12:09:32+07:00,43118,27,44,29.8,57
2024-10-24T12:09:55+07:00,43119,27,42,29.8,57
2024-10-24T12:10:19+07:00,43120,27,44,29.8,58
2024-10-24T12:10:45+07:00,43121,27,43,29.8,58
2024-10-24T12:11:08+07:00,43122,27,43,29.8,60
2024-10-24T12:11:34+07:00,43123,27,44,29.8,59
2024-10-24T12:11:58+07:00,43124,26,42,29.8,61
2024-10-24T12:12:23+07:00,43125,27,43,29.5,60
2024-10-24T12:12:46+07:00,43126,26,43,29.3,58
2024-10-24T12:13:14+07:00,43127,27,45,29.3,58
2024-10-24T12:13:43+07:00,43128,27,43,29.3,58
2024-10-24T12:14:11+07:00,43129,26,43,29.3,60
2024-10-24T12:14:35+07:00,43130,27,44,29.3,61
2024-10-24T12:15:00+07:00,43131,27,42,29,62
2024-10-24T12:15:24+07:00,43132,27,43,28.9,62
2024-10-24T12:15:48+07:00,43133,27,43,28.9,60
2024-10-24T12:16:12+07:00,43134,27,44,28.9,59
2024-10-24T12:16:53+07:00,43135,27,43,28.9,60
2024-10-24T12:17:09+07:00,43136,26,44,28.9,59
2024-10-24T12:18:00+07:00,43137,27,44,28.9,59
2024-10-24T12:18:17+07:00,43138,28,44,28.9,59
2024-10-24T12:18:40+07:00,43139,27,43,28.9,58
2024-10-24T12:19:04+07:00,43140,27,43,28.9,58
2024-10-24T12:19:28+07:00,43141,28,44,28.5,61
2024-10-24T12:20:01+07:00,43142,27,43,28.5,61
2024-10-24T12:20:24+07:00,43143,28,43,28.5,62
2024-10-24T12:20:51+07:00,43144,26,41,28.5,61
2024-10-24T12:21:15+07:00,43145,27,41,28.5,59
2024-10-24T12:21:40+07:00,43146,28,42,28.1,59
2024-10-24T12:22:07+07:00,43147,27,41,28,59
2024-10-24T12:22:23+07:00,43148,27,43,28,59
2024-10-24T12:22:50+07:00,43149,26,43,28,59
2024-10-24T12:23:06+07:00,43150,27,42,28,59
2024-10-24T12:24:09+07:00,43151,27,45,28,63
2024-10-24T12:24:35+07:00,43152,27,43,28,61
2024-10-24T12:25:00+07:00,43153,27,42,28,59
2024-10-24T12:25:25+07:00,43154,27,44,28,60
2024-10-24T12:25:49+07:00,43155,27,43,28,59
2024-10-24T12:26:16+07:00,43156,27,46,28,59
2024-10-24T12:26:41+07:00,43157,27,46,28,58
2024-10-24T12:27:05+07:00,43158,27,42,28,58
2024-10-24T12:27:28+07:00,43159,27,43,28,58
2024-10-24T12:27:52+07:00,43160,27,44,28,58
2024-10-24T12:28:16+07:00,43161,28,41,28,58
2024-10-24T12:28:39+07:00,43162,28,44,28,58
2024-10-24T12:29:03+07:00,43163,27,42,28,58
2024-10-24T12:29:26+07:00,43164,27,43,28,58
2024-10-24T12:29:49+07:00,43165,27,45,28,58
2024-10-24T12:30:13+07:00,43166,28,43,28,58
2024-10-24T12:30:37+07:00,43167,27,44,28,58
2024-10-24T12:31:00+07:00,43168,28,43,28,58
2024-10-24T12:31:22+07:00,43169,27,45,28,58
2024-10-24T12:31:45+07:00,43170,27,42,28,58
2024-10-24T12:32:08+07:00,43171,27,43,27.7,58
2024-10-24T12:32:32+07:00,43172,28,42,27.6,58
2024-10-24T12:32:55+07:00,43173,28,42,27.6,59
2024-10-24T12:33:18+07:00,43174,27,43,27.6,59
2024-10-24T12:33:41+07:00,43175,28,45,28,59
2024-10-24T12:34:05+07:00,43176,27,44,28,60
2024-10-24T12:34:29+07:00,43177,28,45,28,61
2024-10-24T12:34:52+07:00,43178,27,42,28,62
2024-10-24T12:35:15+07:00,43179,27,43,28,63
2024-10-24T12:35:38+07:00,43180,27,43,28,63
2024-10-24T12:36:01+07:00,43181,27,45,28,64
2024-10-24T12:36:24+07:00,43182,27,43,28,64
2024-10-24T12:36:47+07:00,43183,27,45,28,64
2024-10-24T12:37:11+07:00,43184,27,44,28,65
2024-10-24T12:37:33+07:00,43185,27,44,28,65
2024-10-24T12:37:57+07:00,43186,27,43,28,66
2024-10-24T12:38:20+07:00,43187,27,42,28,66
2024-10-24T12:38:43+07:00,43188,26,43,28,66
2024-10-24T12:39:06+07:00,43189,27,43,28,66
2024-10-24T12:39:29+07:00,43190,28,43,28,67
2024-10-24T12:39:52+07:00,43191,27,44,28,67
2024-10-24T12:40:17+07:00,43192,27,44,28,67
2024-10-24T12:40:41+07:00,43193,27,44,28,67
2024-10-24T12:41:22+07:00,43194,27,43,28,67
2024-10-24T12:41:46+07:00,43195,28,45,28,68
2024-10-24T12:42:13+07:00,43196,26,44,28,68
2024-10-24T12:42:37+07:00,43197,26,44,28,68
2024-10-24T12:43:02+07:00,43198,26,44,28,68
2024-10-24T12:43:27+07:00,43199,28,44,28,68
2024-10-24T12:43:43+07:00,43200,27,44,28,68
2024-10-24T12:44:11+07:00,43201,27,44,28.1,68
2024-10-24T12:44:51+07:00,43202,26,42,28.1,67
2024-10-24T12:45:16+07:00,43203,27,43,28.1,67
2024-10-24T12:45:40+07:00,43204,28,44,28.1,67
2024-10-24T12:46:04+07:00,43205,27,44,28.2,67
2024-10-24T12:46:28+07:00,43206,26,45,28.5,67
2024-10-24T12:46:51+07:00,43207,27,43,28.5,67
2024-10-24T12:47:16+07:00,43208,26,43,28.5,67
2024-10-24T12:47:39+07:00,43209,27,44,28.5,67
2024-10-24T12:48:02+07:00,43210,27,41,28.5,67
2024-10-24T12:48:26+07:00,43211,27,44,28.5,67
2024-10-24T12:48:50+07:00,43212,26,44,28.5,68
2024-10-24T12:49:12+07:00,43213,27,44,28.5,68
2024-10-24T12:49:38+07:00,43214,27,44,28.5,68
2024-10-24T12:50:02+07:00,43215,27,43,28.5,68
2024-10-24T12:50:27+07:00,43216,27,44,28.5,68
2024-10-24T12:50:50+07:00,43217,26,43,28.5,68
2024-10-24T12:51:14+07:00,43218,27,45,28.5,68
2024-10-24T12:51:38+07:00,43219,26,44,28.5,68
2024-10-24T12:52:03+07:00,43220,28,43,28.5,68
2024-10-24T12:52:26+07:00,43221,27,44,28.1,68
2024-10-24T12:52:49+07:00,43222,26,45,28.1,68
2024-10-24T12:53:14+07:00,43223,26,43,28.1,68
2024-10-24T12:53:38+07:00,43224,27,44,28,68
2024-10-24T12:54:01+07:00,43225,27,44,28,68
2024-10-24T12:54:25+07:00,43226,27,44,28,69
2024-10-24T12:54:48+07:00,43227,27,45,28.1,69
2024-10-24T12:55:26+07:00,43228,28,44,28.5,69
2024-10-24T12:56:10+07:00,43229,27,43,28.5,68
2024-10-24T12:56:41+07:00,43230,27,41,28.1,68
2024-10-24T12:57:54+07:00,43231,27,44,28.1,68
2024-10-24T12:58:21+07:00,43232,27,42,28,68
2024-10-24T12:59:00+07:00,43233,26,45,28.1,68
2024-10-24T12:59:19+07:00,43234,27,44,28,68
2024-10-24T12:59:46+07:00,43235,27,44,28,68
2024-10-24T13:00:29+07:00,43236,27,44,28,68
2024-10-24T13:00:54+07:00,43237,27,44,28,68
2024-10-24T13:01:19+07:00,43238,26,43,28,68
2024-10-24T13:01:43+07:00,43239,26,43,28,68
2024-10-24T13:02:07+07:00,43240,27,45,28,68
2024-10-24T13:02:32+07:00,43241,26,45,28,68
2024-10-24T13:02:55+07:00,43242,26,43,28,68
2024-10-24T13:03:18+07:00,43243,26,43,28,69
2024-10-24T13:03:41+07:00,43244,28,43,28,69
2024-10-24T13:04:04+07:00,43245,27,44,28,69
2024-10-24T13:04:27+07:00,43246,27,43,28,69
2024-10-24T13:04:51+07:00,43247,26,43,28,68
2024-10-24T13:05:13+07:00,43248,27,43,28,68
2024-10-24T13:05:37+07:00,43249,27,44,28,68
2024-10-24T13:06:00+07:00,43250,27,43,28,68
2024-10-24T13:06:23+07:00,43251,26,44,28,68
2024-10-24T13:06:46+07:00,43252,27,44,28,68
2024-10-24T13:07:09+07:00,43253,27,42,28,68
2024-10-24T13:07:32+07:00,43254,26,44,28,68
2024-10-24T13:07:55+07:00,43255,26,45,28,68
2024-10-24T13:08:18+07:00,43256,26,44,28,68
2024-10-24T13:08:41+07:00,43257,27,44,28,68
2024-10-24T13:09:04+07:00,43258,26,43,28,68
2024-10-24T13:09:26+07:00,43259,27,44,28,68
2024-10-24T13:09:49+07:00,43260,27,44,28,68
2024-10-24T13:10:12+07:00,43261,27,43,28,68
2024-10-24T13:10:35+07:00,43262,27,42,28,68
2024-10-24T13:10:57+07:00,43263,26,41,28,68
2024-10-24T13:11:20+07:00,43264,26,44,28,68
2024-10-24T13:11:43+07:00,43265,26,44,28,68
2024-10-24T13:12:06+07:00,43266,26,44,28,68
2024-10-24T13:12:28+07:00,43267,26,41,28,68
2024-10-24T13:12:51+07:00,43268,27,45,28,68
2024-10-24T13:13:13+07:00,43269,26,43,28,68
2024-10-24T13:13:36+07:00,43270,27,44,28,68
2024-10-24T13:13:59+07:00,43271,27,43,28,68
2024-10-24T13:14:22+07:00,43272,26,43,28,67
2024-10-24T13:14:45+07:00,43273,27,45,28,67
2024-10-24T13:15:08+07:00,43274,27,43,28,67
2024-10-24T13:15:31+07:00,43275,27,43,28,67
2024-10-24T13:15:54+07:00,43276,26,41,28,67
2024-10-24T13:16:17+07:00,43277,27,44,28,67
2024-10-24T13:16:39+07:00,43278,26,45,28,67
2024-10-24T13:17:02+07:00,43279,26,44,28,68
2024-10-24T13:17:24+07:00,43280,26,41,28,67
2024-10-24T13:17:48+07:00,43281,26,42,28,67
2024-10-24T13:18:11+07:00,43282,27,42,28,67
2024-10-24T13:18:34+07:00,43283,27,45,28,67
2024-10-24T13:18:57+07:00,43284,26,43,28,67
2024-10-24T13:19:20+07:00,43285,26,44,28,66
2024-10-24T13:19:43+07:00,43286,27,44,27.9,67
2024-10-24T13:20:05+07:00,43287,27,43,27.6,67
2024-10-24T13:20:28+07:00,43288,26,43,27.6,67
2024-10-24T13:20:51+07:00,43289,26,45,27.6,67
2024-10-24T13:21:14+07:00,43290,26,45,27.6,68
2024-10-24T13:21:37+07:00,43291,26,41,27.6,68
2024-10-24T13:22:00+07:00,43292,27,41,27.7,68
2024-10-24T13:22:23+07:00,43293,27,43,28,67
2024-10-24T13:22:46+07:00,43294,27,43,28,67
2024-10-24T13:23:10+07:00,43295,27,43,28,67
2024-10-24T13:23:32+07:00,43296,27,44,28,66
2024-10-24T13:23:55+07:00,43297,27,43,28,67
2024-10-24T13:24:19+07:00,43298,26,42,28,67
2024-10-24T13:24:42+07:00,43299,26,45,28,67
2024-10-24T13:25:04+07:00,43300,26,42,28,67
2024-10-24T13:25:28+07:00,43301,27,43,28,67
2024-10-24T13:25:51+07:00,43302,26,43,28,66
2024-10-24T13:26:14+07:00,43303,26,45,28,66
2024-10-24T13:26:36+07:00,43304,27,44,28,66
2024-10-24T13:26:59+07:00,43305,27,45,28,66
2024-10-24T13:27:22+07:00,43306,27,43,28,66
2024-10-24T13:27:39+07:00,43307,27,44,28,66
2024-10-24T13:28:04+07:00,43308,26,45,28,66
2024-10-24T13:28:27+07:00,43309,26,42,28,66
2024-10-24T13:28:50+07:00,43310,27,43,28,66
2024-10-24T13:29:16+07:00,43311,27,42,28,66
2024-10-24T13:29:40+07:00,43312,26,46,28,66
2024-10-24T13:30:03+07:00,43313,26,43,28,65
2024-10-24T13:30:26+07:00,43314,26,44,28,66
2024-10-24T13:30:50+07:00,43315,26,43,28,66
2024-10-24T13:31:05+07:00,43316,26,44,28,65
2024-10-24T13:31:28+07:00,43317,26,43,28,65
2024-10-24T13:31:52+07:00,43318,27,43,28,65
2024-10-24T13:32:16+07:00,43319,27,44,28,65
2024-10-24T13:32:39+07:00,43320,26,44,28,65
2024-10-24T13:33:01+07:00,43321,26,43,28,65
2024-10-24T13:33:26+07:00,43322,27,44,28,65
2024-10-24T13:33:50+07:00,43323,27,44,28,65
2024-10-24T13:34:16+07:00,43324,27,44,28,65
2024-10-24T13:34:40+07:00,43325,27,45,28,65
2024-10-24T13:35:05+07:00,43326,27,47,28,65
2024-10-24T13:35:29+07:00,43327,26,44,28,65
2024-10-24T13:35:53+07:00,43328,27,43,28,65
2024-10-24T13:36:18+07:00,43329,26,44,28,65
2024-10-24T13:36:56+07:00,43330,26,43,28,65
2024-10-24T13:37:18+07:00,43331,26,42,28,65
2024-10-24T13:37:43+07:00,43332,27,44,28,66
2024-10-24T13:38:06+07:00,43333,26,44,28,66
2024-10-24T13:38:30+07:00,43334,26,42,28,66
2024-10-24T13:38:53+07:00,43335,26,43,28,66
2024-10-24T13:39:16+07:00,43336,26,43,28,66
2024-10-24T13:39:39+07:00,43337,26,42,28,66
2024-10-24T13:40:03+07:00,43338,26,42,28,66
2024-10-24T13:40:29+07:00,43339,26,43,28,66
2024-10-24T13:40:53+07:00,43340,26,44,28,65
2024-10-24T13:41:16+07:00,43341,26,45,28,65
2024-10-24T13:41:31+07:00,43342,25,45,28,66
2024-10-24T13:41:56+07:00,43343,24,43,28,66
2024-10-24T13:42:19+07:00,43344,26,43,28,66
2024-10-24T13:42:47+07:00,43345,26,43,28,66
2024-10-24T13:43:11+07:00,43346,25,44,28,66
2024-10-24T13:43:49+07:00,43347,26,41,28,66
2024-10-24T13:44:13+07:00,43348,27,45,28,66
2024-10-24T13:44:36+07:00,43349,27,43,28,66
2024-10-24T13:44:59+07:00,43350,26,43,28,66
2024-10-24T13:45:23+07:00,43351,26,44,28,66
2024-10-24T13:45:45+07:00,43352,26,43,28,65
2024-10-24T13:46:08+07:00,43353,26,44,28,65
2024-10-24T13:46:31+07:00,43354,26,43,28,65
2024-10-24T13:46:55+07:00,43355,26,43,28,65
2024-10-24T13:47:18+07:00,43356,26,41,28,65
2024-10-24T13:47:41+07:00,43357,26,43,28,65
2024-10-24T13:48:05+07:00,43358,26,43,28,65
2024-10-24T13:48:28+07:00,43359,27,45,28,64
2024-10-24T13:48:51+07:00,43360,26,43,28,64
2024-10-24T13:49:15+07:00,43361,27,44,28,64
2024-10-24T13:49:39+07:00,43362,26,44,28,64
2024-10-24T13:50:02+07:00,43363,26,43,28,64
2024-10-24T13:50:26+07:00,43364,25,41,28,64
2024-10-24T13:50:50+07:00,43365,25,44,28,64
2024-10-24T13:51:14+07:00,43366,27,44,28,64
2024-10-24T13:51:37+07:00,43367,25,43,28,64
2024-10-24T13:51:59+07:00,43368,26,42,28,65
2024-10-24T13:52:22+07:00,43369,26,43,28,65
2024-10-24T13:52:46+07:00,43370,26,43,28,65
2024-10-24T13:53:10+07:00,43371,26,43,28,65
2024-10-24T13:53:34+07:00,43372,25,43,28,66
2024-10-24T13:53:57+07:00,43373,27,43,28,66
2024-10-24T13:54:23+07:00,43374,26,43,28,66
2024-10-24T13:54:46+07:00,43375,25,43,28,66
2024-10-24T13:55:10+07:00,43376,27,43,28,66
2024-10-24T13:55:32+07:00,43377,25,46,28,66
2024-10-24T13:55:56+07:00,43378,26,45,28,66
2024-10-24T13:56:19+07:00,43379,27,45,28,66
2024-10-24T13:56:42+07:00,43380,26,43,28,66
2024-10-24T13:57:05+07:00,43381,26,44,28,66
2024-10-24T13:57:29+07:00,43382,27,43,28,66
2024-10-24T13:57:53+07:00,43383,26,43,28,66
2024-10-24T13:58:16+07:00,43384,26,43,28,65
2024-10-24T13:58:41+07:00,43385,25,44,28,65
2024-10-24T13:59:08+07:00,43386,26,44,28,66
2024-10-24T13:59:31+07:00,43387,26,43,28,66
2024-10-24T13:59:55+07:00,43388,26,43,28,66
2024-10-24T14:00:20+07:00,43389,26,42,28,66
2024-10-24T14:00:43+07:00,43390,25,45,28,66
2024-10-24T14:01:06+07:00,43391,26,44,28,66
2024-10-24T14:01:29+07:00,43392,26,44,28,66
2024-10-24T14:01:52+07:00,43393,26,44,28,66
2024-10-24T14:02:16+07:00,43394,25,42,28,65
2024-10-24T14:02:39+07:00,43395,26,45,28,65
2024-10-24T14:03:01+07:00,43396,25,44,28,65
2024-10-24T14:03:24+07:00,43397,25,42,28,66
2024-10-24T14:03:47+07:00,43398,25,44,28,66
2024-10-24T14:04:13+07:00,43399,25,44,28,66
2024-10-24T14:04:36+07:00,43400,25,41,28,65
2024-10-24T14:04:59+07:00,43401,25,42,28,65
2024-10-24T14:05:35+07:00,43402,25,42,28,65
2024-10-24T14:05:58+07:00,43403,26,45,28,66
2024-10-24T14:06:21+07:00,43404,25,43,28,66
2024-10-24T14:06:44+07:00,43405,25,43,28,66
2024-10-24T14:07:08+07:00,43406,26,45,28,66
2024-10-24T14:07:31+07:00,43407,25,44,28,66
2024-10-24T14:07:54+07:00,43408,25,42,28.1,67
2024-10-24T14:08:17+07:00,43409,26,43,28,66
2024-10-24T14:08:40+07:00,43410,25,43,28.1,65
2024-10-24T14:09:04+07:00,43411,26,44,28.1,65
2024-10-24T14:09:28+07:00,43412,27,45,28.2,65
2024-10-24T14:09:52+07:00,43413,26,43,28.5,64
2024-10-24T14:10:15+07:00,43414,25,43,28.5,64
2024-10-24T14:10:39+07:00,43415,26,41,28.5,64
2024-10-24T14:11:02+07:00,43416,25,45,28.5,64
2024-10-24T14:11:25+07:00,43417,25,42,28.5,63
2024-10-24T14:11:48+07:00,43418,25,43,28.5,63
2024-10-24T14:12:11+07:00,43419,26,43,28.5,63
2024-10-24T14:12:34+07:00,43420,25,44,28.5,64
2024-10-24T14:12:57+07:00,43421,24,44,28.5,66
2024-10-24T14:13:21+07:00,43422,25,42,28.5,65
2024-10-24T14:13:45+07:00,43423,26,44,28.4,64
2024-10-24T14:14:07+07:00,43424,25,44,28.1,64
2024-10-24T14:14:31+07:00,43425,25,43,28,64
2024-10-24T14:14:53+07:00,43426,25,42,28,64
2024-10-24T14:15:16+07:00,43427,25,45,28,64
2024-10-24T14:15:40+07:00,43428,25,41,28,64
2024-10-24T14:16:03+07:00,43429,25,44,28,64
2024-10-24T14:16:26+07:00,43430,25,45,28,65
2024-10-24T14:16:49+07:00,43431,25,45,28,64
2024-10-24T14:17:13+07:00,43432,25,44,28,64
2024-10-24T14:17:41+07:00,43433,25,45,28,63
2024-10-24T14:18:04+07:00,43434,26,41,28,64
2024-10-24T14:18:28+07:00,43435,24,43,28,64
2024-10-24T14:18:51+07:00,43436,24,44,28,65
2024-10-24T14:19:14+07:00,43437,25,44,28,65
2024-10-24T14:19:37+07:00,43438,26,43,28,65
2024-10-24T14:20:00+07:00,43439,25,44,28,65
2024-10-24T14:20:22+07:00,43440,24,45,28,65
2024-10-24T14:20:45+07:00,43441,26,45,28,65
2024-10-24T14:21:09+07:00,43442,25,44,28,65
2024-10-24T14:21:32+07:00,43443,25,44,28,66
2024-10-24T14:21:56+07:00,43444,25,44,28,66
2024-10-24T14:22:19+07:00,43445,26,44,28,66
2024-10-24T14:22:41+07:00,43446,24,43,28,67
2024-10-24T14:23:04+07:00,43447,24,43,28.1,67
2024-10-24T14:23:27+07:00,43448,25,43,28,67
2024-10-24T14:23:49+07:00,43449,26,45,28,67
2024-10-24T14:24:12+07:00,43450,26,45,28,66
2024-10-24T14:24:35+07:00,43451,25,46,28,67
2024-10-24T14:24:58+07:00,43452,24,42,28,66
2024-10-24T14:25:21+07:00,43453,26,43,28,67
2024-10-24T14:25:43+07:00,43454,26,43,28,67
2024-10-24T14:26:06+07:00,43455,25,45,28,68
2024-10-24T14:26:43+07:00,43456,25,43,28,68
2024-10-24T14:27:05+07:00,43457,24,43,28,69
2024-10-24T14:27:28+07:00,43458,25,44,28,68
2024-10-24T14:27:51+07:00,43459,24,45,28.4,69
2024-10-24T14:28:13+07:00,43460,25,44,28.5,69
2024-10-24T14:28:36+07:00,43461,25,44,28.5,70
2024-10-24T14:28:59+07:00,43462,24,44,28.5,70
2024-10-24T14:29:21+07:00,43463,24,45,28.5,69
2024-10-24T14:29:44+07:00,43464,25,42,28.5,68
2024-10-24T14:30:06+07:00,43465,24,43,28.4,68
2024-10-24T14:30:28+07:00,43466,25,44,28.5,68
2024-10-24T14:30:52+07:00,43467,24,44,28.5,69
2024-10-24T14:31:14+07:00,43468,25,42,28.5,70
2024-10-24T14:31:36+07:00,43469,24,43,28.5,69
2024-10-24T14:31:59+07:00,43470,24,44,28.5,69
2024-10-24T14:32:22+07:00,43471,24,43,28.5,70
2024-10-24T14:32:45+07:00,43472,24,43,28.5,70
2024-10-24T14:33:07+07:00,43473,25,42,28.5,69
2024-10-24T14:33:30+07:00,43474,25,44,28.5,69
2024-10-24T14:33:53+07:00,43475,25,44,28.5,68
2024-10-24T14:34:16+07:00,43476,25,44,28.5,68
2024-10-24T14:34:38+07:00,43477,24,43,28.5,68
2024-10-24T14:35:00+07:00,43478,24,43,28.5,68
2024-10-24T14:35:23+07:00,43479,25,42,28.5,69
2024-10-24T14:35:45+07:00,43480,25,44,28.5,68
2024-10-24T14:36:08+07:00,43481,25,43,28.5,68
2024-10-24T14:36:30+07:00,43482,25,41,28.1,68
2024-10-24T14:36:53+07:00,43483,24,44,28,68
2024-10-24T14:37:15+07:00,43484,25,43,28,68
2024-10-24T14:37:38+07:00,43485,25,43,27.6,70
2024-10-24T14:38:00+07:00,43486,25,41,27.6,70
2024-10-24T14:38:23+07:00,43487,25,41,27.6,70
2024-10-24T14:38:45+07:00,43488,25,43,27.6,71
2024-10-24T14:39:08+07:00,43489,25,43,27.6,71
2024-10-24T14:39:30+07:00,43490,25,42,27.6,71
2024-10-24T14:39:54+07:00,43491,24,43,27.6,71
2024-10-24T14:40:16+07:00,43492,25,44,27.6,72
2024-10-24T14:40:38+07:00,43493,25,44,27.6,71
2024-10-24T14:41:01+07:00,43494,25,42,27.6,71
2024-10-24T14:41:23+07:00,43495,25,42,27.6,71
2024-10-24T14:41:46+07:00,43496,25,44,27.6,71
2024-10-24T14:42:08+07:00,43497,25,42,27.6,71
2024-10-24T14:42:30+07:00,43498,25,43,27.6,71
2024-10-24T14:42:54+07:00,43499,25,41,27.6,70
2024-10-24T14:43:16+07:00,43500,25,43,27.6,70
2024-10-24T14:43:38+07:00,43501,25,41,27.5,70
2024-10-24T14:44:01+07:00,43502,25,43,27.2,70
2024-10-24T14:44:24+07:00,43503,25,45,27.1,70
2024-10-24T14:44:46+07:00,43504,24,42,27.1,70
2024-10-24T14:45:09+07:00,43505,25,42,27.1,70
2024-10-24T14:45:31+07:00,43506,25,41,27.1,70
2024-10-24T14:45:53+07:00,43507,26,41,27.1,71
2024-10-24T14:46:16+07:00,43508,25,43,27.1,71
2024-10-24T14:46:38+07:00,43509,25,41,27.1,70
2024-10-24T14:47:00+07:00,43510,25,42,27.1,71
2024-10-24T14:47:23+07:00,43511,24,44,27.1,71
2024-10-24T14:47:46+07:00,43512,26,45,27.1,71
2024-10-24T14:48:08+07:00,43513,25,41,27.1,71
2024-10-24T14:48:30+07:00,43514,25,40,27.1,72
2024-10-24T14:48:53+07:00,43515,25,44,27.1,72
2024-10-24T14:49:15+07:00,43516,26,42,27.1,72
2024-10-24T14:49:39+07:00,43517,25,44,27.1,71
2024-10-24T14:50:01+07:00,43518,24,44,27.1,71
2024-10-24T14:50:26+07:00,43519,25,42,27.1,72
2024-10-24T14:50:49+07:00,43520,24,44,27.1,72
2024-10-24T14:51:12+07:00,43521,25,41,27.1,72
2024-10-24T14:51:35+07:00,43522,25,42,27.1,73
2024-10-24T14:51:57+07:00,43523,24,43,27.1,73
2024-10-24T14:52:20+07:00,43524,24,42,27.1,73
2024-10-24T14:52:43+07:00,43525,25,43,27.1,73
2024-10-24T14:53:05+07:00,43526,25,41,27.1,73
2024-10-24T14:53:28+07:00,43527,24,43,27.1,73
2024-10-24T14:53:50+07:00,43528,25,42,27.1,73
2024-10-24T14:54:13+07:00,43529,26,41,27.1,74
2024-10-24T14:54:36+07:00,43530,24,42,27.1,75
2024-10-24T14:54:58+07:00,43531,25,43,27.1,75
2024-10-24T14:55:21+07:00,43532,25,42,27.1,75
2024-10-24T14:55:43+07:00,43533,26,45,27.1,76
2024-10-24T14:56:05+07:00,43534,24,42,26.7,76
2024-10-24T14:56:28+07:00,43535,25,42,26.7,76
2024-10-24T14:56:50+07:00,43536,26,44,26.7,77
2024-10-24T14:57:13+07:00,43537,25,44,26.7,77
2024-10-24T14:57:35+07:00,43538,25,42,26.7,77
2024-10-24T14:57:57+07:00,43539,25,41,26.3,77
2024-10-24T14:58:21+07:00,43540,26,42,26.2,77
2024-10-24T14:58:42+07:00,43541,25,41,26.2,77
2024-10-24T14:59:04+07:00,43542,25,43,26.2,77
2024-10-24T14:59:27+07:00,43543,26,41,26.2,79
2024-10-24T14:59:50+07:00,43544,25,41,26.2,79
2024-10-24T15:00:12+07:00,43545,25,43,26.2,78
2024-10-24T15:00:35+07:00,43546,25,41,26.2,79
2024-10-24T15:00:58+07:00,43547,25,44,26.2,80
2024-10-24T15:01:20+07:00,43548,26,42,25.8,80
2024-10-24T15:01:42+07:00,43549,26,43,25.8,81
2024-10-24T15:02:05+07:00,43550,26,41,25.8,81
2024-10-24T15:02:27+07:00,43551,26,42,25.8,82
2024-10-24T15:02:50+07:00,43552,26,44,25.8,83
2024-10-24T15:03:13+07:00,43553,26,47,25.3,82
2024-10-24T15:03:35+07:00,43554,25,43,25.3,83
2024-10-24T15:03:58+07:00,43555,27,43,25.3,85
2024-10-24T15:04:20+07:00,43556,26,44,25.3,85
2024-10-24T15:04:44+07:00,43557,26,42,25.3,86
2024-10-24T15:05:06+07:00,43558,27,43,25.3,87
2024-10-24T15:05:29+07:00,43559,25,44,25.3,89
2024-10-24T15:05:51+07:00,43560,25,41,25.3,89
2024-10-24T15:06:14+07:00,43561,26,42,25.3,90
2024-10-24T15:06:36+07:00,43562,25,40,25.3,89
2024-10-24T15:06:59+07:00,43563,25,43,25.3,89
2024-10-24T15:07:21+07:00,43564,26,43,25.3,88
2024-10-24T15:07:44+07:00,43565,25,45,25.3,89
2024-10-24T15:08:06+07:00,43566,25,43,25.3,89
2024-10-24T15:08:29+07:00,43567,26,40,25.3,89
2024-10-24T15:08:52+07:00,43568,25,43,24.9,89
2024-10-24T15:09:14+07:00,43569,26,45,24.8,89
2024-10-24T15:09:37+07:00,43570,26,41,24.9,89
2024-10-24T15:09:59+07:00,43571,26,42,24.8,89
2024-10-24T15:10:22+07:00,43572,27,44,24.8,90
2024-10-24T15:10:44+07:00,43573,27,45,24.8,90
2024-10-24T15:11:08+07:00,43574,26,42,24.8,90
2024-10-24T15:11:30+07:00,43575,27,42,24.8,90
2024-10-24T15:11:53+07:00,43576,26,41,24.8,90
2024-10-24T15:12:16+07:00,43577,26,42,24.8,91
2024-10-24T15:12:39+07:00,43578,27,44,24.8,91
2024-10-24T15:13:02+07:00,43579,26,44,24.5,90
2024-10-24T15:13:24+07:00,43580,26,43,24.5,90
2024-10-24T15:13:47+07:00,43581,27,41,24.5,89
2024-10-24T15:14:10+07:00,43582,27,42,24.5,88
2024-10-24T15:14:32+07:00,43583,26,43,24.5,86
2024-10-24T15:14:55+07:00,43584,27,42,24.5,86
2024-10-24T15:15:17+07:00,43585,27,42,24.5,86
2024-10-24T15:15:40+07:00,43586,26,43,24.5,86
2024-10-24T15:16:03+07:00,43587,27,45,24.5,88
2024-10-24T15:16:25+07:00,43588,26,41,24.2,88
2024-10-24T15:16:48+07:00,43589,26,41,24.2,89
2024-10-24T15:17:12+07:00,43590,26,42,24.2,89
2024-10-24T15:17:36+07:00,43591,27,46,24.2,89
2024-10-24T15:17:59+07:00,43592,26,41,24.5,89
2024-10-24T15:18:21+07:00,43593,27,41,24.5,89
2024-10-24T15:18:44+07:00,43594,26,43,24.5,89
2024-10-24T15:19:07+07:00,43595,26,43,24.5,90
2024-10-24T15:19:29+07:00,43596,26,43,24.5,91
2024-10-24T15:19:52+07:00,43597,26,44,24.5,92
2024-10-24T15:20:15+07:00,43598,27,43,24.1,92
2024-10-24T15:20:38+07:00,43599,26,42,24.1,93
2024-10-24T15:21:00+07:00,43600,26,43,24.1,93
2024-10-24T15:21:16+07:00,43601,26,42,24.1,93
2024-10-24T15:22:03+07:00,43602,26,42,24.1,94
2024-10-24T15:22:27+07:00,43603,26,44,24.1,94
2024-10-24T15:22:49+07:00,43604,27,43,24.1,94
2024-10-24T15:23:14+07:00,43605,26,44,24.1,94
2024-10-24T15:23:37+07:00,43606,26,44,24.1,94
2024-10-24T15:24:02+07:00,43607,26,44,24.1,94
2024-10-24T15:24:26+07:00,43608,27,41,24.1,93
2024-10-24T15:24:50+07:00,43609,27,41,24.2,93
2024-10-24T15:25:14+07:00,43610,25,42,24.5,93
2024-10-24T15:25:36+07:00,43611,26,43,24.5,93
2024-10-24T15:26:00+07:00,43612,26,44,24.5,93
2024-10-24T15:26:23+07:00,43613,27,41,24.5,92
2024-10-24T15:26:47+07:00,43614,26,42,24.5,92
2024-10-24T15:27:09+07:00,43615,26,44,24.5,92
2024-10-24T15:27:33+07:00,43616,26,41,24.5,92
2024-10-24T15:27:58+07:00,43617,26,42,24.5,92
2024-10-24T15:28:25+07:00,43618,26,42,24.5,92
2024-10-24T15:29:07+07:00,43619,25,42,24.5,92
2024-10-24T15:29:46+07:00,43620,26,42,24.5,92
2024-10-24T15:30:12+07:00,43621,26,45,24.5,92
2024-10-24T15:30:37+07:00,43622,26,40,24.5,90
2024-10-24T15:31:04+07:00,43623,26,44,24.5,89
2024-10-24T15:31:32+07:00,43624,26,41,24.5,88
2024-10-24T15:31:55+07:00,43625,26,43,24.8,88
2024-10-24T15:32:19+07:00,43626,26,45,24.8,88
2024-10-24T15:32:42+07:00,43627,26,44,24.8,88
2024-10-24T15:33:05+07:00,43628,26,45,24.8,88
2024-10-24T15:33:28+07:00,43629,25,44,24.8,88
2024-10-24T15:33:52+07:00,43630,26,43,24.8,88
2024-10-24T15:34:15+07:00,43631,26,45,24.8,88
2024-10-24T15:34:39+07:00,43632,27,43,24.8,88
2024-10-24T15:35:03+07:00,43633,26,43,24.8,88
2024-10-24T15:35:26+07:00,43634,26,46,24.8,89
2024-10-24T15:35:50+07:00,43635,26,41,24.8,89
2024-10-24T15:36:15+07:00,43636,26,44,24.8,88
2024-10-24T15:36:38+07:00,43637,26,43,24.8,89
2024-10-24T15:37:01+07:00,43638,26,41,24.8,89
2024-10-24T15:37:27+07:00,43639,25,43,24.8,89
2024-10-24T15:37:50+07:00,43640,26,43,24.8,89
2024-10-24T15:38:29+07:00,43641,26,44,24.8,90
2024-10-24T15:38:52+07:00,43642,25,43,24.8,91
2024-10-24T15:39:17+07:00,43643,26,44,24.8,92
2024-10-24T15:39:40+07:00,43644,26,42,24.8,92
2024-10-24T15:40:03+07:00,43645,26,42,24.8,92
2024-10-24T15:40:26+07:00,43646,26,42,24.8,92
2024-10-24T15:40:49+07:00,43647,27,41,24.8,92
2024-10-24T15:41:12+07:00,43648,26,44,24.8,92
2024-10-24T15:41:37+07:00,43649,26,42,24.8,92
2024-10-24T15:41:59+07:00,43650,26,44,24.8,93
2024-10-24T15:42:23+07:00,43651,26,43,24.5,93
2024-10-24T15:42:48+07:00,43652,25,46,24.5,93
2024-10-24T15:43:11+07:00,43653,25,42,24.5,93
2024-10-24T15:43:39+07:00,43654,26,43,24.5,93
2024-10-24T15:44:04+07:00,43655,25,43,24.5,93
2024-10-24T15:44:26+07:00,43656,25,43,24.5,93
2024-10-24T15:44:49+07:00,43657,26,41,24.5,94
2024-10-24T15:45:13+07:00,43658,26,42,24.5,94
2024-10-24T15:45:36+07:00,43659,26,42,24.5,94
2024-10-24T15:45:59+07:00,43660,25,42,24.5,95
2024-10-24T15:46:22+07:00,43661,27,43,24.5,95
2024-10-24T15:46:44+07:00,43662,26,41,24.5,95
2024-10-24T15:47:08+07:00,43663,26,42,24.2,95
2024-10-24T15:47:31+07:00,43664,26,44,24.2,95
2024-10-24T15:47:54+07:00,43665,26,43,24.1,96
2024-10-24T15:48:19+07:00,43666,26,42,24.2,96
2024-10-24T15:48:42+07:00,43667,26,41,24.1,96
2024-10-24T15:49:06+07:00,43668,25,43,24.1,97
2024-10-24T15:49:23+07:00,43669,26,45,24.1,97
2024-10-24T15:49:47+07:00,43670,26,43,24.1,97
2024-10-24T15:50:26+07:00,43671,26,41,24.1,98
2024-10-24T15:50:49+07:00,43672,26,40,24.1,98
2024-10-24T15:51:14+07:00,43673,26,45,24.1,98
2024-10-24T15:51:38+07:00,43674,26,43,24.1,98
2024-10-24T15:52:02+07:00,43675,26,42,24.1,98
2024-10-24T15:52:25+07:00,43676,25,42,24.1,98
2024-10-24T15:52:48+07:00,43677,25,43,24.1,98
2024-10-24T15:53:17+07:00,43678,27,43,24.1,98
2024-10-24T15:53:41+07:00,43679,27,42,24.1,98
2024-10-24T15:54:05+07:00,43680,27,41,24.1,98
2024-10-24T15:54:31+07:00,43681,26,42,24.1,98
2024-10-24T15:55:09+07:00,43682,27,42,24.1,98
2024-10-24T15:55:32+07:00,43683,26,39,24.2,98
2024-10-24T15:55:56+07:00,43684,26,42,24.2,98
2024-10-24T15:56:19+07:00,43685,27,40,24.2,98
2024-10-24T15:56:46+07:00,43686,26,45,24.2,98
2024-10-24T15:57:11+07:00,43687,27,42,24.2,98
2024-10-24T15:57:34+07:00,43688,26,46,24.2,98
2024-10-24T15:57:57+07:00,43689,26,40,24.2,98
2024-10-24T15:58:21+07:00,43690,26,43,24.3,98
2024-10-24T15:58:45+07:00,43691,26,42,24.3,98
2024-10-24T15:59:08+07:00,43692,27,42,24.2,98
2024-10-24T15:59:31+07:00,43693,27,44,24.2,98
2024-10-24T16:00:08+07:00,43694,26,43,24.2,98
2024-10-24T16:00:31+07:00,43695,27,44,24.3,98
2024-10-24T16:00:54+07:00,43696,27,43,24.2,97
2024-10-24T16:01:18+07:00,43697,26,45,24.2,97
2024-10-24T16:01:41+07:00,43698,26,45,24.2,97
2024-10-24T16:02:05+07:00,43699,27,42,24.2,96
2024-10-24T16:02:28+07:00,43700,26,43,24.1,96
2024-10-24T16:02:52+07:00,43701,26,43,24.1,96
2024-10-24T16:03:15+07:00,43702,25,43,24.2,96
2024-10-24T16:03:39+07:00,43703,26,43,24.2,96
2024-10-24T16:04:04+07:00,43704,26,42,24.5,96
2024-10-24T16:04:28+07:00,43705,26,44,24.5,96
2024-10-24T16:04:53+07:00,43706,26,42,24.5,96
2024-10-24T16:05:18+07:00,43707,25,42,24.5,96
2024-10-24T16:05:43+07:00,43708,27,45,24.5,96
2024-10-24T16:06:09+07:00,43709,26,44,24.5,96
2024-10-24T16:06:32+07:00,43710,25,42,24.5,96
2024-10-24T16:06:57+07:00,43711,26,43,24.5,96
2024-10-24T16:07:20+07:00,43712,26,43,24.5,96
2024-10-24T16:07:45+07:00,43713,25,43,24.5,95
2024-10-24T16:08:11+07:00,43714,25,44,24.5,95
2024-10-24T16:08:56+07:00,43715,26,43,24.5,94
2024-10-24T16:09:23+07:00,43716,26,42,24.5,94
2024-10-24T16:09:47+07:00,43717,26,43,24.8,94
2024-10-24T16:10:12+07:00,43718,26,43,24.8,94
2024-10-24T16:10:37+07:00,43719,26,42,24.8,93
2024-10-24T16:11:05+07:00,43720,26,43,24.8,93
2024-10-24T16:11:28+07:00,43721,26,41,24.8,92
2024-10-24T16:11:52+07:00,43722,26,44,24.8,92
2024-10-24T16:12:17+07:00,43723,26,41,24.8,92
2024-10-24T16:12:41+07:00,43724,25,43,24.8,91
2024-10-24T16:13:08+07:00,43725,26,44,24.8,90
2024-10-24T16:13:24+07:00,43726,26,42,24.8,90
2024-10-24T16:14:03+07:00,43727,26,44,24.8,89
2024-10-24T16:14:59+07:00,43728,26,43,24.8,89
2024-10-24T16:15:21+07:00,43729,26,41,24.8,89
2024-10-24T16:15:47+07:00,43730,27,41,24.8,89
2024-10-24T16:16:11+07:00,43731,27,44,24.8,89
2024-10-24T16:16:36+07:00,43732,26,41,24.8,89
2024-10-24T16:17:00+07:00,43733,25,39,24.8,89
2024-10-24T16:17:23+07:00,43734,25,40,24.8,88
2024-10-24T16:17:47+07:00,43735,26,44,24.8,87
2024-10-24T16:18:10+07:00,43736,25,42,24.8,86
2024-10-24T16:18:33+07:00,43737,25,41,24.8,86
2024-10-24T16:18:57+07:00,43738,27,43,24.8,86
2024-10-24T16:19:21+07:00,43739,26,40,24.8,87
2024-10-24T16:19:44+07:00,43740,26,40,24.8,88
2024-10-24T16:20:09+07:00,43741,25,43,24.8,88
2024-10-24T16:20:34+07:00,43742,26,42,24.8,88
2024-10-24T16:20:57+07:00,43743,26,44,24.8,88
2024-10-24T16:21:13+07:00,43744,26,41,24.8,89
2024-10-24T16:21:37+07:00,43745,27,41,24.8,89
2024-10-24T16:22:02+07:00,43746,26,42,24.8,89
2024-10-24T16:22:25+07:00,43747,26,42,24.8,90
2024-10-24T16:22:54+07:00,43748,25,45,24.8,90
2024-10-24T16:23:33+07:00,43749,26,43,24.8,89
2024-10-24T16:23:58+07:00,43750,27,45,24.8,90
2024-10-24T16:24:21+07:00,43751,26,41,24.5,90
2024-10-24T16:24:44+07:00,43752,26,43,24.5,90
2024-10-24T16:25:08+07:00,43753,26,44,24.5,90
2024-10-24T16:25:48+07:00,43754,27,43,24.5,90
2024-10-24T16:26:11+07:00,43755,27,43,24.5,90
2024-10-24T16:26:36+07:00,43756,27,42,24.5,90
2024-10-24T16:27:00+07:00,43757,27,41,24.5,90
2024-10-24T16:27:23+07:00,43758,26,40,24.5,90
2024-10-24T16:27:51+07:00,43759,26,42,24.5,90
2024-10-24T16:28:15+07:00,43760,26,43,24.5,90
2024-10-24T16:28:40+07:00,43761,26,44,24.5,91
2024-10-24T16:29:03+07:00,43762,25,42,24.5,91
2024-10-24T16:29:26+07:00,43763,26,42,24.5,91
2024-10-24T16:29:50+07:00,43764,25,45,24.5,92
2024-10-24T16:30:16+07:00,43765,26,42,24.5,92
2024-10-24T16:30:41+07:00,43766,26,43,24.5,91
2024-10-24T16:31:08+07:00,43767,26,44,24.5,92
2024-10-24T16:31:31+07:00,43768,26,44,24.8,92
2024-10-24T16:31:47+07:00,43769,26,42,24.7,92
2024-10-24T16:32:11+07:00,43770,26,45,24.8,92
2024-10-24T16:32:37+07:00,43771,25,43,24.8,93
2024-10-24T16:33:03+07:00,43772,26,43,24.5,92
2024-10-24T16:33:27+07:00,43773,26,45,24.5,92
2024-10-24T16:33:52+07:00,43774,25,41,24.5,92
2024-10-24T16:34:15+07:00,43775,27,45,24.5,92
2024-10-24T16:34:40+07:00,43776,27,42,24.5,92
2024-10-24T16:35:16+07:00,43777,26,42,24.5,93
2024-10-24T16:35:41+07:00,43778,26,43,24.5,93
2024-10-24T16:36:04+07:00,43779,26,41,24.5,93
2024-10-24T16:36:32+07:00,43780,25,43,24.5,93
2024-10-24T16:37:08+07:00,43781,26,44,24.5,93
2024-10-24T16:37:32+07:00,43782,26,43,24.5,93
2024-10-24T16:37:57+07:00,43783,26,43,24.5,93
2024-10-24T16:38:21+07:00,43784,26,42,24.5,93
2024-10-24T16:38:47+07:00,43785,25,42,24.5,93
2024-10-24T16:39:10+07:00,43786,26,43,24.5,93
2024-10-24T16:39:35+07:00,43787,26,40,24.5,93
2024-10-24T16:39:59+07:00,43788,26,43,24.5,93
2024-10-24T16:40:14+07:00,43789,26,43,24.5,93
2024-10-24T16:40:38+07:00,43790,27,42,24.5,93
2024-10-24T16:41:05+07:00,43791,27,42,24.5,93
2024-10-24T16:41:29+07:00,43792,27,43,24.5,93
2024-10-24T16:41:53+07:00,43793,26,43,24.5,93
2024-10-24T16:42:16+07:00,43794,26,43,24.5,93
2024-10-24T16:42:41+07:00,43795,27,43,24.5,93
2024-10-24T16:43:05+07:00,43796,26,43,24.5,93
2024-10-24T16:43:28+07:00,43797,26,43,24.5,93
2024-10-24T16:43:53+07:00,43798,26,41,24.5,93
2024-10-24T16:44:16+07:00,43799,26,43,24.5,93
2024-10-24T16:44:39+07:00,43800,26,43,24.5,93
2024-10-24T16:45:08+07:00,43801,25,42,24.5,93
2024-10-24T16:45:31+07:00,43802,26,41,24.5,93
2024-10-24T16:45:55+07:00,43803,25,43,24.5,93
2024-10-24T16:46:18+07:00,43804,25,43,24.5,93
2024-10-24T16:46:41+07:00,43805,27,41,24.5,93
2024-10-24T16:47:06+07:00,43806,26,42,24.5,93
2024-10-24T16:47:28+07:00,43807,26,42,24.5,93
2024-10-24T16:47:52+07:00,43808,26,40,24.5,93
2024-10-24T16:48:15+07:00,43809,27,45,24.5,93
2024-10-24T16:48:38+07:00,43810,26,43,24.5,93
2024-10-24T16:49:01+07:00,43811,27,42,24.5,92
2024-10-24T16:49:24+07:00,43812,27,42,24.5,92
2024-10-24T16:49:47+07:00,43813,26,42,24.5,92
2024-10-24T16:50:10+07:00,43814,26,41,24.5,92
2024-10-24T16:50:33+07:00,43815,26,44,24.5,92
2024-10-24T16:50:57+07:00,43816,26,44,24.5,92
2024-10-24T16:51:20+07:00,43817,26,41,24.5,92
2024-10-24T16:51:44+07:00,43818,27,42,24.5,92
2024-10-24T16:52:11+07:00,43819,26,42,24.5,91
2024-10-24T16:52:36+07:00,43820,26,41,24.5,90
2024-10-24T16:53:01+07:00,43821,27,42,24.5,90
2024-10-24T16:53:24+07:00,43822,26,43,24.5,89
2024-10-24T16:53:49+07:00,43823,26,43,24.5,89
2024-10-24T16:54:12+07:00,43824,25,41,24.5,89
2024-10-24T16:54:37+07:00,43825,26,45,24.5,90
2024-10-24T16:55:00+07:00,43826,26,42,24.5,89
2024-10-24T16:55:23+07:00,43827,26,43,24.5,89
2024-10-24T16:55:48+07:00,43828,27,43,24.5,88
2024-10-24T16:56:11+07:00,43829,26,42,24.5,89
2024-10-24T16:56:37+07:00,43830,25,42,24.5,89
2024-10-24T16:57:02+07:00,43831,26,44,24.5,88
2024-10-24T16:57:25+07:00,43832,26,43,24.5,88
2024-10-24T16:57:50+07:00,43833,26,41,24.5,87
2024-10-24T16:58:14+07:00,43834,26,43,24.5,86
2024-10-24T16:58:38+07:00,43835,27,43,24.5,87
2024-10-24T16:59:01+07:00,43836,26,43,24.5,88
2024-10-24T16:59:23+07:00,43837,27,43,24.5,88
2024-10-24T16:59:47+07:00,43838,25,43,24.5,88
2024-10-24T17:00:10+07:00,43839,27,43,24.5,88
2024-10-24T17:00:33+07:00,43840,26,44,24.3,87
2024-10-24T17:00:56+07:00,43841,26,43,24.2,86
2024-10-24T17:01:19+07:00,43842,26,42,24.2,86
2024-10-24T17:01:42+07:00,43843,26,42,24.2,86
2024-10-24T17:02:04+07:00,43844,26,44,24.4,86
2024-10-24T17:02:28+07:00,43845,26,43,24.5,86
2024-10-24T17:02:50+07:00,43846,26,44,24.5,87
2024-10-24T17:03:14+07:00,43847,26,43,24.5,88
2024-10-24T17:03:39+07:00,43848,26,40,24.5,88
2024-10-24T17:04:02+07:00,43849,26,43,24.5,88
2024-10-24T17:04:25+07:00,43850,26,43,24.5,88
2024-10-24T17:04:49+07:00,43851,26,42,24.5,88
2024-10-24T17:05:12+07:00,43852,26,43,24.5,88
2024-10-24T17:05:36+07:00,43853,25,42,24.5,88
2024-10-24T17:05:59+07:00,43854,26,43,24.5,88
2024-10-24T17:06:22+07:00,43855,26,43,24.5,87
2024-10-24T17:06:46+07:00,43856,26,42,24.5,86
2024-10-24T17:07:09+07:00,43857,25,42,24.5,86
2024-10-24T17:07:31+07:00,43858,26,42,24.5,85
2024-10-24T17:07:54+07:00,43859,25,43,24.4,85
2024-10-24T17:08:17+07:00,43860,26,41,24.2,85
2024-10-24T17:08:40+07:00,43861,26,44,24.2,85
2024-10-24T17:09:03+07:00,43862,25,40,24.2,85
2024-10-24T17:09:26+07:00,43863,26,42,24.2,85
2024-10-24T17:09:49+07:00,43864,26,40,24.2,85
2024-10-24T17:10:12+07:00,43865,26,43,24.2,85
2024-10-24T17:10:36+07:00,43866,26,44,24.1,85
2024-10-24T17:11:00+07:00,43867,26,42,24.1,85
2024-10-24T17:11:27+07:00,43868,25,42,24.1,85
2024-10-24T17:11:49+07:00,43869,26,42,24.1,85
2024-10-24T17:12:12+07:00,43870,26,42,24.1,85
2024-10-24T17:12:35+07:00,43871,26,43,24.2,85
2024-10-24T17:12:57+07:00,43872,27,41,24.1,84
2024-10-24T17:13:20+07:00,43873,26,40,24.2,85
2024-10-24T17:13:43+07:00,43874,26,43,24.1,85
2024-10-24T17:14:05+07:00,43875,26,44,24.1,84
2024-10-24T17:14:28+07:00,43876,25,45,24.1,84
2024-10-24T17:14:52+07:00,43877,26,42,24.1,84
2024-10-24T17:15:15+07:00,43878,26,43,24.1,84
2024-10-24T17:15:38+07:00,43879,27,42,24.1,84
2024-10-24T17:16:02+07:00,43880,26,44,24.1,84
2024-10-24T17:16:25+07:00,43881,26,44,24.1,84
2024-10-24T17:16:48+07:00,43882,26,42,24.1,84
2024-10-24T17:17:12+07:00,43883,26,43,24.1,84
2024-10-24T17:17:36+07:00,43884,26,42,24.1,84
2024-10-24T17:17:59+07:00,43885,26,43,24.1,84
2024-10-24T17:18:22+07:00,43886,26,42,24.1,84
2024-10-24T17:18:48+07:00,43887,26,43,24.1,85
2024-10-24T17:19:26+07:00,43888,26,42,24.1,85
2024-10-24T17:19:49+07:00,43889,26,43,24.1,85
2024-10-24T17:20:12+07:00,43890,26,43,24.1,85
2024-10-24T17:20:34+07:00,43891,27,43,24.1,85
2024-10-24T17:20:57+07:00,43892,26,42,24.1,85
2024-10-24T17:21:20+07:00,43893,25,43,24.2,85
2024-10-24T17:21:43+07:00,43894,26,42,24.1,85
2024-10-24T17:22:06+07:00,43895,26,43,24.1,85
2024-10-24T17:22:29+07:00,43896,26,42,24.1,85
2024-10-24T17:22:52+07:00,43897,25,43,24.1,85
2024-10-24T17:23:15+07:00,43898,27,43,24.1,85
2024-10-24T17:23:38+07:00,43899,27,42,24.2,85
2024-10-24T17:24:01+07:00,43900,26,42,24.2,85
2024-10-24T17:24:23+07:00,43901,27,42,24.2,86
2024-10-24T17:24:48+07:00,43902,26,42,24.1,87
2024-10-24T17:25:14+07:00,43903,25,43,24.2,86
2024-10-24T17:25:39+07:00,43904,26,43,24.1,86
2024-10-24T17:26:01+07:00,43905,26,44,24.2,86
2024-10-24T17:26:25+07:00,43906,25,41,24.4,87
2024-10-24T17:26:49+07:00,43907,25,43,24.5,86
2024-10-24T17:27:12+07:00,43908,25,43,24.5,87
2024-10-24T17:27:35+07:00,43909,26,43,24.5,88
2024-10-24T17:27:58+07:00,43910,26,41,24.5,88
2024-10-24T17:28:22+07:00,43911,25,41,24.5,88
2024-10-24T17:28:46+07:00,43912,27,43,24.5,87
2024-10-24T17:29:09+07:00,43913,26,42,24.5,87
2024-10-24T17:29:32+07:00,43914,26,41,24.5,87
2024-10-24T17:29:55+07:00,43915,26,42,24.5,87
2024-10-24T17:30:18+07:00,43916,25,42,24.5,88
2024-10-24T17:30:41+07:00,43917,26,43,24.5,87
2024-10-24T17:31:04+07:00,43918,26,42,24.5,87
2024-10-24T17:31:27+07:00,43919,26,41,24.5,86
2024-10-24T17:31:50+07:00,43920,26,43,24.5,86
2024-10-24T17:32:13+07:00,43921,26,42,24.5,87
2024-10-24T17:32:36+07:00,43922,26,43,24.5,86
2024-10-24T17:32:59+07:00,43923,26,43,24.5,86
2024-10-24T17:33:22+07:00,43924,25,42,24.5,86
2024-10-24T17:33:45+07:00,43925,26,42,24.5,86
2024-10-24T17:34:07+07:00,43926,26,43,24.5,86
2024-10-24T17:34:30+07:00,43927,26,43,24.5,86
2024-10-24T17:34:52+07:00,43928,26,41,24.5,86
2024-10-24T17:35:15+07:00,43929,26,43,24.5,86
2024-10-24T17:35:37+07:00,43930,27,43,24.5,86
2024-10-24T17:36:00+07:00,43931,26,42,24.5,85
2024-10-24T17:36:23+07:00,43932,26,41,24.5,85
2024-10-24T17:36:45+07:00,43933,26,42,24.5,85
2024-10-24T17:37:24+07:00,43934,26,43,24.5,85
2024-10-24T17:37:47+07:00,43935,25,41,24.5,85
2024-10-24T17:38:09+07:00,43936,26,41,24.5,85
2024-10-24T17:38:32+07:00,43937,27,42,24.5,85
2024-10-24T17:38:55+07:00,43938,26,43,24.5,85
2024-10-24T17:39:18+07:00,43939,27,42,24.5,85
2024-10-24T17:39:41+07:00,43940,26,43,24.5,85
2024-10-24T17:40:03+07:00,43941,25,41,24.5,85
2024-10-24T17:40:26+07:00,43942,25,42,24.5,85
2024-10-24T17:40:49+07:00,43943,27,41,24.5,85
2024-10-24T17:41:13+07:00,43944,26,44,24.5,85
2024-10-24T17:41:35+07:00,43945,26,42,24.5,85
2024-10-24T17:41:58+07:00,43946,26,42,24.5,85
2024-10-24T17:42:21+07:00,43947,25,42,24.5,85
2024-10-24T17:42:44+07:00,43948,25,41,24.5,85
2024-10-24T17:43:06+07:00,43949,25,42,24.5,85
2024-10-24T17:43:29+07:00,43950,26,40,24.5,85
2024-10-24T17:43:51+07:00,43951,25,43,24.5,85
2024-10-24T17:44:14+07:00,43952,26,42,24.5,85
2024-10-24T17:44:37+07:00,43953,25,41,24.5,85
2024-10-24T17:45:00+07:00,43954,25,43,24.5,85
2024-10-24T17:45:22+07:00,43955,26,41,24.5,85
2024-10-24T17:45:46+07:00,43956,26,41,24.5,85
2024-10-24T17:46:08+07:00,43957,25,43,24.5,85
2024-10-24T17:46:31+07:00,43958,26,43,24.5,85
2024-10-24T17:46:53+07:00,43959,26,41,24.5,85
2024-10-24T17:47:16+07:00,43960,26,41,24.5,85
2024-10-24T17:47:39+07:00,43961,26,43,24.5,86
2024-10-24T17:48:02+07:00,43962,26,42,24.5,86
2024-10-24T17:48:24+07:00,43963,26,43,24.5,86
2024-10-24T17:48:47+07:00,43964,25,43,24.5,86
2024-10-24T17:49:11+07:00,43965,25,42,24.5,86
2024-10-24T17:49:35+07:00,43966,27,42,24.5,86
2024-10-24T17:49:57+07:00,43967,29,42,24.5,86
2024-10-24T17:50:20+07:00,43968,26,41,24.5,86
2024-10-24T17:50:43+07:00,43969,26,43,24.5,86
2024-10-24T17:51:06+07:00,43970,25,42,24.5,86
2024-10-24T17:51:29+07:00,43971,26,41,24.5,86
2024-10-24T17:51:51+07:00,43972,26,42,24.5,86
2024-10-24T17:52:14+07:00,43973,26,42,24.5,86
2024-10-24T17:52:37+07:00,43974,26,42,24.5,86
2024-10-24T17:53:00+07:00,43975,26,42,24.5,86
2024-10-24T17:53:23+07:00,43976,26,43,24.5,86
2024-10-24T17:53:46+07:00,43977,27,42,24.5,86
2024-10-24T17:54:09+07:00,43978,27,41,24.5,87
2024-10-24T17:54:32+07:00,43979,25,42,24.5,87
2024-10-24T17:54:55+07:00,43980,27,44,24.5,87
2024-10-24T17:55:18+07:00,43981,25,43,24.5,88
2024-10-24T17:55:41+07:00,43982,26,41,24.5,88
2024-10-24T17:56:04+07:00,43983,25,42,24.5,88
2024-10-24T17:56:27+07:00,43984,26,43,24.5,88
2024-10-24T17:56:50+07:00,43985,26,43,24.5,88
2024-10-24T17:57:12+07:00,43986,27,40,24.5,88
2024-10-24T17:57:35+07:00,43987,26,42,24.5,88
2024-10-24T17:57:58+07:00,43988,26,41,24.5,88
2024-10-24T17:58:21+07:00,43989,25,42,24.5,88
2024-10-24T17:58:44+07:00,43990,26,42,24.5,88
2024-10-24T17:59:07+07:00,43991,25,43,24.5,88
2024-10-24T17:59:29+07:00,43992,26,41,24.5,88
2024-10-24T17:59:52+07:00,43993,25,43,24.5,88
2024-10-24T18:00:15+07:00,43994,25,43,24.5,88
2024-10-24T18:00:37+07:00,43995,27,43,24.5,88
2024-10-24T18:01:01+07:00,43996,26,41,24.5,88
2024-10-24T18:01:23+07:00,43997,27,43,24.5,88
2024-10-24T18:01:45+07:00,43998,26,42,24.5,88
2024-10-24T18:02:09+07:00,43999,26,42,24.5,88
2024-10-24T18:02:31+07:00,44000,26,42,24.5,88
2024-10-24T18:02:54+07:00,44001,26,43,24.5,89
2024-10-24T18:03:17+07:00,44002,25,41,24.5,89
2024-10-24T18:03:40+07:00,44003,26,41,24.5,89
2024-10-24T18:04:03+07:00,44004,26,43,24.5,89
2024-10-24T18:04:26+07:00,44005,26,45,24.5,89
2024-10-24T18:04:49+07:00,44006,27,42,24.5,89
2024-10-24T18:05:11+07:00,44007,26,43,24.5,89
2024-10-24T18:05:33+07:00,44008,26,43,24.5,89
2024-10-24T18:05:56+07:00,44009,26,42,24.5,89
2024-10-24T18:06:19+07:00,44010,26,42,24.5,89
2024-10-24T18:06:41+07:00,44011,26,42,24.5,89
2024-10-24T18:07:04+07:00,44012,26,43,24.5,89
2024-10-24T18:07:27+07:00,44013,25,41,24.5,89
2024-10-24T18:07:50+07:00,44014,26,42,24.5,89
2024-10-24T18:08:12+07:00,44015,25,43,24.5,89
2024-10-24T18:08:35+07:00,44016,26,43,24.5,89
2024-10-24T18:08:58+07:00,44017,26,41,24.5,89
2024-10-24T18:09:21+07:00,44018,26,41,24.5,89
2024-10-24T18:09:43+07:00,44019,25,43,24.5,89
2024-10-24T18:10:06+07:00,44020,25,42,24.5,89
2024-10-24T18:10:29+07:00,44021,27,42,24.5,89
2024-10-24T18:10:51+07:00,44022,26,42,24.5,89
2024-10-24T18:11:14+07:00,44023,27,45,24.5,89
2024-10-24T18:11:37+07:00,44024,26,44,24.5,89
2024-10-24T18:11:59+07:00,44025,26,43,24.5,90
2024-10-24T18:12:22+07:00,44026,25,43,24.5,90
2024-10-24T18:12:45+07:00,44027,26,43,24.5,90
2024-10-24T18:13:08+07:00,44028,26,42,24.5,90
2024-10-24T18:13:31+07:00,44029,26,42,24.5,90
2024-10-24T18:13:54+07:00,44030,25,42,24.5,90
2024-10-24T18:14:17+07:00,44031,26,41,24.5,89
2024-10-24T18:14:39+07:00,44032,26,41,24.5,89
2024-10-24T18:15:02+07:00,44033,25,42,24.5,89
2024-10-24T18:15:25+07:00,44034,26,42,24.5,89
2024-10-24T18:15:47+07:00,44035,26,41,24.5,89
2024-10-24T18:16:10+07:00,44036,26,43,24.5,89
2024-10-24T18:16:33+07:00,44037,27,42,24.5,89
2024-10-24T18:16:55+07:00,44038,27,42,24.5,89
2024-10-24T18:17:18+07:00,44039,26,43,24.5,89
2024-10-24T18:17:41+07:00,44040,25,42,24.5,89
2024-10-24T18:18:03+07:00,44041,25,41,24.5,89
2024-10-24T18:18:26+07:00,44042,25,41,24.5,89
2024-10-24T18:18:49+07:00,44043,26,41,24.5,89
2024-10-24T18:19:11+07:00,44044,26,41,24.5,89
2024-10-24T18:19:34+07:00,44045,26,42,24.5,89
2024-10-24T18:19:58+07:00,44046,26,42,24.5,90
2024-10-24T18:20:20+07:00,44047,26,42,24.5,90
2024-10-24T18:20:43+07:00,44048,25,43,24.5,90
2024-10-24T18:21:06+07:00,44049,26,42,24.5,89
2024-10-24T18:21:28+07:00,44050,25,41,24.5,89
2024-10-24T18:21:51+07:00,44051,26,42,24.5,89
2024-10-24T18:22:14+07:00,44052,25,40,24.5,89
2024-10-24T18:22:37+07:00,44053,25,41,24.5,89
2024-10-24T18:22:59+07:00,44054,25,43,24.5,89
2024-10-24T18:23:22+07:00,44055,26,43,24.5,89
2024-10-24T18:23:46+07:00,44056,26,43,24.5,89
2024-10-24T18:24:08+07:00,44057,26,42,24.5,89
2024-10-24T18:24:31+07:00,44058,25,43,24.5,89
2024-10-24T18:24:54+07:00,44059,26,42,24.5,89
2024-10-24T18:25:17+07:00,44060,26,41,24.3,89
2024-10-24T18:25:39+07:00,44061,26,43,24.2,88
2024-10-24T18:26:02+07:00,44062,26,43,24.2,88
2024-10-24T18:26:26+07:00,44063,26,42,24.2,88
2024-10-24T18:26:48+07:00,44064,26,43,24.2,88
2024-10-24T18:27:10+07:00,44065,25,42,24.1,88
2024-10-24T18:27:33+07:00,44066,25,43,24.2,88
2024-10-24T18:27:56+07:00,44067,26,41,24.2,88
2024-10-24T18:28:19+07:00,44068,26,43,24.1,88
2024-10-24T18:28:42+07:00,44069,25,42,24.1,88
2024-10-24T18:29:05+07:00,44070,26,42,24.1,88
2024-10-24T18:29:28+07:00,44071,26,42,24.1,89
2024-10-24T18:29:51+07:00,44072,26,42,24.1,88
2024-10-24T18:30:14+07:00,44073,25,42,24.1,88
2024-10-24T18:30:37+07:00,44074,26,42,24.2,88
2024-10-24T18:30:59+07:00,44075,26,42,24.2,88
2024-10-24T18:31:22+07:00,44076,25,43,24.1,88
2024-10-24T18:31:45+07:00,44077,26,42,24.1,88
2024-10-24T18:32:08+07:00,44078,25,43,24.1,88
2024-10-24T18:32:30+07:00,44079,25,42,24.1,88
2024-10-24T18:32:53+07:00,44080,25,41,24.2,88
2024-10-24T18:33:16+07:00,44081,26,42,24.1,89
2024-10-24T18:33:39+07:00,44082,25,42,24.2,89
2024-10-24T18:34:02+07:00,44083,26,41,24.1,88
2024-10-24T18:34:25+07:00,44084,26,43,24.1,88
2024-10-24T18:34:48+07:00,44085,26,41,24.1,87
2024-10-24T18:35:11+07:00,44086,25,44,24.1,87
2024-10-24T18:35:33+07:00,44087,26,43,24.2,88
2024-10-24T18:35:56+07:00,44088,26,41,24.1,89
2024-10-24T18:36:18+07:00,44089,25,43,24.1,89
2024-10-24T18:36:41+07:00,44090,27,40,24.1,89
2024-10-24T18:37:04+07:00,44091,26,41,24.1,89
2024-10-24T18:37:27+07:00,44092,26,42,24.1,89
2024-10-24T18:37:50+07:00,44093,26,42,24.1,90
2024-10-24T18:38:13+07:00,44094,26,42,24.1,90
2024-10-24T18:38:35+07:00,44095,25,42,24.1,91
2024-10-24T18:38:58+07:00,44096,26,43,24.1,91
2024-10-24T18:39:21+07:00,44097,26,43,24.1,91
2024-10-24T18:39:44+07:00,44098,25,41,24.1,91
2024-10-24T18:40:08+07:00,44099,26,41,24.1,92
2024-10-24T18:40:31+07:00,44100,25,42,24.1,92
2024-10-24T18:40:54+07:00,44101,25,42,24.1,92
2024-10-24T18:41:17+07:00,44102,25,42,24.1,92
2024-10-24T18:41:40+07:00,44103,26,42,24.1,92
2024-10-24T18:42:03+07:00,44104,25,42,24.1,93
2024-10-24T18:42:25+07:00,44105,26,42,24.1,93
2024-10-24T18:42:48+07:00,44106,25,41,24.1,93
2024-10-24T18:43:11+07:00,44107,25,42,24.1,93
2024-10-24T18:43:34+07:00,44108,26,44,24.1,92
2024-10-24T18:43:57+07:00,44109,26,41,24.1,92
2024-10-24T18:44:19+07:00,44110,25,43,24.1,92
2024-10-24T18:44:41+07:00,44111,25,41,24.1,92
2024-10-24T18:45:04+07:00,44112,26,41,24.1,93
2024-10-24T18:45:27+07:00,44113,26,43,24.1,93
2024-10-24T18:45:49+07:00,44114,26,44,24.1,93
2024-10-24T18:46:12+07:00,44115,25,44,24.1,93
2024-10-24T18:46:35+07:00,44116,26,42,24.1,92
2024-10-24T18:46:58+07:00,44117,25,41,24.1,93
2024-10-24T18:47:20+07:00,44118,26,43,24.1,93
2024-10-24T18:47:43+07:00,44119,26,41,24.1,93
2024-10-24T18:48:07+07:00,44120,26,41,24.1,92
2024-10-24T18:48:29+07:00,44121,25,41,24.1,92
2024-10-24T18:48:52+07:00,44122,26,43,24.1,91
2024-10-24T18:49:15+07:00,44123,26,41,24.1,91
2024-10-24T18:49:37+07:00,44124,26,42,24.1,92
2024-10-24T18:50:00+07:00,44125,26,43,24.1,92
2024-10-24T18:50:22+07:00,44126,26,42,24.1,92
2024-10-24T18:50:46+07:00,44127,26,42,24.1,92
2024-10-24T18:51:08+07:00,44128,26,42,24.1,93
2024-10-24T18:51:31+07:00,44129,27,42,24.1,92
2024-10-24T18:51:54+07:00,44130,25,42,24.1,90
2024-10-24T18:52:18+07:00,44131,25,41,24.1,91
2024-10-24T18:52:41+07:00,44132,26,41,24.1,91
2024-10-24T18:53:04+07:00,44133,25,42,24.1,91
2024-10-24T18:53:27+07:00,44134,25,41,24.1,91
2024-10-24T18:53:50+07:00,44135,26,42,24.1,92
2024-10-24T18:54:12+07:00,44136,25,41,24.1,92
2024-10-24T18:54:35+07:00,44137,25,40,24.1,92
2024-10-24T18:54:58+07:00,44138,25,41,24.1,91
2024-10-24T18:55:21+07:00,44139,25,42,24.1,91
2024-10-24T18:55:44+07:00,44140,25,43,24.1,92
2024-10-24T18:56:07+07:00,44141,25,41,24.1,91
2024-10-24T18:56:30+07:00,44142,25,40,24.1,90
2024-10-24T18:56:53+07:00,44143,25,43,24.1,89
2024-10-24T18:57:15+07:00,44144,26,43,24.1,89
2024-10-24T18:57:38+07:00,44145,25,42,24.1,88
2024-10-24T18:58:02+07:00,44146,26,42,24.1,88
2024-10-24T18:58:25+07:00,44147,26,41,24.1,88
2024-10-24T18:58:47+07:00,44148,25,41,24.1,88
2024-10-24T18:59:10+07:00,44149,25,41,24.1,88
2024-10-24T18:59:32+07:00,44150,26,42,24.1,89
2024-10-24T18:59:55+07:00,44151,26,43,24.1,89
2024-10-24T19:00:18+07:00,44152,26,41,24.1,90
2024-10-24T19:00:40+07:00,44153,26,41,24.1,90
2024-10-24T19:01:03+07:00,44154,26,41,24.1,91
2024-10-24T19:01:26+07:00,44155,25,42,24.1,91
2024-10-24T19:01:48+07:00,44156,25,41,24.1,92
2024-10-24T19:02:11+07:00,44157,25,41,24.1,92
2024-10-24T19:02:34+07:00,44158,27,42,24.1,91
2024-10-24T19:02:57+07:00,44159,26,41,24.1,90
2024-10-24T19:03:20+07:00,44160,27,41,24.1,89
2024-10-24T19:03:43+07:00,44161,25,41,24.1,89
2024-10-24T19:04:06+07:00,44162,26,42,24.1,89
2024-10-24T19:04:29+07:00,44163,26,42,24.1,88
2024-10-24T19:04:52+07:00,44164,26,42,24.1,88
2024-10-24T19:05:14+07:00,44165,25,42,24.1,89
2024-10-24T19:05:37+07:00,44166,25,41,24.1,89
2024-10-24T19:06:00+07:00,44167,25,41,24.1,89
2024-10-24T19:06:22+07:00,44168,25,41,24.1,89
2024-10-24T19:06:45+07:00,44169,25,42,24.1,90
2024-10-24T19:07:08+07:00,44170,26,40,24.1,89
2024-10-24T19:07:31+07:00,44171,25,41,24.1,88
2024-10-24T19:07:54+07:00,44172,26,43,24.1,88
2024-10-24T19:08:17+07:00,44173,26,42,24.1,88
2024-10-24T19:08:40+07:00,44174,26,43,24.1,89
2024-10-24T19:09:02+07:00,44175,25,42,24.1,88
2024-10-24T19:09:25+07:00,44176,26,42,24.1,87
2024-10-24T19:09:47+07:00,44177,26,41,24.1,86
2024-10-24T19:10:10+07:00,44178,26,42,24.1,87
2024-10-24T19:10:33+07:00,44179,26,42,24.1,88
2024-10-24T19:10:55+07:00,44180,25,41,24.1,89
2024-10-24T19:11:19+07:00,44181,26,41,24.1,89
2024-10-24T19:11:41+07:00,44182,25,42,24.1,89
2024-10-24T19:12:04+07:00,44183,25,41,24.1,90
2024-10-24T19:12:27+07:00,44184,25,41,24.1,90
2024-10-24T19:12:51+07:00,44185,26,41,24.1,90
2024-10-24T19:13:14+07:00,44186,25,41,24.1,89
2024-10-24T19:13:37+07:00,44187,27,41,24.1,88
2024-10-24T19:13:59+07:00,44188,25,42,24.1,88
2024-10-24T19:14:22+07:00,44189,26,40,24.1,88
2024-10-24T19:14:44+07:00,44190,26,42,24.1,87
2024-10-24T19:15:06+07:00,44191,26,41,24.1,86
2024-10-24T19:15:29+07:00,44192,25,40,24.1,86
2024-10-24T19:15:52+07:00,44193,25,42,24.1,86
2024-10-24T19:16:14+07:00,44194,26,41,24.1,86
2024-10-24T19:16:37+07:00,44195,25,41,24.1,85
2024-10-24T19:17:00+07:00,44196,25,43,24.1,85
2024-10-24T19:17:23+07:00,44197,26,41,24.1,85
2024-10-24T19:17:45+07:00,44198,24,42,24.1,84
2024-10-24T19:18:09+07:00,44199,26,42,24.1,84
2024-10-24T19:18:32+07:00,44200,26,43,24.1,84
2024-10-24T19:18:54+07:00,44201,26,42,24.1,85
2024-10-24T19:19:18+07:00,44202,25,42,24.1,85
2024-10-24T19:19:41+07:00,44203,25,43,24.1,85
2024-10-24T19:20:04+07:00,44204,25,43,24.1,86
2024-10-24T19:20:27+07:00,44205,26,42,24.1,86
2024-10-24T19:20:50+07:00,44206,25,43,24.1,87
2024-10-24T19:21:12+07:00,44207,25,42,24.1,86
2024-10-24T19:21:35+07:00,44208,25,42,24.1,86
2024-10-24T19:21:58+07:00,44209,25,42,24.1,87
2024-10-24T19:22:20+07:00,44210,25,41,24.1,86
2024-10-24T19:22:43+07:00,44211,26,41,24.1,86
2024-10-24T19:23:08+07:00,44212,25,41,24.1,88
2024-10-24T19:23:31+07:00,44213,25,41,24.1,88
2024-10-24T19:23:54+07:00,44214,26,40,24.1,88
2024-10-24T19:24:17+07:00,44215,25,41,24.1,86
2024-10-24T19:24:41+07:00,44216,25,42,24.1,85
2024-10-24T19:25:04+07:00,44217,24,42,24.1,85
2024-10-24T19:25:27+07:00,44218,26,43,24.1,84
2024-10-24T19:25:51+07:00,44219,26,42,24.1,84
2024-10-24T19:26:13+07:00,44220,25,41,24.1,84
2024-10-24T19:26:35+07:00,44221,25,42,24.1,85
2024-10-24T19:26:57+07:00,44222,25,42,24.1,85
2024-10-24T19:27:20+07:00,44223,25,42,24.1,85
2024-10-24T19:27:43+07:00,44224,26,42,24.1,84
2024-10-24T19:28:05+07:00,44225,26,40,24.1,84
2024-10-24T19:28:28+07:00,44226,26,41,24.1,83
2024-10-24T19:28:51+07:00,44227,25,41,24.1,83
2024-10-24T19:29:14+07:00,44228,26,41,24.1,82
2024-10-24T19:29:37+07:00,44229,25,43,24.1,83
2024-10-24T19:30:00+07:00,44230,25,42,24.1,84
2024-10-24T19:30:22+07:00,44231,26,40,24.1,83
2024-10-24T19:30:45+07:00,44232,25,42,24.1,83
2024-10-24T19:31:07+07:00,44233,25,41,24.1,84
2024-10-24T19:31:31+07:00,44234,26,40,24.1,85
2024-10-24T19:31:53+07:00,44235,25,41,24.1,85
2024-10-24T19:32:15+07:00,44236,26,43,24.1,84
2024-10-24T19:32:38+07:00,44237,26,40,24.1,83
2024-10-24T19:33:01+07:00,44238,26,42,24.1,82
2024-10-24T19:33:23+07:00,44239,25,42,24.1,82
2024-10-24T19:33:46+07:00,44240,25,40,24.1,82
2024-10-24T19:34:09+07:00,44241,26,40,24.1,83
2024-10-24T19:34:31+07:00,44242,26,42,24.1,83
2024-10-24T19:34:54+07:00,44243,25,41,24.1,83
2024-10-24T19:35:17+07:00,44244,27,41,24.1,83
2024-10-24T19:35:40+07:00,44245,25,41,24.1,83
2024-10-24T19:36:03+07:00,44246,26,42,24.1,83
2024-10-24T19:36:27+07:00,44247,25,42,24.1,84
2024-10-24T19:36:49+07:00,44248,25,42,24.1,85
2024-10-24T19:37:12+07:00,44249,26,43,24.1,85
2024-10-24T19:37:36+07:00,44250,25,41,24.1,85
2024-10-24T19:37:58+07:00,44251,26,41,24.1,85
2024-10-24T19:38:22+07:00,44252,27,41,24.1,85
2024-10-24T19:38:45+07:00,44253,25,42,24.1,85
2024-10-24T19:39:07+07:00,44254,25,40,24.1,86
2024-10-24T19:39:29+07:00,44255,25,41,24.1,86
2024-10-24T19:39:52+07:00,44256,26,42,24.1,86
2024-10-24T19:40:15+07:00,44257,26,41,24.1,86
2024-10-24T19:40:37+07:00,44258,26,41,24.1,85
2024-10-24T19:41:00+07:00,44259,26,42,24.1,86
2024-10-24T19:41:23+07:00,44260,25,42,24.1,87
2024-10-24T19:41:45+07:00,44261,24,41,24.1,86
2024-10-24T19:42:08+07:00,44262,25,42,24.1,85
2024-10-24T19:42:31+07:00,44263,25,41,24.1,85
2024-10-24T19:42:53+07:00,44264,26,41,24.1,84
2024-10-24T19:43:16+07:00,44265,27,41,24.1,85
2024-10-24T19:43:39+07:00,44266,25,41,24.1,85
2024-10-24T19:44:02+07:00,44267,25,39,24.1,85
2024-10-24T19:44:25+07:00,44268,26,41,24.1,85
2024-10-24T19:44:48+07:00,44269,26,43,24.1,85
2024-10-24T19:45:11+07:00,44270,25,41,24.1,85
2024-10-24T19:45:33+07:00,44271,26,41,24.1,84
2024-10-24T19:45:56+07:00,44272,26,41,24.1,85
2024-10-24T19:46:19+07:00,44273,26,40,24.1,85
2024-10-24T19:46:43+07:00,44274,26,41,24.1,85
2024-10-24T19:47:05+07:00,44275,25,42,24.1,85
2024-10-24T19:47:28+07:00,44276,25,40,24.1,85
2024-10-24T19:47:51+07:00,44277,25,42,24.1,85
2024-10-24T19:48:15+07:00,44278,26,43,24.1,85
2024-10-24T19:48:37+07:00,44279,25,41,24.1,85
2024-10-24T19:49:00+07:00,44280,26,42,24.1,85
2024-10-24T19:49:23+07:00,44281,25,41,24.1,86
2024-10-24T19:49:46+07:00,44282,25,42,24.1,88
2024-10-24T19:50:09+07:00,44283,26,41,24.1,88
2024-10-24T19:50:31+07:00,44284,26,42,24.1,87
2024-10-24T19:50:54+07:00,44285,25,43,24.1,86
2024-10-24T19:51:17+07:00,44286,25,43,24.1,86
2024-10-24T19:51:40+07:00,44287,26,40,24.1,86
2024-10-24T19:52:03+07:00,44288,26,42,24.1,86
2024-10-24T19:52:26+07:00,44289,26,42,24.1,86
2024-10-24T19:52:49+07:00,44290,25,43,24.1,87
2024-10-24T19:53:12+07:00,44291,25,41,24.1,88
2024-10-24T19:53:35+07:00,44292,26,41,24.1,88
2024-10-24T19:53:58+07:00,44293,25,41,24.1,88
2024-10-24T19:54:20+07:00,44294,25,42,24.1,88
2024-10-24T19:54:43+07:00,44295,25,42,24.1,88
2024-10-24T19:55:06+07:00,44296,26,41,24.1,88
2024-10-24T19:55:29+07:00,44297,26,42,24.1,88
2024-10-24T19:55:51+07:00,44298,25,41,24.1,89
2024-10-24T19:56:14+07:00,44299,25,42,24.1,89
2024-10-24T19:56:37+07:00,44300,26,41,24.1,90
2024-10-24T19:57:00+07:00,44301,26,42,24.1,90
2024-10-24T19:57:23+07:00,44302,25,40,24.1,90
2024-10-24T19:57:45+07:00,44303,25,41,24.1,89
2024-10-24T19:58:08+07:00,44304,25,42,24.1,89
2024-10-24T19:58:31+07:00,44305,25,43,24.1,89
2024-10-24T19:58:54+07:00,44306,25,41,24.1,89
2024-10-24T19:59:17+07:00,44307,25,43,24.1,90
2024-10-24T19:59:40+07:00,44308,25,42,24.1,90
2024-10-24T20:00:03+07:00,44309,25,40,24.1,90
2024-10-24T20:00:25+07:00,44310,25,42,24.1,91
2024-10-24T20:00:48+07:00,44311,26,42,24.1,91
2024-10-24T20:01:11+07:00,44312,26,43,24.1,92
2024-10-24T20:01:33+07:00,44313,26,40,24.1,92
2024-10-24T20:01:56+07:00,44314,26,42,24.1,92
2024-10-24T20:02:18+07:00,44315,25,41,24.1,91
2024-10-24T20:02:41+07:00,44316,26,42,24.1,91
2024-10-24T20:03:04+07:00,44317,26,40,24.1,92
2024-10-24T20:03:28+07:00,44318,25,43,24.1,92
2024-10-24T20:03:51+07:00,44319,25,41,24.1,92
2024-10-24T20:04:13+07:00,44320,25,41,24.1,92
2024-10-24T20:04:36+07:00,44321,25,41,24.1,92
2024-10-24T20:04:59+07:00,44322,25,40,24.1,91
2024-10-24T20:05:22+07:00,44323,26,40,24.1,91
2024-10-24T20:05:45+07:00,44324,26,40,24.1,90
2024-10-24T20:06:07+07:00,44325,25,41,24.1,90
2024-10-24T20:06:30+07:00,44326,26,42,24.1,90
2024-10-24T20:06:52+07:00,44327,24,41,24.1,91
2024-10-24T20:07:15+07:00,44328,25,43,24.1,92
2024-10-24T20:07:37+07:00,44329,25,40,24.1,92
2024-10-24T20:08:00+07:00,44330,26,42,24.1,92
2024-10-24T20:08:23+07:00,44331,25,41,24.1,92
2024-10-24T20:08:47+07:00,44332,25,40,24.1,92
2024-10-24T20:09:09+07:00,44333,26,42,24.1,91
2024-10-24T20:09:32+07:00,44334,25,42,24.1,91
2024-10-24T20:09:55+07:00,44335,26,40,24.1,91
2024-10-24T20:10:17+07:00,44336,26,40,24.1,90
2024-10-24T20:10:40+07:00,44337,26,41,24.1,90
2024-10-24T20:11:03+07:00,44338,26,42,24.1,90
2024-10-24T20:11:25+07:00,44339,25,41,24.1,90
2024-10-24T20:11:49+07:00,44340,25,42,24.1,90
2024-10-24T20:12:12+07:00,44341,25,41,24.1,90
2024-10-24T20:12:35+07:00,44342,27,41,24.1,90
2024-10-24T20:12:58+07:00,44343,25,41,24.1,90
2024-10-24T20:13:20+07:00,44344,26,42,24.1,91
2024-10-24T20:13:43+07:00,44345,25,42,24.1,91
2024-10-24T20:14:06+07:00,44346,26,41,24.1,91
2024-10-24T20:14:29+07:00,44347,26,41,24.1,90
2024-10-24T20:14:53+07:00,44348,25,41,24.1,90
2024-10-24T20:15:15+07:00,44349,25,42,24.1,90
2024-10-24T20:15:39+07:00,44350,25,41,24.1,90
2024-10-24T20:16:02+07:00,44351,25,41,24.1,91
2024-10-24T20:16:25+07:00,44352,25,40,24.1,91
2024-10-24T20:16:48+07:00,44353,25,42,24.1,90
2024-10-24T20:17:11+07:00,44354,25,41,24.1,90
2024-10-24T20:17:33+07:00,44355,26,42,24.1,90
2024-10-24T20:17:56+07:00,44356,25,42,24.1,90
2024-10-24T20:18:19+07:00,44357,26,41,24.1,91
2024-10-24T20:18:43+07:00,44358,25,41,24.1,92
2024-10-24T20:19:06+07:00,44359,25,41,24.1,92
2024-10-24T20:19:28+07:00,44360,25,41,24.1,92
2024-10-24T20:19:51+07:00,44361,26,42,24.1,93
2024-10-24T20:20:14+07:00,44362,25,40,24.1,93
2024-10-24T20:20:36+07:00,44363,25,42,24.1,93
2024-10-24T20:20:59+07:00,44364,24,42,24.1,93
2024-10-24T20:21:22+07:00,44365,26,41,24.1,93
2024-10-24T20:21:44+07:00,44366,25,41,24.1,93
2024-10-24T20:22:07+07:00,44367,25,41,23.8,93
2024-10-24T20:22:30+07:00,44368,25,40,23.8,93
2024-10-24T20:22:53+07:00,44369,25,42,23.8,93
2024-10-24T20:23:16+07:00,44370,25,40,23.8,93
2024-10-24T20:23:39+07:00,44371,26,42,23.8,93
2024-10-24T20:24:03+07:00,44372,25,40,23.8,93
2024-10-24T20:24:26+07:00,44373,25,41,23.8,93
2024-10-24T20:24:49+07:00,44374,25,41,23.8,93
2024-10-24T20:25:12+07:00,44375,24,41,23.8,93
2024-10-24T20:25:36+07:00,44376,25,40,23.8,93
2024-10-24T20:25:59+07:00,44377,26,39,23.8,93
2024-10-24T20:26:22+07:00,44378,24,41,23.8,93
2024-10-24T20:26:45+07:00,44379,25,41,23.8,93
2024-10-24T20:27:08+07:00,44380,26,40,23.8,93
2024-10-24T20:27:30+07:00,44381,25,43,23.8,93
2024-10-24T20:27:54+07:00,44382,25,41,23.8,93
2024-10-24T20:28:17+07:00,44383,25,42,23.8,93
2024-10-24T20:28:40+07:00,44384,25,42,23.8,94
2024-10-24T20:29:03+07:00,44385,25,42,23.8,94
2024-10-24T20:29:26+07:00,44386,25,41,23.8,94
2024-10-24T20:29:49+07:00,44387,25,41,23.8,94
2024-10-24T20:30:12+07:00,44388,25,42,23.8,94
2024-10-24T20:30:35+07:00,44389,25,41,23.8,94
2024-10-24T20:30:58+07:00,44390,24,40,23.8,94
2024-10-24T20:31:21+07:00,44391,25,42,23.8,94
2024-10-24T20:31:44+07:00,44392,25,43,23.8,94
2024-10-24T20:32:07+07:00,44393,24,41,23.8,94
2024-10-24T20:32:29+07:00,44394,25,41,23.8,94
2024-10-24T20:32:53+07:00,44395,25,42,23.8,94
2024-10-24T20:33:16+07:00,44396,24,41,23.8,94
2024-10-24T20:33:38+07:00,44397,24,41,23.8,94
2024-10-24T20:34:01+07:00,44398,25,41,23.8,94
2024-10-24T20:34:24+07:00,44399,26,41,23.8,94
2024-10-24T20:34:46+07:00,44400,26,43,23.8,95
2024-10-24T20:35:10+07:00,44401,26,40,23.8,95
2024-10-24T20:35:33+07:00,44402,26,41,23.8,95
2024-10-24T20:35:56+07:00,44403,25,42,23.8,95
2024-10-24T20:36:19+07:00,44404,25,43,23.8,95
2024-10-24T20:36:42+07:00,44405,25,41,23.8,95
2024-10-24T20:37:05+07:00,44406,25,41,23.8,95
2024-10-24T20:37:28+07:00,44407,26,41,23.8,95
2024-10-24T20:38:17+07:00,44408,25,42,23.8,94
2024-10-24T20:38:39+07:00,44409,26,40,23.8,94
2024-10-24T20:39:03+07:00,44410,25,43,23.8,94
2024-10-24T20:39:26+07:00,44411,26,41,23.8,94
2024-10-24T20:39:48+07:00,44412,25,43,23.8,94
2024-10-24T20:40:11+07:00,44413,26,41,23.8,94
2024-10-24T20:40:33+07:00,44414,26,41,23.8,94
2024-10-24T20:40:57+07:00,44415,25,41,23.9,94
2024-10-24T20:41:21+07:00,44416,26,42,24,94
2024-10-24T20:41:44+07:00,44417,26,40,24.1,94
2024-10-24T20:42:08+07:00,44418,25,41,24.1,94
2024-10-24T20:42:30+07:00,44419,26,42,24.1,94
2024-10-24T20:42:53+07:00,44420,24,42,24.1,94
2024-10-24T20:43:16+07:00,44421,26,42,24.1,94
2024-10-24T20:43:38+07:00,44422,25,42,24.1,94
2024-10-24T20:44:01+07:00,44423,25,41,24.1,94
2024-10-24T20:44:26+07:00,44424,25,41,24.1,94
2024-10-24T20:44:49+07:00,44425,25,41,24.1,95
2024-10-24T20:45:12+07:00,44426,25,41,24.1,95
2024-10-24T20:45:35+07:00,44427,25,42,24.1,95
2024-10-24T20:45:58+07:00,44428,24,41,24.1,95
2024-10-24T20:46:20+07:00,44429,25,42,24.1,95
2024-10-24T20:46:43+07:00,44430,25,42,24.1,95
2024-10-24T20:47:07+07:00,44431,26,42,24.1,95
2024-10-24T20:47:29+07:00,44432,25,40,24.1,95
2024-10-24T20:47:53+07:00,44433,25,42,24.1,95
2024-10-24T20:48:16+07:00,44434,25,41,24.1,95
2024-10-24T20:48:39+07:00,44435,25,41,24.1,95
2024-10-24T20:49:02+07:00,44436,25,41,24.1,95
2024-10-24T20:49:25+07:00,44437,25,42,24.1,95
2024-10-24T20:49:48+07:00,44438,24,40,24.1,95
2024-10-24T20:50:12+07:00,44439,25,41,24.1,95
2024-10-24T20:50:35+07:00,44440,25,41,24.1,96
2024-10-24T20:50:58+07:00,44441,25,41,24.1,96
2024-10-24T20:51:22+07:00,44442,25,42,24.1,96
2024-10-24T20:51:44+07:00,44443,25,42,24.1,96
2024-10-24T20:52:08+07:00,44444,25,41,24.1,96
2024-10-24T20:52:30+07:00,44445,26,41,24.1,96
2024-10-24T20:52:53+07:00,44446,25,41,24.1,96
2024-10-24T20:53:16+07:00,44447,24,41,24.1,96
2024-10-24T20:53:40+07:00,44448,25,41,24.1,96
2024-10-24T20:54:02+07:00,44449,25,39,24.1,95
2024-10-24T20:54:25+07:00,44450,24,42,24.1,95
2024-10-24T20:54:48+07:00,44451,25,40,24.1,94
2024-10-24T20:55:12+07:00,44452,25,39,24.1,94
2024-10-24T20:55:34+07:00,44453,25,40,24.1,94
2024-10-24T20:55:57+07:00,44454,25,41,24.1,94
2024-10-24T20:56:20+07:00,44455,25,41,24.1,94
2024-10-24T20:56:43+07:00,44456,24,42,24.1,94
2024-10-24T20:57:05+07:00,44457,25,41,24.1,94
2024-10-24T20:57:29+07:00,44458,26,41,24.1,94
2024-10-24T20:57:52+07:00,44459,25,41,24.1,94
2024-10-24T20:58:16+07:00,44460,24,42,24.1,94
2024-10-24T20:58:40+07:00,44461,24,41,24.1,95
2024-10-24T20:59:02+07:00,44462,24,41,24.1,95
2024-10-24T20:59:25+07:00,44463,25,41,24.1,95
2024-10-24T20:59:48+07:00,44464,25,42,24.1,95
2024-10-24T21:00:11+07:00,44465,25,42,24.1,95
2024-10-24T21:00:34+07:00,44466,24,41,24.1,95
2024-10-24T21:00:57+07:00,44467,24,41,24.1,95
2024-10-24T21:01:20+07:00,44468,25,43,24.1,96
2024-10-24T21:01:43+07:00,44469,26,42,24.1,96
2024-10-24T21:02:06+07:00,44470,25,41,24.1,96
2024-10-24T21:02:28+07:00,44471,24,41,24.1,96
2024-10-24T21:02:51+07:00,44472,25,43,24.1,96
2024-10-24T21:03:14+07:00,44473,25,41,24.1,96
2024-10-24T21:03:36+07:00,44474,25,41,24.1,96
2024-10-24T21:03:59+07:00,44475,25,40,24.1,96
2024-10-24T21:04:22+07:00,44476,25,43,24.1,95
2024-10-24T21:04:44+07:00,44477,25,41,24.1,95
2024-10-24T21:05:08+07:00,44478,25,41,24.1,95
2024-10-24T21:05:30+07:00,44479,26,41,24.1,95
2024-10-24T21:05:53+07:00,44480,26,40,24.1,95
2024-10-24T21:06:15+07:00,44481,25,41,24.1,95
2024-10-24T21:06:39+07:00,44482,25,42,24.1,95
2024-10-24T21:07:01+07:00,44483,25,40,24.1,95
2024-10-24T21:07:24+07:00,44484,26,40,24.1,95
2024-10-24T21:07:47+07:00,44485,25,42,24.1,94
2024-10-24T21:08:09+07:00,44486,25,41,24.1,94
2024-10-24T21:08:32+07:00,44487,25,40,24.1,94
2024-10-24T21:08:56+07:00,44488,26,42,24.1,94
2024-10-24T21:09:18+07:00,44489,26,41,24.1,94
2024-10-24T21:09:40+07:00,44490,25,40,24.1,94
2024-10-24T21:10:04+07:00,44491,24,42,24.1,94
2024-10-24T21:10:28+07:00,44492,25,40,24.1,95
2024-10-24T21:10:51+07:00,44493,25,40,24.1,95
2024-10-24T21:11:14+07:00,44494,25,41,24.1,95
2024-10-24T21:11:37+07:00,44495,24,40,24.1,95
2024-10-24T21:12:00+07:00,44496,25,41,24.1,95
2024-10-24T21:12:23+07:00,44497,25,40,24.1,95
2024-10-24T21:12:46+07:00,44498,24,41,24.1,95
2024-10-24T21:13:09+07:00,44499,26,40,24.1,95
2024-10-24T21:13:33+07:00,44500,25,40,24.1,95
2024-10-24T21:13:55+07:00,44501,25,41,24.1,95
2024-10-24T21:14:19+07:00,44502,25,42,24.1,95
2024-10-24T21:14:42+07:00,44503,25,41,24.1,95
2024-10-24T21:15:05+07:00,44504,24,41,24.1,95
2024-10-24T21:15:28+07:00,44505,26,40,24.1,96
2024-10-24T21:15:51+07:00,44506,26,41,24.1,96
2024-10-24T21:16:16+07:00,44507,25,42,24.1,96
2024-10-24T21:16:39+07:00,44508,25,41,24.1,96
2024-10-24T21:17:02+07:00,44509,26,40,24.1,96
2024-10-24T21:17:26+07:00,44510,25,41,24.1,96
2024-10-24T21:17:49+07:00,44511,25,40,24.1,96
2024-10-24T21:18:13+07:00,44512,25,40,24.1,96
2024-10-24T21:18:36+07:00,44513,25,40,24.1,96
2024-10-24T21:19:00+07:00,44514,25,41,24.1,96
2024-10-24T21:19:22+07:00,44515,25,41,24.1,96
2024-10-24T21:19:46+07:00,44516,25,40,24.1,96
2024-10-24T21:20:09+07:00,44517,25,41,24.1,96
2024-10-24T21:20:33+07:00,44518,24,39,24.1,96
2024-10-24T21:20:56+07:00,44519,25,40,24.1,96
2024-10-24T21:21:19+07:00,44520,24,42,24.1,96
2024-10-24T21:21:42+07:00,44521,25,41,24.1,96
2024-10-24T21:22:06+07:00,44522,25,40,24.1,96
2024-10-24T21:22:30+07:00,44523,25,41,24.1,96
2024-10-24T21:22:53+07:00,44524,25,40,24.1,96
2024-10-24T21:23:16+07:00,44525,25,40,24.1,96
2024-10-24T21:23:39+07:00,44526,25,40,24.1,96
2024-10-24T21:24:01+07:00,44527,24,41,24.1,96
2024-10-24T21:24:24+07:00,44528,25,41,24.1,96
2024-10-24T21:24:48+07:00,44529,25,41,24.1,96
2024-10-24T21:25:11+07:00,44530,26,40,24.1,96
2024-10-24T21:25:34+07:00,44531,26,40,24.1,96
2024-10-24T21:25:57+07:00,44532,25,41,24.1,96
2024-10-24T21:26:21+07:00,44533,24,41,24.1,96
2024-10-24T21:26:45+07:00,44534,26,41,24.1,96
2024-10-24T21:27:08+07:00,44535,25,40,24.1,96
2024-10-24T21:27:31+07:00,44536,25,39,24.1,96
2024-10-24T21:27:55+07:00,44537,25,40,24.1,96
2024-10-24T21:28:18+07:00,44538,25,40,24.1,96
2024-10-24T21:28:43+07:00,44539,25,40,24.1,96
2024-10-24T21:29:06+07:00,44540,25,41,24.1,96
2024-10-24T21:29:29+07:00,44541,25,41,24.1,96
2024-10-24T21:29:53+07:00,44542,25,42,24.1,96
2024-10-24T21:30:17+07:00,44543,25,42,24.1,96
2024-10-24T21:30:40+07:00,44544,25,41,24.1,96
2024-10-24T21:31:04+07:00,44545,25,41,24.1,96
2024-10-24T21:31:27+07:00,44546,24,41,24.1,96
2024-10-24T21:31:49+07:00,44547,25,42,24.1,96
2024-10-24T21:32:13+07:00,44548,26,41,24.1,96
2024-10-24T21:32:37+07:00,44549,26,40,24.1,96
2024-10-24T21:33:00+07:00,44550,25,40,24.1,97
2024-10-24T21:33:23+07:00,44551,25,41,24.1,97
2024-10-24T21:33:46+07:00,44552,25,41,24.1,97
2024-10-24T21:34:11+07:00,44553,25,40,24.1,96
2024-10-24T21:34:35+07:00,44554,24,42,24.1,96
2024-10-24T21:34:58+07:00,44555,24,41,24.1,96
2024-10-24T21:35:22+07:00,44556,25,43,24.1,96
2024-10-24T21:35:45+07:00,44557,25,40,24.1,96
2024-10-24T21:36:10+07:00,44558,24,41,24.1,96
2024-10-24T21:36:33+07:00,44559,26,41,24.1,96
2024-10-24T21:36:56+07:00,44560,24,41,24.1,96
2024-10-24T21:37:19+07:00,44561,25,40,24.1,96
2024-10-24T21:37:42+07:00,44562,25,41,24.1,96
2024-10-24T21:38:06+07:00,44563,26,40,24.1,96
2024-10-24T21:38:29+07:00,44564,25,40,24.1,96
2024-10-24T21:38:54+07:00,44565,25,40,24.1,96
2024-10-24T21:39:18+07:00,44566,26,41,24.1,96
2024-10-24T21:39:40+07:00,44567,25,41,24.1,97
2024-10-24T21:40:04+07:00,44568,25,41,24.1,97
2024-10-24T21:40:27+07:00,44569,24,41,24.1,97
2024-10-24T21:40:52+07:00,44570,24,40,24.1,97
2024-10-24T21:41:15+07:00,44571,25,40,24.1,97
2024-10-24T21:41:39+07:00,44572,25,42,24.1,97
2024-10-24T21:42:01+07:00,44573,25,43,24.1,97
2024-10-24T21:42:24+07:00,44574,26,41,24.1,97
2024-10-24T21:42:48+07:00,44575,25,40,24.1,97
2024-10-24T21:43:12+07:00,44576,25,42,23.8,97
2024-10-24T21:43:35+07:00,44577,26,41,23.8,97
2024-10-24T21:43:58+07:00,44578,25,39,23.8,97
2024-10-24T21:44:20+07:00,44579,27,41,23.8,97
2024-10-24T21:44:44+07:00,44580,25,39,23.8,97
2024-10-24T21:45:07+07:00,44581,25,41,23.8,97
2024-10-24T21:45:30+07:00,44582,25,40,23.8,97
2024-10-24T21:45:54+07:00,44583,25,42,23.8,97
2024-10-24T21:46:17+07:00,44584,25,40,23.8,97
2024-10-24T21:46:41+07:00,44585,24,42,23.8,97
2024-10-24T21:47:04+07:00,44586,26,41,23.8,97
2024-10-24T21:47:28+07:00,44587,26,42,23.8,97
2024-10-24T21:47:52+07:00,44588,25,40,23.8,97
2024-10-24T21:48:14+07:00,44589,25,41,23.8,97
2024-10-24T21:48:39+07:00,44590,25,40,23.8,97
2024-10-24T21:49:02+07:00,44591,26,40,23.8,97
2024-10-24T21:49:25+07:00,44592,25,41,23.8,97
2024-10-24T21:49:49+07:00,44593,25,40,23.8,97
2024-10-24T21:50:13+07:00,44594,25,42,23.8,97
2024-10-24T21:50:38+07:00,44595,26,41,23.8,97
2024-10-24T21:51:01+07:00,44596,25,41,23.8,97
2024-10-24T21:51:24+07:00,44597,25,39,23.8,97
2024-10-24T21:51:47+07:00,44598,25,39,23.8,97
2024-10-24T21:52:11+07:00,44599,26,42,23.8,97
2024-10-24T21:52:35+07:00,44600,25,42,23.8,97
2024-10-24T21:52:58+07:00,44601,26,40,23.8,98
2024-10-24T21:53:22+07:00,44602,24,39,23.8,98
2024-10-24T21:53:46+07:00,44603,26,41,23.8,98
2024-10-24T21:54:10+07:00,44604,26,41,23.8,98
2024-10-24T21:54:33+07:00,44605,25,41,23.8,98
2024-10-24T21:54:56+07:00,44606,25,40,23.8,98
2024-10-24T21:55:20+07:00,44607,25,41,23.8,98
2024-10-24T21:55:42+07:00,44608,25,42,23.8,97
2024-10-24T21:56:06+07:00,44609,26,39,23.8,97
2024-10-24T21:56:28+07:00,44610,25,40,23.8,97
2024-10-24T21:56:51+07:00,44611,25,41,23.8,97
2024-10-24T21:57:13+07:00,44612,25,40,23.9,97
2024-10-24T21:57:36+07:00,44613,26,40,24.1,97
2024-10-24T21:58:01+07:00,44614,24,41,24.1,97
2024-10-24T21:58:25+07:00,44615,26,41,24.1,97
2024-10-24T21:58:50+07:00,44616,23,41,24.1,98
2024-10-24T21:59:14+07:00,44617,25,40,24.1,98
2024-10-24T21:59:38+07:00,44618,25,40,24.1,98
2024-10-24T22:00:01+07:00,44619,26,42,24.1,97
2024-10-24T22:00:24+07:00,44620,26,40,24,98
2024-10-24T22:00:48+07:00,44621,25,41,24.1,97
2024-10-24T22:01:11+07:00,44622,25,42,24.1,98
2024-10-24T22:01:34+07:00,44623,25,40,24.1,97
2024-10-24T22:01:58+07:00,44624,24,41,24,97
2024-10-24T22:02:22+07:00,44625,24,41,23.8,97
2024-10-24T22:02:45+07:00,44626,25,40,23.8,97
2024-10-24T22:03:09+07:00,44627,25,40,23.8,97
2024-10-24T22:03:33+07:00,44628,25,40,23.8,97
2024-10-24T22:03:56+07:00,44629,26,39,23.8,97
2024-10-24T22:04:20+07:00,44630,25,41,23.8,97
2024-10-24T22:04:43+07:00,44631,25,40,23.8,97
2024-10-24T22:05:06+07:00,44632,25,41,23.8,97
2024-10-24T22:05:30+07:00,44633,25,40,23.8,97
2024-10-24T22:05:54+07:00,44634,26,41,23.8,97
2024-10-24T22:06:17+07:00,44635,25,41,23.8,97
2024-10-24T22:06:41+07:00,44636,25,40,23.8,97
2024-10-24T22:07:04+07:00,44637,25,40,23.8,97
2024-10-24T22:07:28+07:00,44638,25,42,23.8,97
2024-10-24T22:07:52+07:00,44639,26,39,23.8,97
2024-10-24T22:08:16+07:00,44640,25,42,23.8,97
2024-10-24T22:08:39+07:00,44641,25,39,23.8,97
2024-10-24T22:09:03+07:00,44642,25,40,23.8,97
2024-10-24T22:09:27+07:00,44643,26,41,23.8,97
2024-10-24T22:09:52+07:00,44644,26,41,23.8,97
2024-10-24T22:10:14+07:00,44645,24,40,23.8,97
2024-10-24T22:10:38+07:00,44646,25,41,23.8,97
2024-10-24T22:11:02+07:00,44647,25,41,23.8,97
2024-10-24T22:11:24+07:00,44648,25,40,23.8,98
2024-10-24T22:11:47+07:00,44649,26,40,23.8,98
2024-10-24T22:12:11+07:00,44650,24,42,23.8,98
2024-10-24T22:12:33+07:00,44651,25,42,23.8,98
2024-10-24T22:12:57+07:00,44652,24,41,23.8,98
2024-10-24T22:13:20+07:00,44653,25,40,23.8,98
2024-10-24T22:13:44+07:00,44654,25,40,23.8,98
2024-10-24T22:14:07+07:00,44655,24,40,23.8,98
2024-10-24T22:14:31+07:00,44656,24,42,23.8,98
2024-10-24T22:14:53+07:00,44657,25,40,23.8,98
2024-10-24T22:15:16+07:00,44658,24,41,23.8,98
2024-10-24T22:15:40+07:00,44659,25,41,23.8,98
2024-10-24T22:16:05+07:00,44660,25,41,23.8,98
2024-10-24T22:16:28+07:00,44661,25,41,23.8,98
2024-10-24T22:16:51+07:00,44662,25,41,23.8,98
2024-10-24T22:17:14+07:00,44663,25,41,23.8,98
2024-10-24T22:17:37+07:00,44664,25,41,23.8,98
2024-10-24T22:18:01+07:00,44665,25,41,23.8,98
2024-10-24T22:18:25+07:00,44666,26,41,23.8,98
2024-10-24T22:18:48+07:00,44667,24,40,23.8,98
2024-10-24T22:19:11+07:00,44668,24,40,23.8,98
2024-10-24T22:19:35+07:00,44669,25,41,23.8,98
2024-10-24T22:19:59+07:00,44670,24,41,23.8,98
2024-10-24T22:20:21+07:00,44671,24,39,23.8,98
2024-10-24T22:20:44+07:00,44672,25,39,24.1,98
2024-10-24T22:21:07+07:00,44673,25,39,24.1,98
2024-10-24T22:21:31+07:00,44674,25,41,24.1,98
2024-10-24T22:21:55+07:00,44675,24,40,24.1,98
2024-10-24T22:22:19+07:00,44676,25,41,24.1,98
2024-10-24T22:22:42+07:00,44677,25,41,24.1,98
2024-10-24T22:23:04+07:00,44678,25,42,24.1,98
2024-10-24T22:23:27+07:00,44679,25,40,24.1,98
2024-10-24T22:23:49+07:00,44680,24,41,24,98
2024-10-24T22:24:13+07:00,44681,25,40,23.8,98
2024-10-24T22:24:36+07:00,44682,24,40,23.8,98
2024-10-24T22:25:00+07:00,44683,24,41,23.8,98
2024-10-24T22:25:23+07:00,44684,25,40,23.8,98
2024-10-24T22:25:47+07:00,44685,24,40,23.8,98
2024-10-24T22:26:10+07:00,44686,25,42,23.8,98
2024-10-24T22:26:32+07:00,44687,25,40,23.8,98
2024-10-24T22:26:55+07:00,44688,25,40,23.8,98
2024-10-24T22:27:18+07:00,44689,25,41,23.8,98
2024-10-24T22:27:40+07:00,44690,25,42,24,98
2024-10-24T22:28:03+07:00,44691,26,40,24.1,98
2024-10-24T22:28:25+07:00,44692,25,40,24.1,98
2024-10-24T22:28:48+07:00,44693,25,41,24.1,98
2024-10-24T22:29:12+07:00,44694,25,41,24.1,98
2024-10-24T22:29:34+07:00,44695,26,41,24.1,98
2024-10-24T22:29:57+07:00,44696,25,41,24.1,98
2024-10-24T22:30:19+07:00,44697,26,41,24.1,98
2024-10-24T22:30:42+07:00,44698,25,40,24.1,98
2024-10-24T22:31:04+07:00,44699,24,41,24.1,98
2024-10-24T22:31:28+07:00,44700,25,42,24.1,98
2024-10-24T22:31:51+07:00,44701,24,39,24.1,98
2024-10-24T22:32:14+07:00,44702,25,40,24.1,98
2024-10-24T22:32:38+07:00,44703,25,41,24.1,98
2024-10-24T22:33:00+07:00,44704,24,41,24.1,98
2024-10-24T22:33:23+07:00,44705,25,40,24.1,98
2024-10-24T22:33:46+07:00,44706,25,40,24.1,98
2024-10-24T22:34:09+07:00,44707,25,41,24.1,98
2024-10-24T22:34:32+07:00,44708,25,39,24.1,98
2024-10-24T22:34:55+07:00,44709,24,41,24.1,98
2024-10-24T22:35:18+07:00,44710,25,41,24.1,98
2024-10-24T22:35:40+07:00,44711,25,40,24.1,98
2024-10-24T22:36:03+07:00,44712,25,41,24.1,98
2024-10-24T22:36:27+07:00,44713,25,40,24.1,98
2024-10-24T22:36:49+07:00,44714,25,40,24.1,98
2024-10-24T22:37:12+07:00,44715,25,41,24.1,98
2024-10-24T22:37:35+07:00,44716,24,41,24.1,98
2024-10-24T22:37:58+07:00,44717,25,40,24.1,98
2024-10-24T22:38:21+07:00,44718,25,40,24.1,98
2024-10-24T22:38:43+07:00,44719,25,41,24.1,98
2024-10-24T22:39:05+07:00,44720,25,43,24.1,98
2024-10-24T22:39:28+07:00,44721,24,40,24.1,98
2024-10-24T22:39:50+07:00,44722,25,42,24.1,98
2024-10-24T22:40:13+07:00,44723,25,41,24.1,98
2024-10-24T22:40:36+07:00,44724,25,40,24.1,98
2024-10-24T22:40:58+07:00,44725,25,40,24.1,98
2024-10-24T22:41:21+07:00,44726,25,40,24.1,98
2024-10-24T22:41:44+07:00,44727,25,40,24.1,98
2024-10-24T22:42:06+07:00,44728,25,41,24.1,98
2024-10-24T22:42:28+07:00,44729,25,42,24.1,98
2024-10-24T22:42:51+07:00,44730,24,39,24.1,98
2024-10-24T22:43:15+07:00,44731,24,41,24.1,98
2024-10-24T22:43:37+07:00,44732,26,41,24.1,98
2024-10-24T22:44:00+07:00,44733,24,40,24.1,98
2024-10-24T22:44:23+07:00,44734,24,40,24.1,98
2024-10-24T22:44:45+07:00,44735,25,40,24.1,98
2024-10-24T22:45:08+07:00,44736,24,40,24.1,98
2024-10-24T22:45:31+07:00,44737,24,38,24.1,98
2024-10-24T22:45:53+07:00,44738,25,40,24.1,98
2024-10-24T22:46:16+07:00,44739,25,39,23.9,98
2024-10-24T22:46:39+07:00,44740,25,39,23.8,98
2024-10-24T22:47:02+07:00,44741,25,41,23.8,98
2024-10-24T22:47:24+07:00,44742,24,39,23.8,98
2024-10-24T22:47:46+07:00,44743,25,39,23.8,98
2024-10-24T22:48:09+07:00,44744,25,40,23.8,98
2024-10-24T22:48:31+07:00,44745,26,40,23.8,98
2024-10-24T22:48:54+07:00,44746,25,41,23.8,98
2024-10-24T22:49:17+07:00,44747,25,40,23.8,98
2024-10-24T22:49:39+07:00,44748,25,40,23.8,98
2024-10-24T22:50:03+07:00,44749,25,40,23.8,98
2024-10-24T22:50:26+07:00,44750,25,41,23.8,98
2024-10-24T22:50:48+07:00,44751,26,40,23.8,98
2024-10-24T22:51:10+07:00,44752,25,41,23.8,98
2024-10-24T22:51:33+07:00,44753,25,41,23.8,98
2024-10-24T22:51:56+07:00,44754,25,41,23.8,98
2024-10-24T22:52:18+07:00,44755,26,41,23.8,98
2024-10-24T22:52:42+07:00,44756,26,41,23.8,98
2024-10-24T22:53:04+07:00,44757,25,40,23.8,98
2024-10-24T22:53:26+07:00,44758,25,40,23.8,98
2024-10-24T22:53:48+07:00,44759,24,41,23.8,98
2024-10-24T22:54:13+07:00,44760,25,39,23.8,98
2024-10-24T22:54:36+07:00,44761,24,39,23.8,98
2024-10-24T22:54:59+07:00,44762,25,40,23.8,98
2024-10-24T22:55:22+07:00,44763,25,40,23.8,98
2024-10-24T22:55:44+07:00,44764,25,41,23.8,98
2024-10-24T22:56:07+07:00,44765,25,39,23.8,98
2024-10-24T22:56:30+07:00,44766,24,39,23.8,98
2024-10-24T22:56:53+07:00,44767,24,40,23.8,98
2024-10-24T22:57:15+07:00,44768,26,39,23.8,98
2024-10-24T22:57:37+07:00,44769,25,39,23.8,98
2024-10-24T22:58:00+07:00,44770,25,40,23.8,98
2024-10-24T22:58:23+07:00,44771,24,41,23.8,98
2024-10-24T22:58:46+07:00,44772,26,41,23.8,98
2024-10-24T22:59:09+07:00,44773,26,39,23.8,98
2024-10-24T22:59:31+07:00,44774,25,39,23.8,98
2024-10-24T22:59:54+07:00,44775,25,41,23.8,98
2024-10-24T23:00:17+07:00,44776,25,42,23.8,98
2024-10-24T23:00:40+07:00,44777,25,40,23.8,98
2024-10-24T23:01:03+07:00,44778,25,41,23.8,98
2024-10-24T23:01:25+07:00,44779,25,41,23.8,98
2024-10-24T23:01:48+07:00,44780,25,41,23.9,98
2024-10-24T23:02:10+07:00,44781,24,41,23.8,98
2024-10-24T23:02:33+07:00,44782,25,40,23.8,98
2024-10-24T23:02:55+07:00,44783,25,39,23.8,98
2024-10-24T23:03:18+07:00,44784,26,39,23.8,98
2024-10-24T23:03:40+07:00,44785,25,39,23.8,98
2024-10-24T23:04:03+07:00,44786,24,40,23.8,98
2024-10-24T23:04:25+07:00,44787,25,40,23.8,98
2024-10-24T23:04:47+07:00,44788,25,40,23.8,98
2024-10-24T23:05:10+07:00,44789,26,40,23.8,98
2024-10-24T23:05:33+07:00,44790,26,40,23.8,98
2024-10-24T23:05:55+07:00,44791,24,41,23.8,98
2024-10-24T23:06:17+07:00,44792,25,41,23.8,98
2024-10-24T23:06:40+07:00,44793,24,39,23.8,98
2024-10-24T23:07:02+07:00,44794,24,41,23.8,98
2024-10-24T23:07:25+07:00,44795,25,40,23.8,98
2024-10-24T23:07:47+07:00,44796,25,40,23.8,98
2024-10-24T23:08:10+07:00,44797,24,40,23.8,98
2024-10-24T23:08:33+07:00,44798,25,39,23.8,98
2024-10-24T23:08:55+07:00,44799,26,40,23.8,98
2024-10-24T23:09:18+07:00,44800,25,41,23.8,98
2024-10-24T23:09:40+07:00,44801,25,40,23.8,98
2024-10-24T23:10:03+07:00,44802,25,41,23.8,98
2024-10-24T23:10:26+07:00,44803,26,39,23.8,98
2024-10-24T23:10:48+07:00,44804,25,41,23.8,98
2024-10-24T23:11:11+07:00,44805,25,41,23.8,98
2024-10-24T23:11:33+07:00,44806,24,41,23.8,98
2024-10-24T23:11:55+07:00,44807,25,40,23.8,98
2024-10-24T23:12:18+07:00,44808,25,39,23.8,98
2024-10-24T23:12:40+07:00,44809,25,41,23.8,97
2024-10-24T23:13:03+07:00,44810,25,40,23.8,97
2024-10-24T23:13:26+07:00,44811,25,40,23.8,97
2024-10-24T23:13:48+07:00,44812,25,41,23.8,97
2024-10-24T23:14:11+07:00,44813,25,39,23.8,97
2024-10-24T23:14:33+07:00,44814,24,41,23.8,97
2024-10-24T23:14:56+07:00,44815,25,41,23.8,97
2024-10-24T23:15:18+07:00,44816,25,41,23.8,97
2024-10-24T23:15:44+07:00,44817,25,38,23.8,97
2024-10-24T23:16:07+07:00,44818,25,40,23.9,97
2024-10-24T23:16:29+07:00,44819,25,41,23.9,97
2024-10-24T23:16:51+07:00,44820,24,40,24.1,98
2024-10-24T23:17:13+07:00,44821,25,38,24.1,98
2024-10-24T23:17:36+07:00,44822,25,41,24.1,98
2024-10-24T23:17:58+07:00,44823,25,41,24.1,98
2024-10-24T23:18:21+07:00,44824,24,40,24.1,98
2024-10-24T23:18:43+07:00,44825,25,42,24,98
2024-10-24T23:19:05+07:00,44826,25,39,23.8,98
2024-10-24T23:19:28+07:00,44827,25,40,23.8,98
2024-10-24T23:19:51+07:00,44828,24,40,23.8,98
2024-10-24T23:20:13+07:00,44829,25,41,23.8,98
2024-10-24T23:20:36+07:00,44830,25,42,23.8,98
2024-10-24T23:20:58+07:00,44831,25,41,23.8,98
2024-10-24T23:21:21+07:00,44832,24,41,23.8,98
2024-10-24T23:21:43+07:00,44833,24,41,23.8,98
2024-10-24T23:22:06+07:00,44834,26,40,23.9,98
2024-10-24T23:22:28+07:00,44835,25,42,24,98
2024-10-24T23:22:50+07:00,44836,25,40,24,98
2024-10-24T23:23:13+07:00,44837,25,40,23.8,98
2024-10-24T23:23:35+07:00,44838,24,41,23.8,98
2024-10-24T23:23:58+07:00,44839,25,40,23.8,98
2024-10-24T23:24:21+07:00,44840,25,40,23.8,98
2024-10-24T23:24:44+07:00,44841,25,41,23.8,98
2024-10-24T23:25:06+07:00,44842,24,40,23.8,98
2024-10-24T23:25:29+07:00,44843,25,40,23.8,98
2024-10-24T23:25:52+07:00,44844,25,40,23.8,98
2024-10-24T23:26:14+07:00,44845,24,41,23.8,98
2024-10-24T23:26:37+07:00,44846,25,39,23.8,98
2024-10-24T23:27:00+07:00,44847,24,41,23.8,98
2024-10-24T23:27:22+07:00,44848,24,41,23.8,98
2024-10-24T23:27:45+07:00,44849,25,41,23.8,98
2024-10-24T23:28:07+07:00,44850,25,41,23.8,98
2024-10-24T23:28:29+07:00,44851,25,40,23.8,98
2024-10-24T23:28:52+07:00,44852,25,41,23.8,98
2024-10-24T23:29:14+07:00,44853,25,40,23.8,98
2024-10-24T23:29:37+07:00,44854,25,40,23.8,98
2024-10-24T23:29:59+07:00,44855,25,40,23.8,98
2024-10-24T23:30:22+07:00,44856,25,40,23.8,98
2024-10-24T23:30:44+07:00,44857,25,41,23.8,98
2024-10-24T23:31:06+07:00,44858,25,41,23.8,98
2024-10-24T23:31:29+07:00,44859,25,41,23.8,98
2024-10-24T23:31:51+07:00,44860,24,40,23.8,98
2024-10-24T23:32:13+07:00,44861,25,41,23.8,98
2024-10-24T23:32:36+07:00,44862,25,40,23.8,98
2024-10-24T23:32:58+07:00,44863,24,40,23.8,98
2024-10-24T23:33:20+07:00,44864,25,40,23.8,98
2024-10-24T23:33:43+07:00,44865,26,40,23.8,98
2024-10-24T23:34:05+07:00,44866,24,39,23.8,98
2024-10-24T23:34:27+07:00,44867,25,40,23.8,98
2024-10-24T23:34:50+07:00,44868,26,40,23.8,98
2024-10-24T23:35:12+07:00,44869,26,40,23.8,98
2024-10-24T23:35:35+07:00,44870,25,41,23.8,98
2024-10-24T23:35:57+07:00,44871,25,40,23.8,98
2024-10-24T23:36:20+07:00,44872,25,39,23.8,98
2024-10-24T23:36:42+07:00,44873,25,40,23.8,98
2024-10-24T23:37:04+07:00,44874,25,40,23.8,98
2024-10-24T23:37:27+07:00,44875,26,40,23.8,98
2024-10-24T23:37:49+07:00,44876,24,40,23.8,98
2024-10-24T23:38:12+07:00,44877,25,40,23.8,98
2024-10-24T23:38:35+07:00,44878,25,41,23.8,98
2024-10-24T23:38:57+07:00,44879,25,41,23.8,98
2024-10-24T23:39:20+07:00,44880,25,41,23.8,98
2024-10-24T23:39:42+07:00,44881,26,41,23.8,98
2024-10-24T23:40:04+07:00,44882,25,40,23.8,98
2024-10-24T23:40:26+07:00,44883,25,40,23.8,98
2024-10-24T23:40:49+07:00,44884,26,41,23.8,98
2024-10-24T23:41:11+07:00,44885,25,39,23.8,98
2024-10-24T23:41:33+07:00,44886,25,40,23.8,98
2024-10-24T23:41:56+07:00,44887,26,40,23.8,98
2024-10-24T23:42:18+07:00,44888,25,40,23.8,98
2024-10-24T23:42:40+07:00,44889,25,41,23.8,98
2024-10-24T23:43:03+07:00,44890,25,40,23.8,98
2024-10-24T23:43:25+07:00,44891,25,41,23.8,98
2024-10-24T23:43:48+07:00,44892,25,40,23.8,98
2024-10-24T23:44:10+07:00,44893,25,40,23.8,98
2024-10-24T23:44:32+07:00,44894,25,39,23.8,98
2024-10-24T23:44:54+07:00,44895,24,40,23.8,98
2024-10-24T23:45:17+07:00,44896,25,41,23.8,98
2024-10-24T23:45:39+07:00,44897,25,40,23.8,98
2024-10-24T23:46:02+07:00,44898,25,40,23.8,98
2024-10-24T23:46:24+07:00,44899,25,40,23.8,98
2024-10-24T23:46:47+07:00,44900,26,40,23.8,98
2024-10-24T23:47:09+07:00,44901,25,42,23.8,98
2024-10-24T23:47:31+07:00,44902,25,40,23.8,98
2024-10-24T23:47:53+07:00,44903,25,40,23.8,98
2024-10-24T23:48:16+07:00,44904,26,40,23.8,98
2024-10-24T23:48:38+07:00,44905,24,40,23.8,98
2024-10-24T23:49:00+07:00,44906,25,41,23.8,98
2024-10-24T23:49:22+07:00,44907,26,41,23.8,98
2024-10-24T23:49:44+07:00,44908,25,40,23.8,98
2024-10-24T23:50:07+07:00,44909,25,41,23.8,98
2024-10-24T23:50:29+07:00,44910,25,41,23.8,98
2024-10-24T23:50:52+07:00,44911,25,38,23.8,98
2024-10-24T23:51:15+07:00,44912,26,39,23.8,98
2024-10-24T23:51:37+07:00,44913,25,41,23.8,98
2024-10-24T23:51:59+07:00,44914,25,38,23.8,98
2024-10-24T23:52:21+07:00,44915,26,40,23.8,98
2024-10-24T23:52:44+07:00,44916,25,39,23.8,98
2024-10-24T23:53:06+07:00,44917,24,39,23.8,98
2024-10-24T23:53:28+07:00,44918,25,41,23.8,98
2024-10-24T23:53:50+07:00,44919,24,40,23.8,98
2024-10-24T23:54:12+07:00,44920,25,40,23.8,98
2024-10-24T23:54:35+07:00,44921,24,40,23.8,98
2024-10-24T23:54:57+07:00,44922,25,38,23.8,98
2024-10-24T23:55:19+07:00,44923,25,41,23.8,98
2024-10-24T23:55:41+07:00,44924,25,40,23.8,98
2024-10-24T23:56:04+07:00,44925,25,40,23.8,98
2024-10-24T23:56:26+07:00,44926,25,40,23.8,98
2024-10-24T23:56:49+07:00,44927,25,40,23.8,98
2024-10-24T23:57:11+07:00,44928,25,39,23.8,98
2024-10-24T23:57:33+07:00,44929,25,40,23.8,98
2024-10-24T23:57:56+07:00,44930,25,39,23.8,98
2024-10-24T23:58:18+07:00,44931,25,40,23.8,98
2024-10-24T23:58:40+07:00,44932,24,40,23.8,98
2024-10-24T23:59:02+07:00,44933,25,40,23.8,98
2024-10-24T23:59:25+07:00,44934,25,40,23.8,98
2024-10-24T23:59:47+07:00,44935,24,40,23.8,98
2024-10-25T00:00:09+07:00,44936,25,39,23.8,98
2024-10-25T00:00:31+07:00,44937,25,39,23.8,98
2024-10-25T00:00:54+07:00,44938,25,41,23.8,98
2024-10-25T00:01:16+07:00,44939,25,40,23.8,98
2024-10-25T00:01:38+07:00,44940,25,39,23.8,98
2024-10-25T00:02:00+07:00,44941,25,40,23.8,98
2024-10-25T00:02:23+07:00,44942,25,40,23.8,98
2024-10-25T00:02:45+07:00,44943,25,41,23.8,98
2024-10-25T00:03:07+07:00,44944,25,40,23.8,98
2024-10-25T00:03:30+07:00,44945,25,39,23.8,98
2024-10-25T00:03:52+07:00,44946,24,39,23.8,98
2024-10-25T00:04:14+07:00,44947,25,39,23.8,98
2024-10-25T00:04:36+07:00,44948,25,40,23.8,98
2024-10-25T00:04:59+07:00,44949,25,39,23.8,98
2024-10-25T00:05:21+07:00,44950,25,40,23.8,98
2024-10-25T00:05:44+07:00,44951,26,41,23.8,98
2024-10-25T00:06:06+07:00,44952,26,40,23.8,98
2024-10-25T00:06:28+07:00,44953,25,40,23.8,98
2024-10-25T00:06:51+07:00,44954,25,41,23.8,98
2024-10-25T00:07:14+07:00,44955,25,39,23.8,98
2024-10-25T00:07:36+07:00,44956,25,40,23.8,98
2024-10-25T00:07:58+07:00,44957,25,41,23.8,98
2024-10-25T00:08:20+07:00,44958,25,41,23.8,98
2024-10-25T00:08:42+07:00,44959,25,40,23.8,98
2024-10-25T00:09:05+07:00,44960,25,39,23.8,98
2024-10-25T00:09:28+07:00,44961,24,40,23.8,98
2024-10-25T00:09:50+07:00,44962,25,40,23.8,97
2024-10-25T00:10:12+07:00,44963,25,39,23.8,98
2024-10-25T00:10:35+07:00,44964,25,41,23.8,98
2024-10-25T00:10:57+07:00,44965,25,40,23.8,98
2024-10-25T00:11:20+07:00,44966,25,40,23.8,98
2024-10-25T00:11:43+07:00,44967,25,40,23.8,98
2024-10-25T00:12:05+07:00,44968,25,41,23.8,98
2024-10-25T00:12:28+07:00,44969,25,40,23.8,98
2024-10-25T00:12:50+07:00,44970,25,40,23.8,98
2024-10-25T00:13:12+07:00,44971,25,40,23.8,97
2024-10-25T00:13:35+07:00,44972,25,39,23.8,97
2024-10-25T00:13:57+07:00,44973,25,40,23.8,97
2024-10-25T00:14:19+07:00,44974,25,40,23.8,97
2024-10-25T00:14:42+07:00,44975,25,39,23.8,97
2024-10-25T00:15:04+07:00,44976,25,39,23.8,97
2024-10-25T00:15:27+07:00,44977,25,40,23.8,97
2024-10-25T00:15:50+07:00,44978,25,40,23.8,97
2024-10-25T00:16:12+07:00,44979,25,41,23.8,98
2024-10-25T00:16:34+07:00,44980,25,40,23.8,98
2024-10-25T00:16:57+07:00,44981,25,40,23.8,98
2024-10-25T00:17:19+07:00,44982,24,40,23.8,98
2024-10-25T00:17:41+07:00,44983,25,40,23.8,98
2024-10-25T00:18:04+07:00,44984,25,39,23.8,98
2024-10-25T00:18:26+07:00,44985,25,39,23.8,98
2024-10-25T00:18:49+07:00,44986,25,39,23.8,98
2024-10-25T00:19:11+07:00,44987,25,41,23.8,98
2024-10-25T00:19:33+07:00,44988,24,40,23.8,98
2024-10-25T00:19:56+07:00,44989,25,39,23.8,98
2024-10-25T00:20:18+07:00,44990,25,39,23.8,98
2024-10-25T00:20:41+07:00,44991,25,40,23.8,98
2024-10-25T00:21:03+07:00,44992,25,39,23.8,98
2024-10-25T00:21:25+07:00,44993,25,41,23.8,98
2024-10-25T00:21:48+07:00,44994,24,40,23.8,98
2024-10-25T00:22:10+07:00,44995,25,39,23.8,98
2024-10-25T00:22:33+07:00,44996,25,40,23.8,98
2024-10-25T00:22:56+07:00,44997,25,40,23.8,98
2024-10-25T00:23:18+07:00,44998,25,40,23.8,98
2024-10-25T00:23:40+07:00,44999,25,40,23.8,98
2024-10-25T00:24:03+07:00,45000,25,40,23.8,98
2024-10-25T00:24:25+07:00,45001,25,42,23.8,98
2024-10-25T00:24:48+07:00,45002,25,39,23.8,98
2024-10-25T00:25:10+07:00,45003,25,40,23.8,98
2024-10-25T00:25:32+07:00,45004,25,39,23.8,98
2024-10-25T00:25:54+07:00,45005,24,40,23.8,98
2024-10-25T00:26:17+07:00,45006,25,40,23.8,98
2024-10-25T00:26:39+07:00,45007,25,40,23.8,98
2024-10-25T00:27:02+07:00,45008,25,40,23.8,98
2024-10-25T00:27:24+07:00,45009,25,40,23.8,98
2024-10-25T00:27:47+07:00,45010,25,39,23.8,98
2024-10-25T00:28:10+07:00,45011,25,38,23.8,98
2024-10-25T00:28:32+07:00,45012,25,41,23.8,98
2024-10-25T00:28:55+07:00,45013,24,39,23.8,98
2024-10-25T00:29:17+07:00,45014,25,39,23.8,98
2024-10-25T00:29:39+07:00,45015,25,39,23.8,98
2024-10-25T00:30:02+07:00,45016,25,40,23.8,98
2024-10-25T00:30:25+07:00,45017,25,40,23.8,98
2024-10-25T00:30:47+07:00,45018,24,41,23.8,98
2024-10-25T00:31:11+07:00,45019,25,39,23.8,98
2024-10-25T00:31:33+07:00,45020,25,40,23.8,98
2024-10-25T00:31:56+07:00,45021,25,40,23.8,98
2024-10-25T00:32:18+07:00,45022,25,40,23.8,98
2024-10-25T00:32:40+07:00,45023,25,40,23.8,98
2024-10-25T00:33:03+07:00,45024,25,39,23.8,98
2024-10-25T00:33:26+07:00,45025,25,40,23.8,98
2024-10-25T00:33:48+07:00,45026,25,41,23.8,98
2024-10-25T00:34:11+07:00,45027,25,39,23.8,98
2024-10-25T00:34:33+07:00,45028,25,40,23.8,98
2024-10-25T00:34:56+07:00,45029,24,39,23.8,98
2024-10-25T00:35:18+07:00,45030,25,41,23.8,98
2024-10-25T00:35:41+07:00,45031,25,40,23.8,98
2024-10-25T00:36:03+07:00,45032,25,40,23.8,98
2024-10-25T00:36:25+07:00,45033,25,39,23.8,98
2024-10-25T00:36:48+07:00,45034,25,39,23.8,98
2024-10-25T00:37:11+07:00,45035,24,39,23.8,98
2024-10-25T00:37:33+07:00,45036,25,40,23.8,98
2024-10-25T00:37:56+07:00,45037,25,39,23.8,98
2024-10-25T00:38:18+07:00,45038,25,40,23.8,98
2024-10-25T00:38:40+07:00,45039,25,41,23.8,98
2024-10-25T00:39:03+07:00,45040,25,40,23.8,98
2024-10-25T00:39:25+07:00,45041,24,39,23.8,98
2024-10-25T00:39:48+07:00,45042,24,39,23.8,98
2024-10-25T00:40:11+07:00,45043,24,40,23.8,98
2024-10-25T00:40:33+07:00,45044,25,40,23.8,98
2024-10-25T00:40:56+07:00,45045,25,40,23.8,98
2024-10-25T00:41:18+07:00,45046,25,41,23.8,98
2024-10-25T00:41:41+07:00,45047,24,39,23.8,98
2024-10-25T00:42:03+07:00,45048,25,39,23.8,98
2024-10-25T00:42:25+07:00,45049,25,40,23.8,98
2024-10-25T00:42:47+07:00,45050,25,41,23.8,98
2024-10-25T00:43:10+07:00,45051,25,40,23.8,98
2024-10-25T00:43:32+07:00,45052,25,39,23.8,98
2024-10-25T00:43:55+07:00,45053,24,40,23.8,98
2024-10-25T00:44:17+07:00,45054,24,38,23.8,98
2024-10-25T00:44:40+07:00,45055,25,40,23.8,98
2024-10-25T00:45:02+07:00,45056,25,39,23.8,98
2024-10-25T00:45:25+07:00,45057,24,41,23.8,98
2024-10-25T00:45:47+07:00,45058,24,39,23.8,98
2024-10-25T00:46:10+07:00,45059,25,40,23.8,98
2024-10-25T00:46:33+07:00,45060,25,40,23.8,98
2024-10-25T00:46:55+07:00,45061,24,40,23.8,98
2024-10-25T00:47:18+07:00,45062,25,38,23.8,98
2024-10-25T00:47:40+07:00,45063,25,40,23.8,98
2024-10-25T00:48:02+07:00,45064,24,39,23.8,98
2024-10-25T00:48:25+07:00,45065,25,39,23.8,98
2024-10-25T00:48:47+07:00,45066,25,39,23.8,98
2024-10-25T00:49:09+07:00,45067,25,40,23.8,98
2024-10-25T00:49:32+07:00,45068,25,39,23.8,98
2024-10-25T00:49:54+07:00,45069,25,39,23.8,98
2024-10-25T00:50:16+07:00,45070,25,40,23.8,98
2024-10-25T00:50:39+07:00,45071,25,40,23.8,98
2024-10-25T00:51:01+07:00,45072,25,39,23.8,98
2024-10-25T00:51:24+07:00,45073,25,39,23.8,98
2024-10-25T00:51:46+07:00,45074,24,40,23.8,98
2024-10-25T00:52:08+07:00,45075,25,39,23.8,98
2024-10-25T00:52:31+07:00,45076,24,40,23.8,98
2024-10-25T00:52:54+07:00,45077,24,40,23.8,98
2024-10-25T00:53:16+07:00,45078,24,38,23.8,98
2024-10-25T00:53:39+07:00,45079,25,40,23.8,98
2024-10-25T00:54:01+07:00,45080,25,40,23.8,98
2024-10-25T00:54:24+07:00,45081,25,40,23.8,98
2024-10-25T00:54:46+07:00,45082,25,41,23.8,98
2024-10-25T00:55:09+07:00,45083,25,40,23.8,98
2024-10-25T00:55:31+07:00,45084,24,39,23.8,98
2024-10-25T00:55:53+07:00,45085,25,39,23.8,98
2024-10-25T00:56:16+07:00,45086,25,41,23.8,98
2024-10-25T00:56:39+07:00,45087,25,39,23.8,98
2024-10-25T00:57:01+07:00,45088,25,40,23.8,98
2024-10-25T00:57:23+07:00,45089,25,40,23.8,98
2024-10-25T00:57:46+07:00,45090,25,39,23.8,98
2024-10-25T00:58:08+07:00,45091,25,39,23.8,98
2024-10-25T00:58:30+07:00,45092,25,39,23.8,98
2024-10-25T00:58:53+07:00,45093,25,40,23.8,98
2024-10-25T00:59:16+07:00,45094,25,39,23.8,98
2024-10-25T00:59:39+07:00,45095,25,40,23.8,98
2024-10-25T01:00:01+07:00,45096,25,40,23.8,98
2024-10-25T01:00:24+07:00,45097,25,40,23.8,98
2024-10-25T01:00:46+07:00,45098,26,39,23.8,98
2024-10-25T01:01:08+07:00,45099,25,40,23.8,98
2024-10-25T01:01:30+07:00,45100,25,38,23.8,98
2024-10-25T01:01:53+07:00,45101,25,39,23.8,98
2024-10-25T01:02:15+07:00,45102,25,39,23.8,98
2024-10-25T01:02:38+07:00,45103,24,40,23.8,98
2024-10-25T01:03:00+07:00,45104,25,40,23.8,98
2024-10-25T01:03:22+07:00,45105,25,39,23.8,98
2024-10-25T01:03:45+07:00,45106,25,39,23.8,98
2024-10-25T01:04:07+07:00,45107,25,39,23.8,98
2024-10-25T01:04:29+07:00,45108,25,41,23.8,98
2024-10-25T01:04:51+07:00,45109,24,40,23.8,98
2024-10-25T01:05:14+07:00,45110,25,41,23.8,98
2024-10-25T01:05:37+07:00,45111,25,40,23.7,98
2024-10-25T01:05:59+07:00,45112,25,40,23.5,98
2024-10-25T01:06:21+07:00,45113,25,39,23.4,98
2024-10-25T01:06:43+07:00,45114,25,40,23.4,98
2024-10-25T01:07:05+07:00,45115,25,40,23.4,98
2024-10-25T01:07:28+07:00,45116,25,40,23.4,98
2024-10-25T01:07:50+07:00,45117,25,40,23.4,97
2024-10-25T01:08:12+07:00,45118,25,39,23.4,97
2024-10-25T01:08:35+07:00,45119,25,38,23.4,97
2024-10-25T01:08:57+07:00,45120,25,40,23.4,97
2024-10-25T01:09:19+07:00,45121,25,39,23.4,97
2024-10-25T01:09:41+07:00,45122,25,39,23.4,97
2024-10-25T01:10:04+07:00,45123,25,39,23.4,97
2024-10-25T01:10:26+07:00,45124,25,38,23.4,97
2024-10-25T01:10:49+07:00,45125,25,38,23.4,97
2024-10-25T01:11:11+07:00,45126,25,38,23.4,97
2024-10-25T01:11:33+07:00,45127,24,39,23.4,97
2024-10-25T01:11:56+07:00,45128,25,39,23.4,97
2024-10-25T01:12:18+07:00,45129,25,39,23.4,97
2024-10-25T01:12:40+07:00,45130,25,39,23.4,97
2024-10-25T01:13:02+07:00,45131,25,39,23.4,97
2024-10-25T01:13:24+07:00,45132,25,38,23.4,97
2024-10-25T01:13:47+07:00,45133,25,37,23.4,97
2024-10-25T01:14:09+07:00,45134,25,39,23.4,98
2024-10-25T01:14:31+07:00,45135,24,37,23.4,98
2024-10-25T01:14:53+07:00,45136,25,38,23.4,98
2024-10-25T01:15:16+07:00,45137,25,38,23.4,97
2024-10-25T01:15:38+07:00,45138,25,38,23.4,97
2024-10-25T01:16:01+07:00,45139,25,38,23.4,97
2024-10-25T01:16:23+07:00,45140,25,39,23.4,97
2024-10-25T01:16:45+07:00,45141,25,37,23.4,97
2024-10-25T01:17:08+07:00,45142,25,39,23.4,97
2024-10-25T01:17:31+07:00,45143,25,38,23.4,97
2024-10-25T01:17:53+07:00,45144,25,38,23.4,97
2024-10-25T01:18:16+07:00,45145,25,38,23.4,96
2024-10-25T01:18:38+07:00,45146,25,37,23.4,97
2024-10-25T01:19:01+07:00,45147,25,38,23.4,96
2024-10-25T01:19:23+07:00,45148,25,39,23.4,96
2024-10-25T01:19:45+07:00,45149,25,39,23.4,96
2024-10-25T01:20:07+07:00,45150,24,38,23.4,96
2024-10-25T01:20:30+07:00,45151,25,39,23.4,96
2024-10-25T01:20:52+07:00,45152,25,38,23.4,96
2024-10-25T01:21:14+07:00,45153,25,38,23.4,96
2024-10-25T01:21:36+07:00,45154,25,37,23.4,96
2024-10-25T01:21:59+07:00,45155,25,39,23.4,96
2024-10-25T01:22:21+07:00,45156,25,37,23.4,96
2024-10-25T01:22:43+07:00,45157,25,37,23.4,96
2024-10-25T01:23:05+07:00,45158,26,39,23.4,96
2024-10-25T01:23:28+07:00,45159,25,38,23.4,96
2024-10-25T01:23:50+07:00,45160,25,39,23.4,96
2024-10-25T01:24:13+07:00,45161,25,38,23.4,96
2024-10-25T01:24:35+07:00,45162,25,38,23.4,96
2024-10-25T01:24:57+07:00,45163,25,38,23.4,96
2024-10-25T01:25:19+07:00,45164,25,39,23.4,96
2024-10-25T01:25:41+07:00,45165,25,38,23.4,96
2024-10-25T01:26:04+07:00,45166,25,37,23.4,95
2024-10-25T01:26:26+07:00,45167,25,39,23.4,95
2024-10-25T01:26:48+07:00,45168,25,39,23.4,95
2024-10-25T01:27:10+07:00,45169,25,37,23.4,95
2024-10-25T01:27:33+07:00,45170,25,38,23.4,95
2024-10-25T01:27:55+07:00,45171,25,37,23.4,95
2024-10-25T01:28:17+07:00,45172,25,38,23.4,95
2024-10-25T01:28:39+07:00,45173,25,37,23.4,96
2024-10-25T01:29:02+07:00,45174,25,37,23.4,96
2024-10-25T01:29:25+07:00,45175,24,38,23.4,96
2024-10-25T01:29:47+07:00,45176,25,39,23.4,96
2024-10-25T01:30:09+07:00,45177,25,39,23.4,96
2024-10-25T01:30:31+07:00,45178,25,37,23.4,96
2024-10-25T01:30:53+07:00,45179,25,37,23.4,96
2024-10-25T01:31:15+07:00,45180,25,37,23.4,96
2024-10-25T01:31:38+07:00,45181,25,37,23.4,96
2024-10-25T01:32:00+07:00,45182,26,38,23.4,96
2024-10-25T01:32:22+07:00,45183,25,39,23.4,95
2024-10-25T01:32:45+07:00,45184,25,39,23.4,96
2024-10-25T01:33:07+07:00,45185,25,38,23.4,95
2024-10-25T01:33:29+07:00,45186,25,39,23.4,95
2024-10-25T01:33:51+07:00,45187,25,38,23.4,95
2024-10-25T01:34:13+07:00,45188,25,38,23.4,95
2024-10-25T01:34:35+07:00,45189,25,37,23.4,95
2024-10-25T01:34:58+07:00,45190,25,37,23.4,95
2024-10-25T01:35:20+07:00,45191,25,38,23.4,95
2024-10-25T01:35:43+07:00,45192,25,38,23.4,95
2024-10-25T01:36:05+07:00,45193,24,38,23.4,95
2024-10-25T01:36:27+07:00,45194,25,37,23.4,95
2024-10-25T01:36:49+07:00,45195,25,39,23.4,95
2024-10-25T01:37:12+07:00,45196,26,38,23.4,95
2024-10-25T01:37:34+07:00,45197,24,38,23.4,95
2024-10-25T01:37:56+07:00,45198,25,38,23.4,95
2024-10-25T01:38:18+07:00,45199,25,40,23.4,95
2024-10-25T01:38:40+07:00,45200,25,37,23.4,95
2024-10-25T01:39:03+07:00,45201,25,37,23.4,95
2024-10-25T01:39:25+07:00,45202,25,39,23.4,95
2024-10-25T01:39:47+07:00,45203,24,37,23.4,95
2024-10-25T01:40:10+07:00,45204,25,37,23.4,95
2024-10-25T01:40:33+07:00,45205,25,38,23.4,95
2024-10-25T01:40:55+07:00,45206,24,40,23.4,95
2024-10-25T01:41:17+07:00,45207,26,38,23.4,96
2024-10-25T01:41:39+07:00,45208,29,39,23.4,96
2024-10-25T01:42:01+07:00,45209,25,38,23.4,96
2024-10-25T01:42:24+07:00,45210,25,38,23.4,96
2024-10-25T01:42:46+07:00,45211,25,39,23.4,96
2024-10-25T01:43:08+07:00,45212,25,39,23.4,96
2024-10-25T01:43:31+07:00,45213,24,39,23.4,96
2024-10-25T01:43:53+07:00,45214,25,39,23.4,96
2024-10-25T01:44:15+07:00,45215,25,39,23.4,97
2024-10-25T01:44:37+07:00,45216,25,38,23.4,97
2024-10-25T01:44:59+07:00,45217,25,37,23.4,97
2024-10-25T01:45:21+07:00,45218,25,38,23.4,97
2024-10-25T01:45:44+07:00,45219,24,38,23.4,97
2024-10-25T01:46:05+07:00,45220,25,37,23.4,97
2024-10-25T01:46:28+07:00,45221,25,38,23.4,97
2024-10-25T01:46:50+07:00,45222,25,38,23.4,98
2024-10-25T01:47:12+07:00,45223,25,38,23.4,98
2024-10-25T01:47:35+07:00,45224,25,38,23.4,98
2024-10-25T01:47:57+07:00,45225,25,38,23.4,98
2024-10-25T01:48:19+07:00,45226,24,38,23.4,98
2024-10-25T01:48:42+07:00,45227,25,37,23.4,98
2024-10-25T01:49:04+07:00,45228,25,38,23.4,98
2024-10-25T01:49:26+07:00,45229,25,39,23.4,98
2024-10-25T01:49:48+07:00,45230,25,37,23.4,98
2024-10-25T01:50:11+07:00,45231,24,38,23.4,98
2024-10-25T01:50:33+07:00,45232,24,38,23.4,98
2024-10-25T01:50:55+07:00,45233,25,39,23.4,98
2024-10-25T01:51:18+07:00,45234,24,38,23.7,98
2024-10-25T01:51:40+07:00,45235,25,38,23.8,98
2024-10-25T01:52:02+07:00,45236,25,39,23.8,98
2024-10-25T01:52:24+07:00,45237,25,37,23.8,98
2024-10-25T01:52:47+07:00,45238,25,38,23.8,98
2024-10-25T01:53:09+07:00,45239,25,37,23.8,98
2024-10-25T01:53:31+07:00,45240,24,38,23.8,98
2024-10-25T01:53:54+07:00,45241,24,37,23.8,98
2024-10-25T01:54:16+07:00,45242,25,38,23.8,98
2024-10-25T01:54:39+07:00,45243,25,39,23.8,98
2024-10-25T01:55:01+07:00,45244,25,37,23.8,98
2024-10-25T01:55:23+07:00,45245,24,38,23.8,98
2024-10-25T01:55:45+07:00,45246,24,37,23.8,98
2024-10-25T01:56:07+07:00,45247,25,38,23.8,98
2024-10-25T01:56:29+07:00,45248,25,38,23.8,98
2024-10-25T01:56:52+07:00,45249,24,38,23.8,98
2024-10-25T01:57:14+07:00,45250,25,39,23.8,98
2024-10-25T01:57:36+07:00,45251,24,37,23.8,98
2024-10-25T01:57:58+07:00,45252,25,37,23.8,98
2024-10-25T01:58:20+07:00,45253,25,38,23.8,98
2024-10-25T01:58:43+07:00,45254,24,38,23.8,98
2024-10-25T01:59:05+07:00,45255,24,37,23.8,98
2024-10-25T01:59:28+07:00,45256,25,37,23.8,98
2024-10-25T01:59:50+07:00,45257,25,39,23.8,98
2024-10-25T02:00:13+07:00,45258,24,38,23.8,98
2024-10-25T02:00:35+07:00,45259,25,38,23.8,98
2024-10-25T02:00:58+07:00,45260,25,37,23.8,98
2024-10-25T02:01:20+07:00,45261,24,36,23.7,98
2024-10-25T02:01:42+07:00,45262,25,38,23.5,98
2024-10-25T02:02:04+07:00,45263,25,37,23.5,98
2024-10-25T02:02:26+07:00,45264,24,38,23.4,98
2024-10-25T02:02:49+07:00,45265,25,38,23.4,98
2024-10-25T02:03:11+07:00,45266,25,38,23.4,98
2024-10-25T02:03:33+07:00,45267,24,37,23.5,98
2024-10-25T02:03:55+07:00,45268,24,37,23.5,98
2024-10-25T02:04:18+07:00,45269,25,38,23.5,98
2024-10-25T02:04:40+07:00,45270,24,37,23.5,98
2024-10-25T02:05:02+07:00,45271,25,37,23.4,98
2024-10-25T02:05:24+07:00,45272,25,38,23.4,98
2024-10-25T02:05:46+07:00,45273,24,37,23.4,98
2024-10-25T02:06:09+07:00,45274,24,38,23.4,98
2024-10-25T02:06:31+07:00,45275,25,37,23.4,98
2024-10-25T02:06:53+07:00,45276,24,37,23.4,98
2024-10-25T02:07:15+07:00,45277,25,37,23.5,98
2024-10-25T02:07:38+07:00,45278,25,39,23.7,98
2024-10-25T02:08:00+07:00,45279,25,39,23.6,98
2024-10-25T02:08:22+07:00,45280,25,37,23.6,98
2024-10-25T02:08:45+07:00,45281,24,38,23.4,98
2024-10-25T02:09:07+07:00,45282,24,38,23.4,98
2024-10-25T02:09:29+07:00,45283,25,37,23.4,98
2024-10-25T02:09:52+07:00,45284,25,39,23.4,98
2024-10-25T02:10:14+07:00,45285,25,38,23.4,98
2024-10-25T02:10:36+07:00,45286,25,38,23.4,98
2024-10-25T02:10:59+07:00,45287,25,37,23.4,98
2024-10-25T02:11:21+07:00,45288,24,38,23.4,98
2024-10-25T02:11:43+07:00,45289,25,38,23.4,98
2024-10-25T02:12:05+07:00,45290,25,38,23.4,98
2024-10-25T02:12:28+07:00,45291,25,37,23.4,98
2024-10-25T02:12:50+07:00,45292,25,38,23.4,98
2024-10-25T02:13:13+07:00,45293,25,38,23.4,98
2024-10-25T02:13:35+07:00,45294,25,38,23.4,97
2024-10-25T02:13:57+07:00,45295,24,38,23.4,97
2024-10-25T02:14:19+07:00,45296,25,39,23.4,97
2024-10-25T02:14:42+07:00,45297,25,39,23.4,97
2024-10-25T02:15:04+07:00,45298,25,38,23.4,97
2024-10-25T02:15:26+07:00,45299,24,39,23.4,97
2024-10-25T02:15:48+07:00,45300,25,38,23.4,97
2024-10-25T02:16:10+07:00,45301,25,38,23.4,97
2024-10-25T02:16:32+07:00,45302,25,39,23.4,97
2024-10-25T02:16:54+07:00,45303,25,39,23.4,97
2024-10-25T02:17:16+07:00,45304,25,38,23.4,97
2024-10-25T02:17:39+07:00,45305,24,39,23.4,97
2024-10-25T02:18:01+07:00,45306,25,39,23.4,97
2024-10-25T02:18:24+07:00,45307,24,38,23.4,97
2024-10-25T02:18:46+07:00,45308,24,38,23.4,98
2024-10-25T02:19:08+07:00,45309,25,39,23.4,98
2024-10-25T02:19:30+07:00,45310,25,37,23.4,98
2024-10-25T02:19:52+07:00,45311,25,39,23.4,98
2024-10-25T02:20:15+07:00,45312,24,39,23.4,98
2024-10-25T02:20:37+07:00,45313,25,38,23.4,98
2024-10-25T02:20:59+07:00,45314,25,37,23.4,98
2024-10-25T02:21:22+07:00,45315,24,38,23.4,98
2024-10-25T02:21:44+07:00,45316,24,37,23.4,98
2024-10-25T02:22:06+07:00,45317,24,38,23.4,98
2024-10-25T02:22:28+07:00,45318,25,37,23.4,98
2024-10-25T02:22:50+07:00,45319,25,37,23.4,98
2024-10-25T02:23:12+07:00,45320,25,37,23.4,98
2024-10-25T02:23:34+07:00,45321,24,38,23.4,98
2024-10-25T02:23:56+07:00,45322,24,37,23.4,98
2024-10-25T02:24:19+07:00,45323,24,37,23.4,98
2024-10-25T02:24:41+07:00,45324,25,38,23.4,98
2024-10-25T02:25:04+07:00,45325,25,37,23.4,98
2024-10-25T02:25:26+07:00,45326,24,38,23.4,98
2024-10-25T02:25:48+07:00,45327,25,38,23.4,98
2024-10-25T02:26:10+07:00,45328,25,38,23.4,98
2024-10-25T02:26:33+07:00,45329,24,36,23.4,98
2024-10-25T02:26:55+07:00,45330,25,38,23.4,98
2024-10-25T02:27:17+07:00,45331,25,39,23.4,98
2024-10-25T02:27:39+07:00,45332,24,37,23.4,98
2024-10-25T02:28:01+07:00,45333,24,37,23.4,98
2024-10-25T02:28:24+07:00,45334,25,38,23.4,98
2024-10-25T02:28:46+07:00,45335,24,39,23.4,98
2024-10-25T02:29:08+07:00,45336,24,37,23.4,98
2024-10-25T02:29:30+07:00,45337,25,38,23.4,98
2024-10-25T02:29:52+07:00,45338,25,38,23.4,98
2024-10-25T02:30:14+07:00,45339,25,37,23.4,98
2024-10-25T02:30:37+07:00,45340,24,38,23.4,98
2024-10-25T02:30:59+07:00,45341,24,38,23.4,98
2024-10-25T02:31:23+07:00,45342,25,37,23.4,98
2024-10-25T02:31:45+07:00,45343,25,38,23.4,98
2024-10-25T02:32:07+07:00,45344,25,37,23.4,98
2024-10-25T02:32:29+07:00,45345,25,38,23.4,98
2024-10-25T02:32:51+07:00,45346,25,38,23.4,98
2024-10-25T02:33:14+07:00,45347,25,39,23.4,98
2024-10-25T02:33:36+07:00,45348,25,37,23.4,98
2024-10-25T02:33:58+07:00,45349,25,38,23.4,98
2024-10-25T02:34:20+07:00,45350,25,39,23.4,98
2024-10-25T02:34:42+07:00,45351,24,37,23.4,98
2024-10-25T02:35:05+07:00,45352,25,38,23.4,98
2024-10-25T02:35:27+07:00,45353,24,37,23.4,98
2024-10-25T02:35:49+07:00,45354,24,38,23.4,98
2024-10-25T02:36:11+07:00,45355,25,38,23.4,98
2024-10-25T02:36:33+07:00,45356,25,37,23.4,98
2024-10-25T02:36:56+07:00,45357,25,37,23.4,98
2024-10-25T02:37:18+07:00,45358,25,38,23.4,98
2024-10-25T02:37:41+07:00,45359,25,37,23.4,98
2024-10-25T02:38:02+07:00,45360,24,38,23.4,98
2024-10-25T02:38:25+07:00,45361,25,39,23.4,98
2024-10-25T02:38:47+07:00,45362,25,36,23.4,98
2024-10-25T02:39:09+07:00,45363,24,39,23.4,98
2024-10-25T02:39:32+07:00,45364,25,38,23.4,98
2024-10-25T02:39:54+07:00,45365,25,37,23.4,98
2024-10-25T02:40:16+07:00,45366,25,38,23.4,98
2024-10-25T02:40:38+07:00,45367,24,38,23.4,98
2024-10-25T02:41:00+07:00,45368,24,37,23.4,98
2024-10-25T02:41:23+07:00,45369,24,37,23.4,98
2024-10-25T02:41:45+07:00,45370,25,39,23.4,98
2024-10-25T02:42:07+07:00,45371,25,38,23.4,98
2024-10-25T02:42:29+07:00,45372,25,37,23.4,98
2024-10-25T02:42:52+07:00,45373,24,36,23.4,98
2024-10-25T02:43:14+07:00,45374,24,38,23.4,98
2024-10-25T02:43:36+07:00,45375,26,39,23.4,98
2024-10-25T02:43:58+07:00,45376,25,39,23.4,98
2024-10-25T02:44:20+07:00,45377,24,37,23.4,98
2024-10-25T02:44:43+07:00,45378,25,37,23.4,98
2024-10-25T02:45:05+07:00,45379,26,38,23.4,98
2024-10-25T02:45:27+07:00,45380,25,38,23.4,98
2024-10-25T02:45:50+07:00,45381,25,39,23.4,98
2024-10-25T02:46:12+07:00,45382,24,38,23.4,98
2024-10-25T02:46:34+07:00,45383,25,38,23.4,98
2024-10-25T02:46:57+07:00,45384,25,37,23.4,98
2024-10-25T02:47:19+07:00,45385,25,38,23.4,98
2024-10-25T02:47:41+07:00,45386,25,39,23.4,98
2024-10-25T02:48:03+07:00,45387,25,39,23.4,98
2024-10-25T02:48:26+07:00,45388,24,38,23.4,98
2024-10-25T02:48:48+07:00,45389,25,38,23.4,98
2024-10-25T02:49:10+07:00,45390,24,38,23.4,98
2024-10-25T02:49:32+07:00,45391,25,37,23.4,98
2024-10-25T02:49:55+07:00,45392,25,37,23.4,98
2024-10-25T02:50:17+07:00,45393,24,38,23.4,98
2024-10-25T02:50:40+07:00,45394,25,39,23.4,98
2024-10-25T02:51:02+07:00,45395,24,37,23.4,98
2024-10-25T02:51:24+07:00,45396,24,38,23.4,98
2024-10-25T02:51:46+07:00,45397,25,38,23.4,98
2024-10-25T02:52:08+07:00,45398,25,38,23.4,98
2024-10-25T02:52:31+07:00,45399,25,39,23.4,98
2024-10-25T02:52:53+07:00,45400,25,38,23.4,98
2024-10-25T02:53:15+07:00,45401,25,37,23.4,98
2024-10-25T02:53:38+07:00,45402,24,38,23.4,98
2024-10-25T02:54:00+07:00,45403,24,38,23.4,98
2024-10-25T02:54:22+07:00,45404,25,38,23.4,98
2024-10-25T02:54:44+07:00,45405,25,39,23.4,98
2024-10-25T02:55:07+07:00,45406,24,37,23.4,98
2024-10-25T02:55:29+07:00,45407,25,38,23.4,98
2024-10-25T02:55:52+07:00,45408,24,37,23.4,98
2024-10-25T02:56:14+07:00,45409,25,39,23.4,98
2024-10-25T02:56:36+07:00,45410,25,37,23.4,98
2024-10-25T02:56:58+07:00,45411,24,38,23.4,98
2024-10-25T02:57:20+07:00,45412,25,39,23.4,97
2024-10-25T02:57:42+07:00,45413,25,38,23.4,97
2024-10-25T02:58:04+07:00,45414,25,39,23.4,97
2024-10-25T02:58:26+07:00,45415,25,38,23.4,97
2024-10-25T02:58:49+07:00,45416,25,40,23.4,97
2024-10-25T02:59:11+07:00,45417,25,38,23.4,97
2024-10-25T02:59:33+07:00,45418,24,37,23.2,97
2024-10-25T02:59:55+07:00,45419,25,38,23,97
2024-10-25T03:00:17+07:00,45420,24,38,23,97
2024-10-25T03:00:39+07:00,45421,25,39,23,97
2024-10-25T03:01:01+07:00,45422,26,38,23,97
2024-10-25T03:01:24+07:00,45423,25,38,23,97
2024-10-25T03:01:47+07:00,45424,25,39,23,97
2024-10-25T03:02:09+07:00,45425,25,37,23,97
2024-10-25T03:02:31+07:00,45426,24,39,23,97
2024-10-25T03:02:53+07:00,45427,25,37,23,97
2024-10-25T03:03:15+07:00,45428,25,39,23,97
2024-10-25T03:03:37+07:00,45429,25,39,23,97
2024-10-25T03:03:59+07:00,45430,24,39,23,97
2024-10-25T03:04:21+07:00,45431,25,38,23,97
2024-10-25T03:04:43+07:00,45432,25,38,23,97
2024-10-25T03:05:05+07:00,45433,25,39,23,97
2024-10-25T03:05:28+07:00,45434,25,39,23,97
2024-10-25T03:05:50+07:00,45435,24,38,23,97
2024-10-25T03:06:13+07:00,45436,25,38,23,97
2024-10-25T03:06:35+07:00,45437,25,39,23,97
2024-10-25T03:06:57+07:00,45438,24,39,23,97
2024-10-25T03:07:19+07:00,45439,25,39,23,97
2024-10-25T03:07:42+07:00,45440,24,38,23,97
2024-10-25T03:08:04+07:00,45441,25,37,23,97
2024-10-25T03:08:26+07:00,45442,25,39,23,97
2024-10-25T03:08:48+07:00,45443,25,39,23,97
2024-10-25T03:09:10+07:00,45444,25,38,23,97
2024-10-25T03:09:33+07:00,45445,24,39,23,97
2024-10-25T03:09:55+07:00,45446,25,38,23,97
2024-10-25T03:10:18+07:00,45447,25,38,23,97
2024-10-25T03:10:40+07:00,45448,25,37,23,97
2024-10-25T03:11:03+07:00,45449,25,39,23,97
2024-10-25T03:11:25+07:00,45450,25,39,23,97
2024-10-25T03:11:48+07:00,45451,25,38,23,97
2024-10-25T03:12:10+07:00,45452,24,39,23,97
2024-10-25T03:12:32+07:00,45453,25,38,23,97
2024-10-25T03:12:55+07:00,45454,24,38,23,97
2024-10-25T03:13:17+07:00,45455,25,37,23,98
2024-10-25T03:13:39+07:00,45456,25,37,23,98
2024-10-25T03:14:02+07:00,45457,25,38,23,98
2024-10-25T03:14:24+07:00,45458,25,38,23,98
2024-10-25T03:14:47+07:00,45459,24,38,23,98
2024-10-25T03:15:09+07:00,45460,25,39,23,98
2024-10-25T03:15:31+07:00,45461,25,37,23,98
2024-10-25T03:15:53+07:00,45462,25,37,23,98
2024-10-25T03:16:16+07:00,45463,25,38,23,98
2024-10-25T03:16:38+07:00,45464,25,37,23,98
2024-10-25T03:17:00+07:00,45465,25,38,23,98
2024-10-25T03:17:23+07:00,45466,24,37,23,97
2024-10-25T03:17:45+07:00,45467,25,38,23,97
2024-10-25T03:18:07+07:00,45468,24,38,23,97
2024-10-25T03:18:29+07:00,45469,25,37,23,97
2024-10-25T03:18:51+07:00,45470,25,38,23,97
2024-10-25T03:19:14+07:00,45471,25,37,23,97
2024-10-25T03:19:36+07:00,45472,24,38,23,97
2024-10-25T03:19:59+07:00,45473,24,38,23,97
2024-10-25T03:20:21+07:00,45474,24,37,23,97
2024-10-25T03:20:43+07:00,45475,25,37,23,97
2024-10-25T03:21:05+07:00,45476,25,38,23,97
2024-10-25T03:21:28+07:00,45477,24,38,23,97
2024-10-25T03:21:50+07:00,45478,24,39,23,97
2024-10-25T03:22:13+07:00,45479,25,38,23,97
2024-10-25T03:22:35+07:00,45480,25,38,23,97
2024-10-25T03:22:57+07:00,45481,25,37,23,97
2024-10-25T03:23:19+07:00,45482,25,38,23,97
2024-10-25T03:23:42+07:00,45483,25,38,23,97
2024-10-25T03:24:04+07:00,45484,25,37,23,97
2024-10-25T03:24:26+07:00,45485,25,37,23,97
2024-10-25T03:24:49+07:00,45486,25,37,23,97
2024-10-25T03:25:11+07:00,45487,24,39,23,97
2024-10-25T03:25:33+07:00,45488,24,37,23,97
2024-10-25T03:25:56+07:00,45489,25,39,23,97
2024-10-25T03:26:18+07:00,45490,24,37,23,97
2024-10-25T03:26:40+07:00,45491,24,38,23,97
2024-10-25T03:27:02+07:00,45492,25,37,23,97
2024-10-25T03:27:25+07:00,45493,24,38,23,97
2024-10-25T03:27:47+07:00,45494,25,38,23,97
2024-10-25T03:28:10+07:00,45495,25,38,23,97
2024-10-25T03:28:32+07:00,45496,25,37,23,97
2024-10-25T03:28:54+07:00,45497,24,36,23,97
2024-10-25T03:29:17+07:00,45498,25,38,23,97
2024-10-25T03:29:39+07:00,45499,25,38,23,97
2024-10-25T03:30:01+07:00,45500,25,38,23,97
2024-10-25T03:30:23+07:00,45501,25,39,23,97
2024-10-25T03:30:45+07:00,45502,24,38,23,97
2024-10-25T03:31:08+07:00,45503,25,38,23,97
2024-10-25T03:31:30+07:00,45504,25,37,23,97
2024-10-25T03:31:53+07:00,45505,24,38,23,98
2024-10-25T03:32:15+07:00,45506,25,37,23,98
2024-10-25T03:32:38+07:00,45507,25,38,23,98
2024-10-25T03:33:00+07:00,45508,24,38,23,98
2024-10-25T03:33:22+07:00,45509,25,39,23,98
2024-10-25T03:33:45+07:00,45510,25,37,23,97
2024-10-25T03:34:07+07:00,45511,25,38,23,97
2024-10-25T03:34:29+07:00,45512,25,37,23,97
2024-10-25T03:34:51+07:00,45513,25,38,23,97
2024-10-25T03:35:14+07:00,45514,25,40,23,97
2024-10-25T03:35:36+07:00,45515,25,37,23,97
2024-10-25T03:35:58+07:00,45516,25,38,23,97
2024-10-25T03:36:20+07:00,45517,25,37,23,97
2024-10-25T03:36:42+07:00,45518,25,38,23,98
2024-10-25T03:37:05+07:00,45519,25,38,23,98
2024-10-25T03:37:27+07:00,45520,24,39,23,98
2024-10-25T03:37:49+07:00,45521,25,37,23,98
2024-10-25T03:38:11+07:00,45522,25,38,23,97
2024-10-25T03:38:34+07:00,45523,25,37,23,97
2024-10-25T03:38:56+07:00,45524,25,37,23,97
2024-10-25T03:39:18+07:00,45525,25,37,23,97
2024-10-25T03:39:40+07:00,45526,24,38,23,98
2024-10-25T03:40:02+07:00,45527,25,38,23,98
2024-10-25T03:40:25+07:00,45528,24,37,23,98
2024-10-25T03:40:47+07:00,45529,24,37,23,98
2024-10-25T03:41:09+07:00,45530,25,39,23,98
2024-10-25T03:41:32+07:00,45531,24,38,23,98
2024-10-25T03:41:55+07:00,45532,25,37,23,98
2024-10-25T03:42:17+07:00,45533,25,38,23,98
2024-10-25T03:42:39+07:00,45534,24,38,23,98
2024-10-25T03:43:01+07:00,45535,24,36,23,98
2024-10-25T03:43:23+07:00,45536,25,36,23,98
2024-10-25T03:43:46+07:00,45537,24,37,23,98
2024-10-25T03:44:08+07:00,45538,24,39,23,98
2024-10-25T03:44:30+07:00,45539,25,37,23,98
2024-10-25T03:44:53+07:00,45540,25,37,23,98
2024-10-25T03:45:15+07:00,45541,24,37,23,98
2024-10-25T03:45:38+07:00,45542,25,37,23,98
2024-10-25T03:46:00+07:00,45543,25,37,23,98
2024-10-25T03:46:22+07:00,45544,24,37,23,97
2024-10-25T03:46:44+07:00,45545,25,38,23,97
2024-10-25T03:47:07+07:00,45546,25,38,23,97
2024-10-25T03:47:28+07:00,45547,24,37,23,97
2024-10-25T03:47:51+07:00,45548,25,38,23,97
2024-10-25T03:48:13+07:00,45549,25,38,23,97
2024-10-25T03:48:35+07:00,45550,24,37,23,97
2024-10-25T03:48:57+07:00,45551,24,37,23,97
2024-10-25T03:49:19+07:00,45552,25,38,23,97
2024-10-25T03:49:41+07:00,45553,24,36,23,97
2024-10-25T03:50:03+07:00,45554,25,38,23,97
2024-10-25T03:50:26+07:00,45555,25,39,23,97
2024-10-25T03:50:48+07:00,45556,25,37,23,97
2024-10-25T03:51:11+07:00,45557,25,38,23,97
2024-10-25T03:51:33+07:00,45558,25,37,23,97
2024-10-25T03:51:55+07:00,45559,24,37,23,97
2024-10-25T03:52:18+07:00,45560,25,38,23,97
2024-10-25T03:52:40+07:00,45561,24,38,23,97
2024-10-25T03:53:02+07:00,45562,25,37,23,97
2024-10-25T03:53:24+07:00,45563,25,38,23,97
2024-10-25T03:53:47+07:00,45564,24,38,23,97
2024-10-25T03:54:10+07:00,45565,25,37,23,97
2024-10-25T03:54:32+07:00,45566,25,39,23,97
2024-10-25T03:54:54+07:00,45567,26,37,23,97
2024-10-25T03:55:16+07:00,45568,25,38,23,97
2024-10-25T03:55:38+07:00,45569,25,37,23,97
2024-10-25T03:56:00+07:00,45570,25,37,23,97
2024-10-25T03:56:23+07:00,45571,24,37,23,97
2024-10-25T03:56:44+07:00,45572,24,39,23,97
2024-10-25T03:57:07+07:00,45573,25,37,23,97
2024-10-25T03:57:29+07:00,45574,25,39,23,97
2024-10-25T03:57:51+07:00,45575,25,38,23,97
2024-10-25T03:58:14+07:00,45576,24,37,23,97
2024-10-25T03:58:36+07:00,45577,25,38,23,97
2024-10-25T03:58:59+07:00,45578,25,38,23,97
2024-10-25T03:59:21+07:00,45579,25,37,23,97
2024-10-25T03:59:43+07:00,45580,25,37,23,97
2024-10-25T04:00:05+07:00,45581,25,36,23,97
2024-10-25T04:00:27+07:00,45582,24,37,23,97
2024-10-25T04:00:49+07:00,45583,25,37,23,97
2024-10-25T04:01:11+07:00,45584,24,38,23,97
2024-10-25T04:01:33+07:00,45585,25,37,23,97
2024-10-25T04:01:56+07:00,45586,24,38,23,97
2024-10-25T04:02:18+07:00,45587,25,38,23,97
2024-10-25T04:02:41+07:00,45588,25,38,23,97
2024-10-25T04:03:04+07:00,45589,24,38,23,97
2024-10-25T04:03:26+07:00,45590,24,37,23,97
2024-10-25T04:03:48+07:00,45591,24,38,23,97
2024-10-25T04:04:10+07:00,45592,25,37,23,97
2024-10-25T04:04:32+07:00,45593,25,38,23,97
2024-10-25T04:04:54+07:00,45594,25,38,23,97
2024-10-25T04:05:16+07:00,45595,25,38,23,97
2024-10-25T04:05:39+07:00,45596,25,38,23,97
2024-10-25T04:06:01+07:00,45597,24,38,23,97
2024-10-25T04:06:23+07:00,45598,24,37,23,97
2024-10-25T04:06:45+07:00,45599,25,37,23,97
2024-10-25T04:07:07+07:00,45600,25,38,23,97
2024-10-25T04:07:29+07:00,45601,25,38,23,97
2024-10-25T04:07:51+07:00,45602,24,37,23,97
2024-10-25T04:08:14+07:00,45603,25,36,23,97
2024-10-25T04:08:36+07:00,45604,24,37,23,97
2024-10-25T04:08:59+07:00,45605,25,39,23,97
2024-10-25T04:09:21+07:00,45606,25,38,23,97
2024-10-25T04:09:43+07:00,45607,25,39,23,97
2024-10-25T04:10:05+07:00,45608,24,37,23,97
2024-10-25T04:10:27+07:00,45609,25,38,23,98
2024-10-25T04:10:50+07:00,45610,24,37,23,98
2024-10-25T04:11:12+07:00,45611,25,38,23,97
2024-10-25T04:11:34+07:00,45612,25,38,23,97
2024-10-25T04:11:56+07:00,45613,25,38,23,97
2024-10-25T04:12:18+07:00,45614,25,38,23,97
2024-10-25T04:12:41+07:00,45615,24,37,23,97
2024-10-25T04:13:04+07:00,45616,24,37,23,97
2024-10-25T04:13:26+07:00,45617,25,38,23,97
2024-10-25T04:13:48+07:00,45618,25,37,23,97
2024-10-25T04:14:11+07:00,45619,25,36,23,97
2024-10-25T04:14:33+07:00,45620,24,37,23,97
2024-10-25T04:14:55+07:00,45621,25,38,23,97
2024-10-25T04:15:18+07:00,45622,24,37,23,97
2024-10-25T04:15:39+07:00,45623,24,38,23,97
2024-10-25T04:16:02+07:00,45624,25,38,23,97
2024-10-25T04:16:24+07:00,45625,25,38,23,97
2024-10-25T04:16:47+07:00,45626,24,36,23,97
2024-10-25T04:17:09+07:00,45627,25,38,23,97
2024-10-25T04:17:31+07:00,45628,25,39,23,97
2024-10-25T04:17:53+07:00,45629,24,36,23,97
2024-10-25T04:18:15+07:00,45630,25,38,23,97
2024-10-25T04:18:38+07:00,45631,24,37,23,98
2024-10-25T04:19:00+07:00,45632,25,38,23,97
2024-10-25T04:19:22+07:00,45633,25,37,23,98
2024-10-25T04:19:44+07:00,45634,25,37,23,98
2024-10-25T04:20:06+07:00,45635,25,36,23,98
2024-10-25T04:20:28+07:00,45636,25,37,23,97
2024-10-25T04:20:51+07:00,45637,24,36,23,97
2024-10-25T04:21:13+07:00,45638,25,38,23,97
2024-10-25T04:21:36+07:00,45639,24,38,22.8,97
2024-10-25T04:21:58+07:00,45640,25,38,22.7,97
2024-10-25T04:22:20+07:00,45641,24,37,22.7,97
2024-10-25T04:22:42+07:00,45642,25,37,22.7,97
2024-10-25T04:23:04+07:00,45643,24,38,22.7,97
2024-10-25T04:23:26+07:00,45644,25,39,22.7,97
2024-10-25T04:23:48+07:00,45645,24,38,22.7,97
2024-10-25T04:24:10+07:00,45646,25,38,22.7,97
2024-10-25T04:24:33+07:00,45647,24,38,22.7,97
2024-10-25T04:24:55+07:00,45648,25,38,22.7,97
2024-10-25T04:25:17+07:00,45649,24,38,22.7,97
2024-10-25T04:25:39+07:00,45650,24,36,22.7,97
2024-10-25T04:26:01+07:00,45651,25,37,22.7,97
2024-10-25T04:26:23+07:00,45652,24,37,22.7,97
2024-10-25T04:26:46+07:00,45653,25,38,22.7,97
2024-10-25T04:27:08+07:00,45654,25,37,22.7,97
2024-10-25T04:27:31+07:00,45655,24,39,22.8,97
2024-10-25T04:27:53+07:00,45656,24,36,23,97
2024-10-25T04:28:15+07:00,45657,25,38,22.8,97
2024-10-25T04:28:37+07:00,45658,25,39,22.7,96
2024-10-25T04:28:59+07:00,45659,24,38,22.7,96
2024-10-25T04:29:21+07:00,45660,25,37,22.7,96
2024-10-25T04:29:43+07:00,45661,25,37,22.7,96
2024-10-25T04:30:06+07:00,45662,24,37,22.6,96
2024-10-25T04:30:28+07:00,45663,25,37,22.6,96
2024-10-25T04:30:50+07:00,45664,24,37,22.7,96
2024-10-25T04:31:13+07:00,45665,25,38,22.6,96
2024-10-25T04:31:35+07:00,45666,25,39,22.6,96
2024-10-25T04:31:57+07:00,45667,25,36,22.7,96
2024-10-25T04:32:20+07:00,45668,25,38,22.6,96
2024-10-25T04:32:42+07:00,45669,25,38,22.6,96
2024-10-25T04:33:04+07:00,45670,24,38,22.6,96
2024-10-25T04:33:27+07:00,45671,25,37,22.6,96
2024-10-25T04:33:49+07:00,45672,25,38,22.6,96
2024-10-25T04:34:11+07:00,45673,24,38,22.6,96
2024-10-25T04:34:34+07:00,45674,25,38,22.6,96
2024-10-25T04:34:56+07:00,45675,26,37,22.6,96
2024-10-25T04:35:18+07:00,45676,25,38,22.6,96
2024-10-25T04:35:41+07:00,45677,25,39,22.6,96
2024-10-25T04:36:03+07:00,45678,25,38,22.6,96
2024-10-25T04:36:26+07:00,45679,25,38,22.6,96
2024-10-25T04:36:48+07:00,45680,25,39,22.6,96
2024-10-25T04:37:10+07:00,45681,25,38,22.6,96
2024-10-25T04:37:33+07:00,45682,25,37,22.6,96
2024-10-25T04:37:55+07:00,45683,25,37,22.6,96
2024-10-25T04:38:17+07:00,45684,25,37,22.6,96
2024-10-25T04:38:40+07:00,45685,24,38,22.6,96
2024-10-25T04:39:02+07:00,45686,25,36,22.6,96
2024-10-25T04:39:25+07:00,45687,25,36,22.6,96
2024-10-25T04:39:47+07:00,45688,25,39,22.6,96
2024-10-25T04:40:09+07:00,45689,25,37,22.6,96
2024-10-25T04:40:31+07:00,45690,24,37,22.6,96
2024-10-25T04:40:53+07:00,45691,25,36,22.6,96
2024-10-25T04:41:16+07:00,45692,25,38,22.6,96
2024-10-25T04:41:38+07:00,45693,25,39,22.6,96
2024-10-25T04:42:00+07:00,45694,25,37,22.6,96
2024-10-25T04:42:22+07:00,45695,25,36,22.6,96
2024-10-25T04:42:44+07:00,45696,25,37,22.6,96
2024-10-25T04:43:07+07:00,45697,25,37,22.6,96
2024-10-25T04:43:29+07:00,45698,25,37,22.6,96
2024-10-25T04:43:51+07:00,45699,25,38,22.6,96
2024-10-25T04:44:13+07:00,45700,25,38,22.6,96
2024-10-25T04:44:36+07:00,45701,25,36,22.6,96
2024-10-25T04:44:58+07:00,45702,25,37,22.6,96
2024-10-25T04:45:20+07:00,45703,24,37,22.6,96
2024-10-25T04:45:43+07:00,45704,26,38,22.6,96
2024-10-25T04:46:05+07:00,45705,25,39,22.6,96
2024-10-25T04:46:27+07:00,45706,25,37,22.6,96
2024-10-25T04:46:49+07:00,45707,24,37,22.6,96
2024-10-25T04:47:12+07:00,45708,25,37,22.6,96
2024-10-25T04:47:34+07:00,45709,25,38,22.6,96
2024-10-25T04:47:56+07:00,45710,24,37,22.6,96
2024-10-25T04:48:18+07:00,45711,24,38,22.6,96
2024-10-25T04:48:40+07:00,45712,25,36,22.6,96
2024-10-25T04:49:02+07:00,45713,25,37,22.6,96
2024-10-25T04:49:24+07:00,45714,24,36,22.6,96
2024-10-25T04:49:46+07:00,45715,25,36,22.6,95
2024-10-25T04:50:09+07:00,45716,26,39,22.6,95
2024-10-25T04:50:31+07:00,45717,25,37,22.6,95
2024-10-25T04:50:53+07:00,45718,25,38,22.6,95
2024-10-25T04:51:15+07:00,45719,25,37,22.6,95
2024-10-25T04:51:38+07:00,45720,25,37,22.6,96
2024-10-25T04:52:00+07:00,45721,25,39,22.6,96
2024-10-25T04:52:22+07:00,45722,26,38,22.6,96
2024-10-25T04:52:45+07:00,45723,25,37,22.6,96
2024-10-25T04:53:07+07:00,45724,26,36,22.6,96
2024-10-25T04:53:29+07:00,45725,25,37,22.6,96
2024-10-25T04:53:51+07:00,45726,24,38,22.6,96
2024-10-25T04:54:14+07:00,45727,25,38,22.6,96
2024-10-25T04:54:36+07:00,45728,25,37,22.6,96
2024-10-25T04:54:58+07:00,45729,25,36,22.6,96
2024-10-25T04:55:20+07:00,45730,25,39,22.6,96
2024-10-25T04:55:43+07:00,45731,25,38,22.6,96
2024-10-25T04:56:05+07:00,45732,26,37,22.6,96
2024-10-25T04:56:28+07:00,45733,24,37,22.6,96
2024-10-25T04:56:50+07:00,45734,25,38,22.6,96
2024-10-25T04:57:12+07:00,45735,25,37,22.6,96
2024-10-25T04:57:34+07:00,45736,24,39,22.6,96
2024-10-25T04:57:57+07:00,45737,25,38,22.3,96
2024-10-25T04:58:19+07:00,45738,25,37,22.3,95
2024-10-25T04:58:41+07:00,45739,25,36,22.3,95
2024-10-25T04:59:03+07:00,45740,24,38,22.3,95
2024-10-25T04:59:26+07:00,45741,25,39,22.3,96
2024-10-25T04:59:48+07:00,45742,24,37,22.6,96
2024-10-25T05:00:10+07:00,45743,25,37,22.6,96
2024-10-25T05:00:33+07:00,45744,25,38,22.6,96
2024-10-25T05:00:55+07:00,45745,25,36,22.6,96
2024-10-25T05:01:17+07:00,45746,25,39,22.6,96
2024-10-25T05:01:40+07:00,45747,24,37,22.6,95
2024-10-25T05:02:02+07:00,45748,25,38,22.6,96
2024-10-25T05:02:24+07:00,45749,24,37,22.6,95
2024-10-25T05:02:46+07:00,45750,26,38,22.6,95
2024-10-25T05:03:09+07:00,45751,25,38,22.6,95
2024-10-25T05:03:31+07:00,45752,24,36,22.5,95
2024-10-25T05:03:54+07:00,45753,24,39,22.4,95
2024-10-25T05:04:16+07:00,45754,24,37,22.3,95
2024-10-25T05:04:38+07:00,45755,25,38,22.3,95
2024-10-25T05:05:00+07:00,45756,24,36,22.3,95
2024-10-25T05:05:22+07:00,45757,24,36,22.3,94
2024-10-25T05:05:44+07:00,45758,25,37,22.3,95
2024-10-25T05:06:07+07:00,45759,24,40,22.3,95
2024-10-25T05:06:29+07:00,45760,24,37,22.3,95
2024-10-25T05:06:52+07:00,45761,26,36,22.4,95
2024-10-25T05:07:15+07:00,45762,25,38,22.3,95
2024-10-25T05:07:37+07:00,45763,24,37,22.3,95
2024-10-25T05:07:59+07:00,45764,24,36,22.3,96
2024-10-25T05:08:21+07:00,45765,25,38,22.3,96
2024-10-25T05:08:44+07:00,45766,25,36,22.4,96
2024-10-25T05:09:06+07:00,45767,25,37,22.6,96
2024-10-25T05:09:29+07:00,45768,25,37,22.6,96
2024-10-25T05:09:51+07:00,45769,25,37,22.5,96
2024-10-25T05:10:13+07:00,45770,25,37,22.5,96
2024-10-25T05:10:36+07:00,45771,24,37,22.5,96
2024-10-25T05:10:58+07:00,45772,24,39,22.4,96
2024-10-25T05:11:20+07:00,45773,25,36,22.4,96
2024-10-25T05:11:43+07:00,45774,25,37,22.3,96
2024-10-25T05:12:05+07:00,45775,25,37,22.3,96
2024-10-25T05:12:27+07:00,45776,24,37,22.3,96
2024-10-25T05:12:49+07:00,45777,26,36,22.3,96
2024-10-25T05:13:11+07:00,45778,25,36,22.3,96
2024-10-25T05:13:33+07:00,45779,24,37,22.3,96
2024-10-25T05:13:56+07:00,45780,25,37,22.3,96
2024-10-25T05:14:18+07:00,45781,25,36,22.3,96
2024-10-25T05:14:40+07:00,45782,25,38,22.4,96
2024-10-25T05:15:02+07:00,45783,25,38,22.6,96
2024-10-25T05:15:24+07:00,45784,24,36,22.6,96
2024-10-25T05:15:46+07:00,45785,24,37,22.6,96
2024-10-25T05:16:09+07:00,45786,24,38,22.6,96
2024-10-25T05:16:31+07:00,45787,25,39,22.6,96
2024-10-25T05:16:53+07:00,45788,25,37,22.6,96
2024-10-25T05:17:15+07:00,45789,24,38,22.3,96
2024-10-25T05:17:37+07:00,45790,25,38,22.3,96
2024-10-25T05:17:59+07:00,45791,25,38,22.3,96
2024-10-25T05:18:22+07:00,45792,25,37,22.3,96
2024-10-25T05:18:44+07:00,45793,25,39,22.3,96
2024-10-25T05:19:06+07:00,45794,24,38,22.5,96
2024-10-25T05:19:28+07:00,45795,26,37,22.6,96
2024-10-25T05:19:50+07:00,45796,24,37,22.6,96
2024-10-25T05:20:12+07:00,45797,24,37,22.6,96
2024-10-25T05:20:35+07:00,45798,26,38,22.6,96
2024-10-25T05:20:56+07:00,45799,24,37,22.6,96
2024-10-25T05:21:19+07:00,45800,25,36,22.6,96
2024-10-25T05:21:41+07:00,45801,25,38,22.6,96
2024-10-25T05:22:04+07:00,45802,24,37,22.6,96
2024-10-25T05:22:26+07:00,45803,25,37,22.6,96
2024-10-25T05:22:48+07:00,45804,25,37,22.6,96
2024-10-25T05:23:10+07:00,45805,25,35,22.3,96
2024-10-25T05:23:32+07:00,45806,25,40,22.3,96
2024-10-25T05:23:55+07:00,45807,24,37,22.3,96
2024-10-25T05:24:17+07:00,45808,25,36,22.3,96
2024-10-25T05:24:39+07:00,45809,25,37,22.3,96
2024-10-25T05:25:01+07:00,45810,24,38,22.3,96
2024-10-25T05:25:23+07:00,45811,24,36,22.3,96
2024-10-25T05:25:46+07:00,45812,25,36,22.3,96
2024-10-25T05:26:07+07:00,45813,25,37,22.3,96
2024-10-25T05:26:30+07:00,45814,25,38,22.3,96
2024-10-25T05:26:52+07:00,45815,24,38,22.2,96
2024-10-25T05:27:14+07:00,45816,24,36,22.2,96
2024-10-25T05:27:36+07:00,45817,24,36,22.2,96
2024-10-25T05:27:59+07:00,45818,24,36,22.2,96
2024-10-25T05:28:21+07:00,45819,24,37,22.2,96
2024-10-25T05:28:43+07:00,45820,26,38,22.2,96
2024-10-25T05:29:05+07:00,45821,25,38,22.3,96
2024-10-25T05:29:27+07:00,45822,25,36,22.3,96
2024-10-25T05:29:50+07:00,45823,24,37,22.3,96
2024-10-25T05:30:12+07:00,45824,24,36,22.2,96
2024-10-25T05:30:34+07:00,45825,24,37,22.3,96
2024-10-25T05:30:56+07:00,45826,24,37,22.2,96
2024-10-25T05:31:18+07:00,45827,25,37,22.3,96
2024-10-25T05:31:40+07:00,45828,25,37,22.3,96
2024-10-25T05:32:02+07:00,45829,25,37,22.3,96
2024-10-25T05:32:24+07:00,45830,24,38,22.3,96
2024-10-25T05:32:46+07:00,45831,25,36,22.3,96
2024-10-25T05:33:08+07:00,45832,24,38,22.6,96
2024-10-25T05:33:30+07:00,45833,25,36,22.6,96
2024-10-25T05:33:52+07:00,45834,24,37,22.6,96
2024-10-25T05:34:15+07:00,45835,25,37,22.6,96
2024-10-25T05:34:37+07:00,45836,25,37,22.6,96
2024-10-25T05:34:59+07:00,45837,25,38,22.6,97
2024-10-25T05:35:21+07:00,45838,24,38,22.6,97
2024-10-25T05:35:43+07:00,45839,24,37,22.6,97
2024-10-25T05:36:05+07:00,45840,24,38,22.6,97
2024-10-25T05:36:27+07:00,45841,24,37,22.6,97
2024-10-25T05:36:50+07:00,45842,25,38,22.6,97
2024-10-25T05:37:11+07:00,45843,24,37,22.6,97
2024-10-25T05:37:34+07:00,45844,25,37,22.6,97
2024-10-25T05:37:56+07:00,45845,24,36,22.6,97
2024-10-25T05:38:18+07:00,45846,24,37,22.6,97
2024-10-25T05:38:40+07:00,45847,25,37,22.6,97
2024-10-25T05:39:02+07:00,45848,24,36,22.6,97
2024-10-25T05:39:24+07:00,45849,24,38,22.6,97
2024-10-25T05:39:46+07:00,45850,23,36,22.6,97
2024-10-25T05:40:09+07:00,45851,24,37,22.6,97
2024-10-25T05:40:31+07:00,45852,24,35,22.6,97
2024-10-25T05:40:53+07:00,45853,24,36,22.6,97
2024-10-25T05:41:15+07:00,45854,24,38,22.6,97
2024-10-25T05:41:37+07:00,45855,24,38,22.6,97
2024-10-25T05:41:59+07:00,45856,25,37,22.6,97
2024-10-25T05:42:21+07:00,45857,25,38,22.6,97
2024-10-25T05:42:43+07:00,45858,24,38,22.6,97
2024-10-25T05:43:06+07:00,45859,24,36,22.6,97
2024-10-25T05:43:28+07:00,45860,24,37,22.6,97
2024-10-25T05:43:50+07:00,45861,24,37,22.6,97
2024-10-25T05:44:12+07:00,45862,24,37,22.6,97
2024-10-25T05:44:34+07:00,45863,25,38,22.6,97
2024-10-25T05:44:56+07:00,45864,24,37,22.6,97
2024-10-25T05:45:18+07:00,45865,25,37,22.6,97
2024-10-25T05:45:41+07:00,45866,24,37,22.6,98
2024-10-25T05:46:03+07:00,45867,24,36,22.6,97
2024-10-25T05:46:25+07:00,45868,24,36,22.6,98
2024-10-25T05:46:48+07:00,45869,24,37,22.6,98
2024-10-25T05:47:09+07:00,45870,24,38,22.6,98
2024-10-25T05:47:31+07:00,45871,24,37,22.6,98
2024-10-25T05:47:54+07:00,45872,24,38,22.6,98
2024-10-25T05:48:16+07:00,45873,24,37,22.7,97
2024-10-25T05:48:38+07:00,45874,25,37,22.6,97
2024-10-25T05:49:00+07:00,45875,25,38,22.6,97
2024-10-25T05:49:22+07:00,45876,25,36,22.6,97
2024-10-25T05:49:44+07:00,45877,24,39,22.7,97
2024-10-25T05:50:06+07:00,45878,25,37,22.6,97
2024-10-25T05:50:28+07:00,45879,24,38,22.6,97
2024-10-25T05:50:50+07:00,45880,24,38,22.6,97
2024-10-25T05:51:12+07:00,45881,25,36,22.6,97
2024-10-25T05:51:34+07:00,45882,24,37,22.6,97
2024-10-25T05:51:57+07:00,45883,24,37,22.6,97
2024-10-25T05:52:19+07:00,45884,24,37,22.6,97
2024-10-25T05:52:41+07:00,45885,26,38,22.6,97
2024-10-25T05:53:03+07:00,45886,26,37,22.6,97
2024-10-25T05:53:25+07:00,45887,25,37,22.7,97
2024-10-25T05:53:47+07:00,45888,24,37,22.6,97
2024-10-25T05:54:09+07:00,45889,24,38,22.6,97
2024-10-25T05:54:31+07:00,45890,24,35,22.7,97
2024-10-25T05:54:53+07:00,45891,24,37,22.7,97
2024-10-25T05:55:15+07:00,45892,24,37,22.7,97
2024-10-25T05:55:37+07:00,45893,24,37,22.6,97
2024-10-25T05:55:59+07:00,45894,25,37,22.7,97
2024-10-25T05:56:22+07:00,45895,25,39,22.6,97
2024-10-25T05:56:43+07:00,45896,24,37,22.6,97
2024-10-25T05:57:06+07:00,45897,25,37,22.7,97
2024-10-25T05:57:28+07:00,45898,24,36,22.7,97
2024-10-25T05:57:50+07:00,45899,24,37,22.7,97
2024-10-25T05:58:12+07:00,45900,24,36,22.7,98
2024-10-25T05:58:34+07:00,45901,24,36,22.6,98
2024-10-25T05:58:57+07:00,45902,24,37,22.7,98
2024-10-25T05:59:19+07:00,45903,24,37,22.6,98
2024-10-25T05:59:41+07:00,45904,24,37,22.7,98
2024-10-25T06:00:03+07:00,45905,24,36,22.7,97
2024-10-25T06:00:25+07:00,45906,25,37,22.7,97
2024-10-25T06:00:47+07:00,45907,25,37,22.7,97
2024-10-25T06:01:09+07:00,45908,24,37,22.7,97
2024-10-25T06:01:31+07:00,45909,24,38,22.7,97
2024-10-25T06:01:53+07:00,45910,24,36,22.7,97
2024-10-25T06:02:15+07:00,45911,25,36,22.7,97
2024-10-25T06:02:37+07:00,45912,26,38,22.7,97
2024-10-25T06:02:59+07:00,45913,24,38,22.7,97
2024-10-25T06:03:21+07:00,45914,24,37,22.9,98
2024-10-25T06:03:43+07:00,45915,24,38,23,98
2024-10-25T06:04:05+07:00,45916,24,37,23,98
2024-10-25T06:04:27+07:00,45917,25,37,23,98
2024-10-25T06:04:49+07:00,45918,24,38,23,98
2024-10-25T06:05:11+07:00,45919,25,37,23,98
2024-10-25T06:05:33+07:00,45920,24,37,23,98
2024-10-25T06:05:56+07:00,45921,24,36,23,98
2024-10-25T06:06:18+07:00,45922,24,37,23,98
2024-10-25T06:06:40+07:00,45923,24,36,23,98
2024-10-25T06:07:02+07:00,45924,24,38,23,98
2024-10-25T06:07:24+07:00,45925,25,36,23,98
2024-10-25T06:07:46+07:00,45926,24,38,23,98
2024-10-25T06:08:08+07:00,45927,24,37,23,98
2024-10-25T06:08:30+07:00,45928,24,38,23,98
2024-10-25T06:08:52+07:00,45929,25,39,23,98
2024-10-25T06:09:14+07:00,45930,23,36,23,98
2024-10-25T06:09:37+07:00,45931,24,38,23,98
2024-10-25T06:09:59+07:00,45932,24,38,23,98
2024-10-25T06:10:21+07:00,45933,25,37,23,98
2024-10-25T06:10:43+07:00,45934,24,37,23,98
2024-10-25T06:11:05+07:00,45935,24,38,23,98
2024-10-25T06:11:27+07:00,45936,23,37,23,98
2024-10-25T06:11:49+07:00,45937,24,37,23,98
2024-10-25T06:12:11+07:00,45938,24,36,23,98
2024-10-25T06:12:33+07:00,45939,24,37,23,97
2024-10-25T06:12:56+07:00,45940,24,37,23,97
2024-10-25T06:13:18+07:00,45941,24,37,23,98
2024-10-25T06:13:40+07:00,45942,24,37,23,98
2024-10-25T06:14:02+07:00,45943,24,36,23,98
2024-10-25T06:14:24+07:00,45944,24,37,23,98
2024-10-25T06:14:46+07:00,45945,24,38,23,98
2024-10-25T06:15:08+07:00,45946,25,37,23,98
2024-10-25T06:15:30+07:00,45947,23,38,23,98
2024-10-25T06:15:52+07:00,45948,24,37,23,98
2024-10-25T06:16:14+07:00,45949,24,37,23,98
2024-10-25T06:16:36+07:00,45950,24,36,23,98
2024-10-25T06:16:59+07:00,45951,25,36,23.1,98
2024-10-25T06:17:21+07:00,45952,24,37,23.2,98
2024-10-25T06:17:44+07:00,45953,25,37,23.4,98
2024-10-25T06:18:06+07:00,45954,24,36,23.4,98
2024-10-25T06:18:28+07:00,45955,24,37,23.4,98
2024-10-25T06:18:50+07:00,45956,25,37,23.4,98
2024-10-25T06:19:13+07:00,45957,24,37,23.4,98
2024-10-25T06:19:35+07:00,45958,24,38,23.4,98
2024-10-25T06:19:57+07:00,45959,24,37,23.4,98
2024-10-25T06:20:19+07:00,45960,24,37,23.4,98
2024-10-25T06:20:42+07:00,45961,24,38,23.4,98
2024-10-25T06:21:03+07:00,45962,23,39,23.4,98
2024-10-25T06:21:25+07:00,45963,23,36,23.4,98
2024-10-25T06:21:48+07:00,45964,24,37,23.4,98
2024-10-25T06:22:10+07:00,45965,24,36,23.4,98
2024-10-25T06:22:32+07:00,45966,24,37,23.4,98
2024-10-25T06:22:54+07:00,45967,24,38,23.4,98
2024-10-25T06:23:16+07:00,45968,24,37,23.4,97
2024-10-25T06:23:38+07:00,45969,24,38,23.4,97
2024-10-25T06:24:00+07:00,45970,25,37,23.4,97
2024-10-25T06:24:22+07:00,45971,25,36,23.4,97
2024-10-25T06:24:44+07:00,45972,24,37,23.4,97
2024-10-25T06:25:06+07:00,45973,25,38,23.4,97
2024-10-25T06:25:28+07:00,45974,24,37,23.4,97
2024-10-25T06:25:50+07:00,45975,24,37,23.4,97
2024-10-25T06:26:13+07:00,45976,24,37,23.4,97
2024-10-25T06:26:35+07:00,45977,24,39,23.4,97
2024-10-25T06:26:57+07:00,45978,24,44,23.4,97
2024-10-25T06:27:19+07:00,45979,23,37,23.4,97
2024-10-25T06:27:41+07:00,45980,24,39,23.4,97
2024-10-25T06:28:04+07:00,45981,24,38,23.4,97
2024-10-25T06:28:26+07:00,45982,25,38,23.4,97
2024-10-25T06:28:48+07:00,45983,24,38,23.4,97
2024-10-25T06:29:10+07:00,45984,23,37,23.4,97
2024-10-25T06:29:32+07:00,45985,24,36,23.4,97
2024-10-25T06:29:55+07:00,45986,23,38,23.6,97
2024-10-25T06:30:17+07:00,45987,24,35,23.7,97
2024-10-25T06:30:39+07:00,45988,25,38,23.8,97
2024-10-25T06:31:01+07:00,45989,24,35,23.8,97
2024-10-25T06:31:24+07:00,45990,24,36,23.8,97
2024-10-25T06:31:46+07:00,45991,24,37,23.8,97
2024-10-25T06:32:08+07:00,45992,25,37,23.8,97
2024-10-25T06:32:31+07:00,45993,25,37,23.8,97
2024-10-25T06:32:53+07:00,45994,25,37,23.8,97
2024-10-25T06:33:15+07:00,45995,24,37,23.8,97
2024-10-25T06:33:38+07:00,45996,24,36,23.8,97
2024-10-25T06:34:00+07:00,45997,24,36,23.8,97
2024-10-25T06:34:22+07:00,45998,24,37,23.8,96
2024-10-25T06:34:45+07:00,45999,24,36,23.8,96
2024-10-25T06:35:07+07:00,46000,24,36,23.8,96
2024-10-25T06:35:29+07:00,46001,24,38,23.8,96
2024-10-25T06:35:51+07:00,46002,23,37,23.8,96
2024-10-25T06:36:13+07:00,46003,24,37,23.8,96
2024-10-25T06:36:36+07:00,46004,23,37,23.8,96
2024-10-25T06:36:58+07:00,46005,24,38,23.8,96
2024-10-25T06:37:20+07:00,46006,24,38,23.8,96
2024-10-25T06:37:43+07:00,46007,24,37,23.8,96
2024-10-25T06:38:05+07:00,46008,23,38,23.8,96
2024-10-25T06:38:27+07:00,46009,24,37,23.8,96
2024-10-25T06:38:50+07:00,46010,24,38,23.8,96
2024-10-25T06:39:12+07:00,46011,24,37,23.8,96
2024-10-25T06:39:34+07:00,46012,24,38,23.8,96
2024-10-25T06:39:57+07:00,46013,23,37,23.8,96
2024-10-25T06:40:19+07:00,46014,25,38,23.8,96
2024-10-25T06:40:41+07:00,46015,23,36,23.8,96
2024-10-25T06:41:04+07:00,46016,24,38,23.8,96
2024-10-25T06:41:27+07:00,46017,23,38,23.8,96
2024-10-25T06:41:49+07:00,46018,24,37,23.8,96
2024-10-25T06:42:11+07:00,46019,24,38,23.8,96
2024-10-25T06:42:33+07:00,46020,24,37,23.8,96
2024-10-25T06:42:56+07:00,46021,24,35,23.8,96
2024-10-25T06:43:17+07:00,46022,25,38,23.8,96
2024-10-25T06:43:40+07:00,46023,24,37,23.8,96
2024-10-25T06:44:02+07:00,46024,24,38,23.8,96
2024-10-25T06:44:24+07:00,46025,24,37,23.8,96
2024-10-25T06:44:46+07:00,46026,24,37,23.8,96
2024-10-25T06:45:08+07:00,46027,24,36,23.8,96
2024-10-25T06:45:30+07:00,46028,24,39,23.8,96
2024-10-25T06:45:53+07:00,46029,24,37,23.8,96
2024-10-25T06:46:15+07:00,46030,24,38,23.8,96
2024-10-25T06:46:37+07:00,46031,23,37,23.8,96
2024-10-25T06:46:59+07:00,46032,24,37,23.8,96
2024-10-25T06:47:22+07:00,46033,23,41,23.8,96
2024-10-25T06:47:44+07:00,46034,24,35,23.8,96
2024-10-25T06:48:06+07:00,46035,24,35,23.8,96
2024-10-25T06:48:28+07:00,46036,24,37,23.8,96
2024-10-25T06:48:51+07:00,46037,24,38,23.8,95
2024-10-25T06:49:13+07:00,46038,24,36,23.8,95
2024-10-25T06:49:35+07:00,46039,23,38,23.8,95
2024-10-25T06:49:57+07:00,46040,24,36,23.8,95
2024-10-25T06:50:19+07:00,46041,24,35,23.8,95
2024-10-25T06:50:42+07:00,46042,24,36,23.8,95
2024-10-25T06:51:04+07:00,46043,24,36,23.8,95
2024-10-25T06:51:26+07:00,46044,25,38,23.8,95
2024-10-25T06:51:48+07:00,46045,23,37,23.8,95
2024-10-25T06:52:10+07:00,46046,24,37,23.8,95
2024-10-25T06:52:32+07:00,46047,24,40,23.8,95
2024-10-25T06:52:55+07:00,46048,25,36,23.8,95
2024-10-25T06:53:17+07:00,46049,24,37,23.8,95
2024-10-25T06:53:40+07:00,46050,24,36,23.8,95
2024-10-25T06:54:03+07:00,46051,23,36,23.8,95
2024-10-25T06:54:25+07:00,46052,24,37,23.8,95
2024-10-25T06:54:48+07:00,46053,24,37,23.8,95
2024-10-25T06:55:10+07:00,46054,23,38,23.8,96
2024-10-25T06:55:33+07:00,46055,23,37,24.1,96
2024-10-25T06:55:55+07:00,46056,23,37,24.1,96
2024-10-25T06:56:18+07:00,46057,22,37,24.1,95
2024-10-25T06:56:40+07:00,46058,23,36,24.1,95
2024-10-25T06:57:02+07:00,46059,23,37,24.1,95
2024-10-25T06:57:25+07:00,46060,25,37,23.8,95
2024-10-25T06:57:47+07:00,46061,23,36,23.8,94
2024-10-25T06:58:09+07:00,46062,24,38,23.8,94
2024-10-25T06:58:32+07:00,46063,23,38,23.8,95
2024-10-25T06:58:54+07:00,46064,24,36,23.8,94
2024-10-25T06:59:16+07:00,46065,24,38,24.1,94
2024-10-25T06:59:39+07:00,46066,22,37,24.1,94
2024-10-25T07:00:01+07:00,46067,23,37,24.1,94
2024-10-25T07:00:24+07:00,46068,22,37,24.1,94
2024-10-25T07:00:47+07:00,46069,23,36,24,94
2024-10-25T07:01:09+07:00,46070,24,38,23.8,94
2024-10-25T07:01:32+07:00,46071,24,37,24.1,94
2024-10-25T07:01:54+07:00,46072,22,36,24.1,94
2024-10-25T07:02:17+07:00,46073,23,36,23.8,94
2024-10-25T07:02:39+07:00,46074,23,37,24,94
2024-10-25T07:03:01+07:00,46075,24,37,24.1,94
2024-10-25T07:03:24+07:00,46076,23,36,24.1,94
2024-10-25T07:03:46+07:00,46077,24,37,24.1,94
2024-10-25T07:04:08+07:00,46078,23,38,24.1,94
2024-10-25T07:04:30+07:00,46079,24,38,24.1,94
2024-10-25T07:04:53+07:00,46080,24,36,24.1,94
2024-10-25T07:05:15+07:00,46081,24,35,24.1,94
2024-10-25T07:05:38+07:00,46082,23,37,24.1,94
2024-10-25T07:06:01+07:00,46083,24,39,24.1,94
2024-10-25T07:06:23+07:00,46084,23,38,24.1,94
2024-10-25T07:06:46+07:00,46085,23,35,24.1,94
2024-10-25T07:07:08+07:00,46086,25,38,24.1,94
2024-10-25T07:07:31+07:00,46087,23,38,24.1,94
2024-10-25T07:07:53+07:00,46088,25,38,24.1,94
2024-10-25T07:08:16+07:00,46089,24,35,24.1,94
2024-10-25T07:08:38+07:00,46090,23,35,24.1,94
2024-10-25T07:09:00+07:00,46091,24,36,24.1,94
2024-10-25T07:09:22+07:00,46092,24,37,24.1,94
2024-10-25T07:09:45+07:00,46093,24,37,24.2,94
2024-10-25T07:10:07+07:00,46094,23,36,24.1,94
2024-10-25T07:10:30+07:00,46095,24,37,24.2,94
2024-10-25T07:10:52+07:00,46096,24,38,24.2,94
2024-10-25T07:11:14+07:00,46097,23,37,24.2,94
2024-10-25T07:11:37+07:00,46098,24,37,24.5,94
2024-10-25T07:12:00+07:00,46099,23,37,24.5,94
2024-10-25T07:12:22+07:00,46100,24,36,24.5,94
2024-10-25T07:12:45+07:00,46101,23,39,24.5,94
2024-10-25T07:13:07+07:00,46102,23,37,24.5,94
2024-10-25T07:13:29+07:00,46103,24,37,24.5,94
2024-10-25T07:13:52+07:00,46104,24,35,24.5,93
2024-10-25T07:14:14+07:00,46105,24,37,24.5,93
2024-10-25T07:14:37+07:00,46106,22,39,24.5,94
2024-10-25T07:14:59+07:00,46107,23,38,24.5,94
2024-10-25T07:15:21+07:00,46108,24,38,24.5,94
2024-10-25T07:15:44+07:00,46109,22,36,24.5,94
2024-10-25T07:16:07+07:00,46110,23,37,24.5,94
2024-10-25T07:16:30+07:00,46111,23,38,24.5,93
2024-10-25T07:16:52+07:00,46112,23,38,24.5,94
2024-10-25T07:17:15+07:00,46113,23,36,24.5,94
2024-10-25T07:17:38+07:00,46114,24,38,24.5,94
2024-10-25T07:18:01+07:00,46115,23,36,24.5,93
2024-10-25T07:18:23+07:00,46116,23,38,24.5,93
2024-10-25T07:18:45+07:00,46117,24,37,24.5,93
2024-10-25T07:19:07+07:00,46118,23,37,24.5,93
2024-10-25T07:19:30+07:00,46119,22,39,24.5,93
2024-10-25T07:19:52+07:00,46120,24,38,24.8,93
2024-10-25T07:20:15+07:00,46121,23,37,24.8,93
2024-10-25T07:20:37+07:00,46122,23,38,24.8,93
2024-10-25T07:20:59+07:00,46123,24,36,24.8,93
2024-10-25T07:21:22+07:00,46124,23,39,24.8,93
2024-10-25T07:21:44+07:00,46125,23,37,24.8,93
2024-10-25T07:22:08+07:00,46126,24,38,24.8,93
2024-10-25T07:22:30+07:00,46127,24,38,24.8,93
2024-10-25T07:22:53+07:00,46128,24,38,24.8,93
2024-10-25T07:23:15+07:00,46129,24,37,24.8,93
2024-10-25T07:23:39+07:00,46130,23,38,24.8,93
2024-10-25T07:24:02+07:00,46131,23,37,24.8,93
2024-10-25T07:24:25+07:00,46132,24,38,24.8,93
2024-10-25T07:25:01+07:00,46133,24,37,24.8,93
2024-10-25T07:25:25+07:00,46134,23,38,24.8,93
2024-10-25T07:25:48+07:00,46135,22,36,24.8,92
2024-10-25T07:26:11+07:00,46136,23,38,24.9,93
2024-10-25T07:26:35+07:00,46137,24,37,24.9,93
2024-10-25T07:27:01+07:00,46138,23,38,25.3,93
2024-10-25T07:27:24+07:00,46139,23,36,25.3,93
2024-10-25T07:28:01+07:00,46140,23,36,25.3,93
2024-10-25T07:28:23+07:00,46141,22,37,25.3,92
2024-10-25T07:28:51+07:00,46142,23,37,25.3,92
2024-10-25T07:29:15+07:00,46143,23,38,25.3,92
2024-10-25T07:29:39+07:00,46144,22,38,25.3,92
2024-10-25T07:30:03+07:00,46145,23,38,25.3,92
2024-10-25T07:30:26+07:00,46146,22,38,25.3,92
2024-10-25T07:30:50+07:00,46147,22,38,25.3,91
2024-10-25T07:31:12+07:00,46148,24,37,25.3,91
2024-10-25T07:31:35+07:00,46149,23,38,25.3,91
2024-10-25T07:31:57+07:00,46150,23,37,25.3,91
2024-10-25T07:32:20+07:00,46151,23,36,25.3,92
2024-10-25T07:32:43+07:00,46152,22,39,25.3,91
2024-10-25T07:33:05+07:00,46153,24,37,25.3,90
2024-10-25T07:33:27+07:00,46154,22,37,25.3,91
2024-10-25T07:33:50+07:00,46155,22,37,25.3,90
2024-10-25T07:34:13+07:00,46156,22,38,25.3,90
2024-10-25T07:34:35+07:00,46157,22,38,25.3,90
2024-10-25T07:34:57+07:00,46158,24,38,25.3,90
2024-10-25T07:35:19+07:00,46159,22,39,25.3,91
2024-10-25T07:35:42+07:00,46160,22,38,25.3,91
2024-10-25T07:36:04+07:00,46161,22,39,25.3,91
2024-10-25T07:36:27+07:00,46162,23,36,25.3,90
2024-10-25T07:36:50+07:00,46163,23,38,25.3,89
2024-10-25T07:37:12+07:00,46164,23,38,25.3,89
2024-10-25T07:37:35+07:00,46165,23,38,25.3,89
2024-10-25T07:37:57+07:00,46166,24,37,25.3,90
2024-10-25T07:38:20+07:00,46167,23,37,25.3,89
2024-10-25T07:38:43+07:00,46168,23,38,25.3,89
2024-10-25T07:39:06+07:00,46169,24,36,25.3,89
2024-10-25T07:39:28+07:00,46170,23,38,25.3,90
2024-10-25T07:39:51+07:00,46171,23,38,25.3,90
2024-10-25T07:40:14+07:00,46172,23,37,25.3,89
2024-10-25T07:40:37+07:00,46173,22,38,25.3,89
2024-10-25T07:41:00+07:00,46174,22,38,25.3,90
2024-10-25T07:41:22+07:00,46175,23,37,25.3,90
2024-10-25T07:41:45+07:00,46176,22,38,25.6,90
2024-10-25T07:42:08+07:00,46177,23,39,25.8,90
2024-10-25T07:42:32+07:00,46178,23,38,25.8,90
2024-10-25T07:42:54+07:00,46179,23,38,25.8,90
2024-10-25T07:43:17+07:00,46180,24,39,25.8,90
2024-10-25T07:43:41+07:00,46181,22,36,25.8,90
2024-10-25T07:44:04+07:00,46182,22,37,25.8,89
2024-10-25T07:44:27+07:00,46183,24,38,25.8,89
2024-10-25T07:44:50+07:00,46184,23,37,25.8,89
2024-10-25T07:45:29+07:00,46185,23,38,25.8,89
2024-10-25T07:45:53+07:00,46186,22,38,25.8,89
2024-10-25T07:46:16+07:00,46187,22,39,25.8,89
2024-10-25T07:46:40+07:00,46188,22,38,25.8,89
2024-10-25T07:47:03+07:00,46189,23,38,25.8,89
2024-10-25T07:47:27+07:00,46190,24,39,25.8,89
2024-10-25T07:47:51+07:00,46191,23,36,25.8,89
2024-10-25T07:48:14+07:00,46192,22,38,25.8,89
2024-10-25T07:48:40+07:00,46193,22,37,25.9,88
2024-10-25T07:49:04+07:00,46194,23,37,26.2,88
2024-10-25T07:49:27+07:00,46195,23,38,26.2,88
2024-10-25T07:49:50+07:00,46196,23,37,26.2,87
2024-10-25T07:50:14+07:00,46197,23,37,26.2,88
2024-10-25T07:50:37+07:00,46198,22,37,26.2,88
2024-10-25T07:51:00+07:00,46199,22,37,26.2,87
2024-10-25T07:51:24+07:00,46200,24,37,26.2,87
2024-10-25T07:51:48+07:00,46201,23,37,26.2,87
2024-10-25T07:52:10+07:00,46202,22,37,26.2,86
2024-10-25T07:52:34+07:00,46203,22,37,26.2,87
2024-10-25T07:53:13+07:00,46204,22,37,26.2,86
2024-10-25T07:53:37+07:00,46205,23,37,26.2,86
2024-10-25T07:54:00+07:00,46206,22,38,26.2,86
2024-10-25T07:54:23+07:00,46207,22,37,26.2,87
2024-10-25T07:54:46+07:00,46208,23,39,26.2,87
2024-10-25T07:55:09+07:00,46209,23,37,26.2,86
2024-10-25T07:55:33+07:00,46210,22,38,26.2,85
2024-10-25T07:55:55+07:00,46211,22,36,26.2,85
2024-10-25T07:56:18+07:00,46212,22,37,26.2,86
2024-10-25T07:56:42+07:00,46213,23,37,26.2,86
2024-10-25T07:57:05+07:00,46214,22,37,26.2,86
2024-10-25T07:57:28+07:00,46215,22,38,26.2,86
2024-10-25T07:57:51+07:00,46216,22,38,26.2,86
2024-10-25T07:58:14+07:00,46217,22,39,26.2,86
2024-10-25T07:58:36+07:00,46218,23,38,26.2,86
2024-10-25T07:58:59+07:00,46219,23,39,26.2,85
2024-10-25T07:59:23+07:00,46220,22,39,26.2,86
2024-10-25T07:59:48+07:00,46221,23,38,26.2,86
2024-10-25T08:00:26+07:00,46222,21,38,26.2,85
2024-10-25T08:01:07+07:00,46223,23,37,26.2,85
2024-10-25T08:01:30+07:00,46224,22,37,26.2,85
2024-10-25T08:01:53+07:00,46225,23,37,26.3,85
2024-10-25T08:02:17+07:00,46226,22,37,26.3,86
2024-10-25T08:02:40+07:00,46227,23,36,26.3,86
2024-10-25T08:03:03+07:00,46228,22,40,26.2,85
2024-10-25T08:03:26+07:00,46229,23,39,26.3,85
2024-10-25T08:03:50+07:00,46230,22,38,26.3,85
2024-10-25T08:04:13+07:00,46231,23,38,26.3,86
2024-10-25T08:04:36+07:00,46232,22,38,26.7,86
2024-10-25T08:04:59+07:00,46233,21,38,26.7,86
2024-10-25T08:05:23+07:00,46234,21,37,26.7,86
2024-10-25T08:05:46+07:00,46235,22,39,26.7,85
2024-10-25T08:06:08+07:00,46236,22,38,26.7,85
2024-10-25T08:06:32+07:00,46237,22,37,26.7,85
2024-10-25T08:06:55+07:00,46238,21,39,26.7,84
2024-10-25T08:07:18+07:00,46239,23,39,26.7,83
2024-10-25T08:07:41+07:00,46240,22,37,26.7,83
2024-10-25T08:08:21+07:00,46241,23,37,26.7,84
2024-10-25T08:08:51+07:00,46242,22,40,26.7,84
2024-10-25T08:09:16+07:00,46243,22,39,26.7,85
2024-10-25T08:09:39+07:00,46244,22,38,26.7,85
2024-10-25T08:10:03+07:00,46245,23,37,26.7,85
2024-10-25T08:10:27+07:00,46246,22,38,26.7,85
2024-10-25T08:10:50+07:00,46247,22,38,26.7,85
2024-10-25T08:11:13+07:00,46248,21,38,26.7,85
2024-10-25T08:11:50+07:00,46249,22,40,26.7,85
2024-10-25T08:12:13+07:00,46250,22,37,26.7,85
2024-10-25T08:12:36+07:00,46251,21,38,26.7,85
2024-10-25T08:13:00+07:00,46252,23,39,26.7,85
2024-10-25T08:13:24+07:00,46253,22,38,26.7,85
2024-10-25T08:13:49+07:00,46254,22,39,26.7,85
2024-10-25T08:14:12+07:00,46255,22,39,26.7,85
2024-10-25T08:14:35+07:00,46256,21,36,26.7,85
2024-10-25T08:14:59+07:00,46257,22,35,26.7,84
2024-10-25T08:15:21+07:00,46258,22,38,26.7,84
2024-10-25T08:15:45+07:00,46259,23,39,26.7,84
2024-10-25T08:16:07+07:00,46260,23,39,26.7,84
2024-10-25T08:16:30+07:00,46261,22,37,26.7,85
2024-10-25T08:16:53+07:00,46262,22,38,26.7,85
2024-10-25T08:17:15+07:00,46263,22,38,26.7,83
2024-10-25T08:17:38+07:00,46264,22,38,26.7,83
2024-10-25T08:18:01+07:00,46265,22,39,26.7,83
2024-10-25T08:18:24+07:00,46266,21,38,26.7,84
2024-10-25T08:18:47+07:00,46267,22,38,26.7,84
2024-10-25T08:19:12+07:00,46268,21,39,26.7,83
2024-10-25T08:19:34+07:00,46269,21,38,26.7,84
2024-10-25T08:19:57+07:00,46270,23,36,26.7,85
2024-10-25T08:20:20+07:00,46271,21,37,26.7,85
2024-10-25T08:22:02+07:00,46272,22,36,26.7,83
2024-10-25T08:22:43+07:00,46273,23,36,26.7,83
2024-10-25T08:23:07+07:00,46274,22,37,26.7,82
2024-10-25T08:23:30+07:00,46275,23,38,27.1,84
2024-10-25T08:23:53+07:00,46276,21,39,27.1,84
2024-10-25T08:24:16+07:00,46277,22,37,27.1,83
2024-10-25T08:24:39+07:00,46278,22,39,27.1,82
2024-10-25T08:25:05+07:00,46279,21,37,27.1,83
2024-10-25T08:25:27+07:00,46280,22,38,27.1,82
2024-10-25T08:25:50+07:00,46281,21,38,27.1,82
2024-10-25T08:26:13+07:00,46282,22,37,27.1,82
2024-10-25T08:26:36+07:00,46283,21,38,27.1,82
2024-10-25T08:26:59+07:00,46284,22,38,27.1,81
2024-10-25T08:27:21+07:00,46285,21,37,27.1,81
2024-10-25T08:27:44+07:00,46286,22,37,27.1,81
2024-10-25T08:28:08+07:00,46287,21,38,27.1,81
2024-10-25T08:28:30+07:00,46288,21,37,27.1,81
2024-10-25T08:28:54+07:00,46289,22,37,27.1,81
2024-10-25T08:29:16+07:00,46290,22,39,27.1,81
2024-10-25T08:29:42+07:00,46291,22,37,27.1,81
2024-10-25T08:30:05+07:00,46292,21,39,27.1,81
2024-10-25T08:30:27+07:00,46293,21,37,27.1,81
2024-10-25T08:30:50+07:00,46294,21,36,27.1,81
2024-10-25T08:31:12+07:00,46295,21,37,27.1,81
2024-10-25T08:31:35+07:00,46296,21,37,27.1,81
2024-10-25T08:31:57+07:00,46297,21,39,27.1,81
2024-10-25T08:32:21+07:00,46298,22,37,27.1,81
2024-10-25T08:32:44+07:00,46299,22,37,27.1,81
2024-10-25T08:33:07+07:00,46300,20,38,27.1,81
2024-10-25T08:33:29+07:00,46301,22,38,27.2,81
2024-10-25T08:33:55+07:00,46302,21,37,27.1,81
2024-10-25T08:34:18+07:00,46303,22,39,27.1,81
2024-10-25T08:34:41+07:00,46304,21,38,27.1,81
2024-10-25T08:35:03+07:00,46305,23,38,27.2,81
2024-10-25T08:35:26+07:00,46306,22,38,27.2,82
2024-10-25T08:35:48+07:00,46307,22,37,27.2,81
2024-10-25T08:36:11+07:00,46308,21,37,27.1,81
2024-10-25T08:36:33+07:00,46309,21,39,27.1,83
2024-10-25T08:36:56+07:00,46310,22,37,26.7,85
2024-10-25T08:37:19+07:00,46311,21,39,26.7,89
2024-10-25T08:37:42+07:00,46312,21,38,26.2,90
2024-10-25T08:38:05+07:00,46313,23,38,26.2,90
2024-10-25T08:38:28+07:00,46314,21,37,25.8,91
2024-10-25T08:38:50+07:00,46315,21,37,25.8,92
2024-10-25T08:39:13+07:00,46316,21,37,25.8,93
2024-10-25T08:39:36+07:00,46317,21,36,25.8,93
2024-10-25T08:39:58+07:00,46318,21,38,25.8,93
2024-10-25T08:40:23+07:00,46319,21,39,25.8,93
2024-10-25T08:41:16+07:00,46320,22,39,25.3,93
2024-10-25T08:41:39+07:00,46321,22,39,25.3,93
2024-10-25T08:42:02+07:00,46322,22,38,25.3,94
2024-10-25T08:42:24+07:00,46323,22,39,25.3,94
2024-10-25T08:42:48+07:00,46324,22,38,25.3,94
2024-10-25T08:43:10+07:00,46325,22,38,25.3,94
2024-10-25T08:43:34+07:00,46326,21,37,25.3,94
2024-10-25T08:43:56+07:00,46327,22,37,25.3,95
2024-10-25T08:44:18+07:00,46328,22,38,25.3,95
2024-10-25T08:44:41+07:00,46329,22,36,25.3,95
2024-10-25T08:45:03+07:00,46330,22,39,25.3,96
2024-10-25T08:45:26+07:00,46331,22,37,25.3,96
2024-10-25T08:45:48+07:00,46332,21,38,25.3,95
2024-10-25T08:46:11+07:00,46333,22,39,25.3,95
2024-10-25T08:46:34+07:00,46334,21,38,25.3,95
2024-10-25T08:46:56+07:00,46335,21,39,25.3,95
2024-10-25T08:47:19+07:00,46336,21,37,25.3,95
2024-10-25T08:47:41+07:00,46337,21,36,25.8,95
2024-10-25T08:48:03+07:00,46338,22,39,25.8,96
2024-10-25T08:48:25+07:00,46339,20,37,25.8,96
2024-10-25T08:48:47+07:00,46340,21,39,25.8,95
2024-10-25T08:49:10+07:00,46341,21,40,25.8,95
2024-10-25T08:49:33+07:00,46342,21,37,25.8,95
2024-10-25T08:49:55+07:00,46343,21,39,25.8,96
2024-10-25T08:50:17+07:00,46344,21,37,25.8,96
2024-10-25T08:50:40+07:00,46345,22,39,26.2,96
2024-10-25T08:51:02+07:00,46346,21,38,26.2,95
2024-10-25T08:51:24+07:00,46347,22,37,26.2,95
2024-10-25T08:51:46+07:00,46348,22,38,26.2,95
2024-10-25T08:52:09+07:00,46349,22,38,26.2,94
2024-10-25T08:52:31+07:00,46350,22,38,26.2,94
2024-10-25T08:52:53+07:00,46351,21,38,26.2,93
2024-10-25T08:53:16+07:00,46352,22,37,26.2,93
2024-10-25T08:53:38+07:00,46353,21,38,26.2,93
2024-10-25T08:54:00+07:00,46354,21,38,26.3,93
2024-10-25T08:54:22+07:00,46355,22,39,26.3,92
2024-10-25T08:54:45+07:00,46356,21,37,26.7,92
2024-10-25T08:55:07+07:00,46357,22,38,26.7,92
2024-10-25T08:55:29+07:00,46358,21,39,26.7,92
2024-10-25T08:55:52+07:00,46359,21,39,26.7,92
2024-10-25T08:56:14+07:00,46360,22,37,26.7,90
2024-10-25T08:56:36+07:00,46361,21,39,26.7,89
2024-10-25T08:56:59+07:00,46362,21,38,26.7,89
2024-10-25T08:57:21+07:00,46363,22,39,26.7,88
2024-10-25T08:57:44+07:00,46364,22,39,26.7,87
2024-10-25T08:58:07+07:00,46365,20,38,26.7,87
2024-10-25T08:58:29+07:00,46366,22,39,27.1,87
2024-10-25T08:58:51+07:00,46367,21,39,27.1,87
2024-10-25T08:59:13+07:00,46368,21,37,27.1,86
2024-10-25T08:59:36+07:00,46369,21,39,27.1,85
2024-10-25T09:00:01+07:00,46370,20,38,27.1,86
2024-10-25T09:00:24+07:00,46371,21,38,27.1,85
2024-10-25T09:00:46+07:00,46372,21,37,27.1,84
2024-10-25T09:01:08+07:00,46373,21,37,27.1,85
2024-10-25T09:01:31+07:00,46374,20,37,27.1,84
2024-10-25T09:01:54+07:00,46375,21,38,27.1,85
2024-10-25T09:02:16+07:00,46376,20,38,27.1,85
2024-10-25T09:02:38+07:00,46377,21,38,27.1,87
2024-10-25T09:03:01+07:00,46378,21,38,27.1,87
2024-10-25T09:03:23+07:00,46379,21,37,27.1,87
2024-10-25T09:03:47+07:00,46380,21,37,27.1,85
2024-10-25T09:04:10+07:00,46381,21,39,27.1,86
2024-10-25T09:04:32+07:00,46382,21,39,27.1,87
2024-10-25T09:04:54+07:00,46383,22,37,27.1,85
2024-10-25T09:05:17+07:00,46384,22,39,27.1,85
2024-10-25T09:05:39+07:00,46385,21,38,27.1,85
2024-10-25T09:06:01+07:00,46386,21,36,27.1,85
2024-10-25T09:06:23+07:00,46387,21,37,27.1,85
2024-10-25T09:06:46+07:00,46388,22,39,27.1,85
2024-10-25T09:07:08+07:00,46389,22,36,27.1,85
2024-10-25T09:07:30+07:00,46390,21,39,27.2,84
2024-10-25T09:07:53+07:00,46391,21,38,27.2,85
2024-10-25T09:08:15+07:00,46392,20,37,27.2,85
2024-10-25T09:08:38+07:00,46393,22,38,27.2,85
2024-10-25T09:09:00+07:00,46394,22,37,27.6,85
2024-10-25T09:09:22+07:00,46395,21,38,27.6,85
2024-10-25T09:09:45+07:00,46396,21,39,27.6,85
2024-10-25T09:10:07+07:00,46397,21,38,27.6,85
2024-10-25T09:10:29+07:00,46398,21,38,27.6,85
2024-10-25T09:10:52+07:00,46399,21,37,27.6,85
2024-10-25T09:11:14+07:00,46400,20,39,27.6,84
2024-10-25T09:11:36+07:00,46401,22,38,27.6,85
2024-10-25T09:11:58+07:00,46402,21,37,27.6,85
2024-10-25T09:12:20+07:00,46403,21,38,27.6,85
2024-10-25T09:12:42+07:00,46404,20,37,27.6,85
2024-10-25T09:13:05+07:00,46405,21,38,27.6,84
2024-10-25T09:13:28+07:00,46406,21,37,27.6,84
2024-10-25T09:13:50+07:00,46407,21,39,27.6,83
2024-10-25T09:14:13+07:00,46408,21,40,27.6,82
2024-10-25T09:14:36+07:00,46409,21,38,27.6,82
2024-10-25T09:15:01+07:00,46410,21,39,27.6,83
2024-10-25T09:15:25+07:00,46411,20,38,27.6,84
2024-10-25T09:15:47+07:00,46412,21,39,27.6,84
2024-10-25T09:16:09+07:00,46413,21,37,27.6,82
2024-10-25T09:16:31+07:00,46414,20,38,27.6,81
2024-10-25T09:16:54+07:00,46415,21,38,27.6,81
2024-10-25T09:17:16+07:00,46416,22,39,27.6,81
2024-10-25T09:17:38+07:00,46417,21,38,27.6,81
2024-10-25T09:18:01+07:00,46418,21,39,27.6,81
2024-10-25T09:18:24+07:00,46419,21,38,27.6,81
2024-10-25T09:18:46+07:00,46420,20,39,27.6,83
2024-10-25T09:19:08+07:00,46421,20,38,27.6,82
2024-10-25T09:19:30+07:00,46422,22,38,27.6,81
2024-10-25T09:19:53+07:00,46423,22,38,27.6,80
2024-10-25T09:20:18+07:00,46424,21,38,27.6,80
2024-10-25T09:20:40+07:00,46425,21,40,27.6,81
2024-10-25T09:21:03+07:00,46426,21,38,27.6,81
2024-10-25T09:21:25+07:00,46427,20,39,27.7,81
2024-10-25T09:21:47+07:00,46428,20,39,28,80
2024-10-25T09:22:10+07:00,46429,21,39,28,80
2024-10-25T09:22:32+07:00,46430,20,38,28,80
2024-10-25T09:22:54+07:00,46431,20,38,28,81
2024-10-25T09:23:17+07:00,46432,21,37,28,80
2024-10-25T09:23:39+07:00,46433,21,38,28,81
2024-10-25T09:24:02+07:00,46434,20,36,28,82
2024-10-25T09:24:24+07:00,46435,21,36,28,82
2024-10-25T09:24:46+07:00,46436,21,39,28,80
2024-10-25T09:25:08+07:00,46437,21,37,28,79
2024-10-25T09:25:31+07:00,46438,21,38,28,78
2024-10-25T09:25:53+07:00,46439,21,38,28,79
2024-10-25T09:26:16+07:00,46440,20,38,28,79
2024-10-25T09:26:38+07:00,46441,21,39,28,79
2024-10-25T09:27:00+07:00,46442,21,38,28,80
2024-10-25T09:27:22+07:00,46443,20,37,28,80
2024-10-25T09:27:45+07:00,46444,21,38,28.5,81
2024-10-25T09:28:07+07:00,46445,21,38,28.5,82
2024-10-25T09:28:28+07:00,46446,21,39,28.5,82
2024-10-25T09:28:51+07:00,46447,20,39,28.5,82
2024-10-25T09:29:13+07:00,46448,21,39,28.5,81
2024-10-25T09:29:35+07:00,46449,21,38,28.5,79
2024-10-25T09:29:57+07:00,46450,21,39,28.5,80
2024-10-25T09:30:19+07:00,46451,21,37,28.5,80
2024-10-25T09:30:42+07:00,46452,21,39,28.5,80
2024-10-25T09:31:04+07:00,46453,21,39,28.5,80
2024-10-25T09:31:26+07:00,46454,20,39,28.5,80
2024-10-25T09:31:48+07:00,46455,20,37,28.5,80
2024-10-25T09:32:11+07:00,46456,19,39,28.5,80
2024-10-25T09:32:33+07:00,46457,20,39,28.5,80
2024-10-25T09:32:55+07:00,46458,21,39,28.5,80
2024-10-25T09:33:18+07:00,46459,20,39,28.5,80
2024-10-25T09:33:40+07:00,46460,20,38,28.5,79
2024-10-25T09:34:02+07:00,46461,20,38,28.5,80
2024-10-25T09:34:24+07:00,46462,20,39,28.5,80
2024-10-25T09:34:46+07:00,46463,21,38,28.5,79
2024-10-25T09:35:09+07:00,46464,22,38,28.7,80
2024-10-25T09:35:31+07:00,46465,21,37,28.6,79
2024-10-25T09:35:53+07:00,46466,20,38,28.6,79
2024-10-25T09:36:16+07:00,46467,20,40,28.5,77
2024-10-25T09:36:38+07:00,46468,21,37,28.5,77
2024-10-25T09:37:00+07:00,46469,21,39,28.5,76
2024-10-25T09:37:22+07:00,46470,20,40,28.5,76
2024-10-25T09:37:44+07:00,46471,20,38,28.5,76
2024-10-25T09:38:07+07:00,46472,21,37,28.5,76
2024-10-25T09:38:30+07:00,46473,22,38,28.5,75
2024-10-25T09:38:52+07:00,46474,20,39,28.5,74
2024-10-25T09:39:14+07:00,46475,21,39,28.5,76
2024-10-25T09:39:36+07:00,46476,22,41,28.5,76
2024-10-25T09:39:59+07:00,46477,21,38,28.5,75
2024-10-25T09:40:21+07:00,46478,21,39,28.5,74
2024-10-25T09:40:43+07:00,46479,20,39,28.5,74
2024-10-25T09:41:05+07:00,46480,20,38,28.5,73
2024-10-25T09:41:27+07:00,46481,22,39,28.5,72
2024-10-25T09:41:49+07:00,46482,21,39,28.5,72
2024-10-25T09:42:12+07:00,46483,21,38,28.5,72
2024-10-25T09:42:34+07:00,46484,21,38,28,71
2024-10-25T09:42:56+07:00,46485,22,39,28,71
2024-10-25T09:43:18+07:00,46486,22,38,27.6,72
2024-10-25T09:43:40+07:00,46487,21,39,27.6,72
2024-10-25T09:44:02+07:00,46488,21,39,27.6,72
2024-10-25T09:44:24+07:00,46489,21,38,27.2,72
2024-10-25T09:44:47+07:00,46490,20,38,27.1,72
2024-10-25T09:45:09+07:00,46491,22,37,27.1,72
2024-10-25T09:45:31+07:00,46492,21,39,27.1,72
2024-10-25T09:45:53+07:00,46493,22,38,27.1,72
2024-10-25T09:46:15+07:00,46494,22,38,27.1,73
2024-10-25T09:46:37+07:00,46495,20,38,27.6,73
2024-10-25T09:46:59+07:00,46496,21,39,27.6,76
2024-10-25T09:47:22+07:00,46497,21,38,27.6,75
2024-10-25T09:47:44+07:00,46498,20,37,27.6,73
2024-10-25T09:48:06+07:00,46499,21,40,27.6,73
2024-10-25T09:48:28+07:00,46500,21,37,27.6,73
2024-10-25T09:48:51+07:00,46501,21,39,27.6,72
2024-10-25T09:49:13+07:00,46502,21,39,27.6,72
2024-10-25T09:49:36+07:00,46503,21,40,28,73
2024-10-25T09:49:58+07:00,46504,21,39,28,74
2024-10-25T09:50:20+07:00,46505,21,38,28,75
2024-10-25T09:50:42+07:00,46506,21,40,28,75
2024-10-25T09:51:04+07:00,46507,21,39,28,75
2024-10-25T09:51:26+07:00,46508,20,39,28.1,72
2024-10-25T09:51:49+07:00,46509,21,39,28.5,72
2024-10-25T09:52:11+07:00,46510,20,39,28.5,72
2024-10-25T09:52:33+07:00,46511,22,39,28.5,72
2024-10-25T09:52:55+07:00,46512,21,37,28.5,72
2024-10-25T09:53:17+07:00,46513,21,39,28.5,71
2024-10-25T09:53:39+07:00,46514,20,39,28.5,70
2024-10-25T09:54:01+07:00,46515,22,39,28.5,71
2024-10-25T09:54:23+07:00,46516,21,38,28.5,70
2024-10-25T09:54:45+07:00,46517,21,38,28.5,70
2024-10-25T09:55:07+07:00,46518,20,38,28.5,69
2024-10-25T09:55:29+07:00,46519,21,39,28.5,68
2024-10-25T09:55:52+07:00,46520,20,38,28.5,68
2024-10-25T09:56:14+07:00,46521,21,38,28.5,68
2024-10-25T09:56:36+07:00,46522,20,39,28.5,69
2024-10-25T09:56:58+07:00,46523,20,37,28.5,70
2024-10-25T09:57:20+07:00,46524,21,37,28.5,71
2024-10-25T09:57:43+07:00,46525,21,38,28.5,71
2024-10-25T09:58:05+07:00,46526,20,38,28.9,71
2024-10-25T09:58:27+07:00,46527,20,39,28.9,71
2024-10-25T09:58:50+07:00,46528,21,39,28.9,71
2024-10-25T09:59:12+07:00,46529,20,40,28.9,72
2024-10-25T09:59:34+07:00,46530,21,40,28.9,71
2024-10-25T09:59:56+07:00,46531,20,37,29,71
2024-10-25T10:00:19+07:00,46532,20,39,29.3,71
2024-10-25T10:00:40+07:00,46533,20,38,29.3,71
2024-10-25T10:01:03+07:00,46534,20,39,29.3,71
2024-10-25T10:01:26+07:00,46535,20,39,29.3,72
2024-10-25T10:01:48+07:00,46536,19,38,29.4,72
2024-10-25T10:02:10+07:00,46537,21,39,29.8,72
2024-10-25T10:02:32+07:00,46538,20,41,29.8,72
2024-10-25T10:02:55+07:00,46539,19,40,29.8,72
2024-10-25T10:03:17+07:00,46540,20,40,29.8,70
2024-10-25T10:03:39+07:00,46541,20,40,29.8,65
2024-10-25T10:04:01+07:00,46542,19,39,29.8,62
2024-10-25T10:04:23+07:00,46543,20,38,29.8,68
2024-10-25T10:04:46+07:00,46544,20,38,29.8,68
2024-10-25T10:05:08+07:00,46545,20,38,29.8,68
2024-10-25T10:05:30+07:00,46546,21,38,29.8,69
2024-10-25T10:05:52+07:00,46547,21,37,29.8,69
2024-10-25T10:06:15+07:00,46548,19,38,29.8,66
2024-10-25T10:06:37+07:00,46549,20,40,29.8,65
2024-10-25T10:07:01+07:00,46550,20,39,30.2,67
2024-10-25T10:07:23+07:00,46551,20,39,30.2,68
2024-10-25T10:07:45+07:00,46552,20,40,30.2,69
2024-10-25T10:08:07+07:00,46553,19,39,30.2,67
2024-10-25T10:08:30+07:00,46554,19,39,30.2,67
2024-10-25T10:08:53+07:00,46555,19,41,30.2,65
2024-10-25T10:09:16+07:00,46556,20,40,30.2,63
2024-10-25T10:09:38+07:00,46557,20,39,30.8,64
2024-10-25T10:10:00+07:00,46558,20,40,30.8,63
2024-10-25T10:10:23+07:00,46559,20,39,30.8,60
2024-10-25T10:10:44+07:00,46560,19,40,30.8,60
2024-10-25T10:11:06+07:00,46561,20,39,30.8,61
2024-10-25T10:11:29+07:00,46562,20,39,30.8,61
2024-10-25T10:11:51+07:00,46563,19,38,30.8,61
2024-10-25T10:12:13+07:00,46564,20,40,30.8,62
2024-10-25T10:12:35+07:00,46565,20,38,30.8,64
2024-10-25T10:12:58+07:00,46566,20,40,31,64
2024-10-25T10:13:20+07:00,46567,20,39,31.3,65
2024-10-25T10:13:42+07:00,46568,19,39,31.3,66
2024-10-25T10:14:04+07:00,46569,19,40,31.3,66
2024-10-25T10:14:26+07:00,46570,19,38,31.8,67
2024-10-25T10:14:48+07:00,46571,20,40,31.8,67
2024-10-25T10:15:11+07:00,46572,19,39,32.3,66
2024-10-25T10:15:33+07:00,46573,19,39,32.4,67
2024-10-25T10:15:56+07:00,46574,19,40,32.8,67
2024-10-25T10:16:18+07:00,46575,18,38,33.3,66
2024-10-25T10:16:40+07:00,46576,20,39,33.3,66
2024-10-25T10:17:02+07:00,46577,20,39,33.8,65
2024-10-25T10:17:24+07:00,46578,20,39,34.2,66
2024-10-25T10:17:46+07:00,46579,19,40,34.7,66
2024-10-25T10:18:09+07:00,46580,19,41,34.7,64
2024-10-25T10:18:31+07:00,46581,19,42,35.2,65
2024-10-25T10:18:53+07:00,46582,19,39,35.3,62
2024-10-25T10:19:15+07:00,46583,21,40,35.6,59
2024-10-25T10:19:38+07:00,46584,20,39,36.3,59
2024-10-25T10:20:00+07:00,46585,19,39,36.9,59
2024-10-25T10:20:35+07:00,46586,20,40,37.4,60
2024-10-25T10:20:57+07:00,46587,19,39,38,63
2024-10-25T10:21:20+07:00,46588,20,40,38.5,60
2024-10-25T10:21:42+07:00,46589,19,40,38.5,57
2024-10-25T10:22:04+07:00,46590,19,38,39,52
2024-10-25T10:22:26+07:00,46591,20,40,38.5,48
2024-10-25T10:22:48+07:00,46592,20,40,38.5,49
2024-10-25T10:23:11+07:00,46593,20,40,38.5,52
2024-10-25T10:23:34+07:00,46594,20,40,39,54
2024-10-25T10:23:57+07:00,46595,19,41,39,49
2024-10-25T10:24:19+07:00,46596,21,40,39,49
2024-10-25T10:24:41+07:00,46597,20,41,39.1,46
2024-10-25T10:25:03+07:00,46598,20,40,38.6,45
2024-10-25T10:25:25+07:00,46599,21,38,38.5,45
2024-10-25T10:25:47+07:00,46600,21,40,38.5,48
2024-10-25T10:26:10+07:00,46601,20,40,38.5,52
2024-10-25T10:26:33+07:00,46602,20,39,39,49
2024-10-25T10:26:57+07:00,46603,19,39,39,53
2024-10-25T10:27:20+07:00,46604,19,40,39,55
2024-10-25T10:27:43+07:00,46605,19,38,39.1,50
2024-10-25T10:28:05+07:00,46606,19,40,39,49
2024-10-25T10:28:28+07:00,46607,19,38,39,46
2024-10-25T10:28:50+07:00,46608,20,40,38.5,45
2024-10-25T10:29:13+07:00,46609,19,38,38,46
2024-10-25T10:29:34+07:00,46610,20,40,37.5,48
2024-10-25T10:29:50+07:00,46611,20,40,37.4,47
2024-10-25T10:30:13+07:00,46612,18,40,37.4,53
2024-10-25T10:30:35+07:00,46613,21,39,37.4,55
2024-10-25T10:30:57+07:00,46614,20,40,37.4,54
2024-10-25T10:31:20+07:00,46615,20,40,37.4,58
2024-10-25T10:31:42+07:00,46616,18,40,37.4,59
2024-10-25T10:32:04+07:00,46617,20,38,37.4,58
2024-10-25T10:32:26+07:00,46618,20,39,37.4,52
2024-10-25T10:32:49+07:00,46619,21,38,36.9,49
2024-10-25T10:33:11+07:00,46620,20,40,35.6,48
2024-10-25T10:33:34+07:00,46621,21,39,35.2,48
2024-10-25T10:33:56+07:00,46622,20,40,34.2,50
2024-10-25T10:34:18+07:00,46623,19,41,33.8,50
2024-10-25T10:34:40+07:00,46624,20,40,33.3,51
2024-10-25T10:35:03+07:00,46625,21,40,32.8,52
2024-10-25T10:35:25+07:00,46626,21,40,32.3,52
2024-10-25T10:35:48+07:00,46627,20,40,31.8,54
2024-10-25T10:36:10+07:00,46628,20,39,31.8,56
2024-10-25T10:36:32+07:00,46629,20,40,31.8,57
2024-10-25T10:36:55+07:00,46630,20,40,31.8,59
2024-10-25T10:37:18+07:00,46631,19,40,31.8,62
2024-10-25T10:37:41+07:00,46632,19,41,31.8,61
2024-10-25T10:38:04+07:00,46633,20,41,32.3,63
2024-10-25T10:38:26+07:00,46634,19,40,32.3,62
2024-10-25T10:38:48+07:00,46635,19,40,32.3,64
2024-10-25T10:39:11+07:00,46636,20,38,32.3,62
2024-10-25T10:39:34+07:00,46637,19,41,32.3,60
2024-10-25T10:39:56+07:00,46638,19,40,32.3,61
2024-10-25T10:40:18+07:00,46639,19,39,32.3,61
2024-10-25T10:40:40+07:00,46640,18,37,32.3,63
2024-10-25T10:41:02+07:00,46641,19,39,32.3,65
2024-10-25T10:41:24+07:00,46642,19,40,32.5,62
2024-10-25T10:41:46+07:00,46643,20,39,32.3,59
2024-10-25T10:42:09+07:00,46644,19,40,32.3,58
2024-10-25T10:42:31+07:00,46645,20,41,32.3,59
2024-10-25T10:42:53+07:00,46646,21,39,32.3,59
2024-10-25T10:43:16+07:00,46647,19,39,31.8,56
2024-10-25T10:43:38+07:00,46648,19,40,31.8,56
2024-10-25T10:44:00+07:00,46649,20,41,31.3,55
2024-10-25T10:44:22+07:00,46650,21,41,30.8,55
2024-10-25T10:44:44+07:00,46651,21,40,30.2,55
2024-10-25T10:45:06+07:00,46652,20,39,29.8,57
2024-10-25T10:45:28+07:00,46653,21,40,29.8,58
2024-10-25T10:45:51+07:00,46654,20,41,29.7,58
2024-10-25T10:46:13+07:00,46655,21,41,29.3,58
2024-10-25T10:46:35+07:00,46656,20,40,29.3,58
2024-10-25T10:46:59+07:00,46657,20,42,29.3,58
2024-10-25T10:47:22+07:00,46658,20,40,29,58
2024-10-25T10:47:45+07:00,46659,21,39,28.9,58
2024-10-25T10:48:08+07:00,46660,20,38,28.9,58
2024-10-25T10:48:31+07:00,46661,21,40,28.9,58
2024-10-25T10:48:53+07:00,46662,21,41,28.9,58
2024-10-25T10:49:15+07:00,46663,20,41,28.9,58
2024-10-25T10:49:38+07:00,46664,21,40,28.9,58
2024-10-25T10:50:00+07:00,46665,21,41,28.9,58
2024-10-25T10:50:23+07:00,46666,21,41,29,60
2024-10-25T10:50:45+07:00,46667,20,39,29.3,59
2024-10-25T10:51:10+07:00,46668,20,40,29.3,58
2024-10-25T10:51:35+07:00,46669,20,40,29.2,58
2024-10-25T10:52:00+07:00,46670,19,40,29.3,59
2024-10-25T10:52:22+07:00,46671,21,40,29.3,63
2024-10-25T10:52:47+07:00,46672,20,39,29.3,63
2024-10-25T10:53:09+07:00,46673,19,40,29.8,66
2024-10-25T10:53:31+07:00,46674,20,42,29.8,66
2024-10-25T10:53:53+07:00,46675,20,39,29.8,66
2024-10-25T10:54:16+07:00,46676,20,40,30.2,66
2024-10-25T10:54:38+07:00,46677,20,41,30.2,62
2024-10-25T10:55:00+07:00,46678,19,41,30.2,61
2024-10-25T10:55:22+07:00,46679,20,40,30.2,61
2024-10-25T10:55:45+07:00,46680,20,41,30.2,61
2024-10-25T10:56:08+07:00,46681,21,39,30.2,62
2024-10-25T10:56:30+07:00,46682,19,40,30.8,60
2024-10-25T10:56:53+07:00,46683,21,40,30.2,57
2024-10-25T10:57:15+07:00,46684,20,39,30.2,59
2024-10-25T10:57:37+07:00,46685,20,41,30.2,59
2024-10-25T10:58:00+07:00,46686,20,40,30.2,60
2024-10-25T10:58:22+07:00,46687,19,40,30.2,57
2024-10-25T10:58:44+07:00,46688,20,38,30.2,57
2024-10-25T10:59:07+07:00,46689,20,42,30.2,58
2024-10-25T10:59:29+07:00,46690,19,39,30.2,59
2024-10-25T10:59:55+07:00,46691,19,41,30.2,62
2024-10-25T11:00:17+07:00,46692,20,39,30.2,62
2024-10-25T11:00:39+07:00,46693,20,41,30.2,62
2024-10-25T11:01:01+07:00,46694,19,38,30.2,61
2024-10-25T11:01:24+07:00,46695,19,40,30.2,60
2024-10-25T11:01:46+07:00,46696,18,40,30.2,61
2024-10-25T11:02:10+07:00,46697,20,40,30.2,60
2024-10-25T11:02:32+07:00,46698,20,39,30.2,60
2024-10-25T11:02:55+07:00,46699,20,42,30.2,58
2024-10-25T11:03:17+07:00,46700,20,40,30.2,58
2024-10-25T11:03:39+07:00,46701,19,41,30.2,57
2024-10-25T11:04:01+07:00,46702,20,40,29.8,56
2024-10-25T11:04:24+07:00,46703,20,39,29.8,56
2024-10-25T11:04:47+07:00,46704,20,39,29.3,57
2024-10-25T11:05:09+07:00,46705,20,41,29.3,57
2024-10-25T11:05:31+07:00,46706,21,41,28.9,57
2024-10-25T11:05:54+07:00,46707,20,40,28.9,57
2024-10-25T11:06:16+07:00,46708,19,41,28.9,58
2024-10-25T11:06:38+07:00,46709,19,41,28.9,61
2024-10-25T11:07:00+07:00,46710,21,41,28.9,63
2024-10-25T11:07:22+07:00,46711,20,41,28.9,63
2024-10-25T11:07:45+07:00,46712,20,40,28.9,62
2024-10-25T11:08:07+07:00,46713,19,41,28.9,62
2024-10-25T11:08:29+07:00,46714,20,40,28.9,62
2024-10-25T11:08:51+07:00,46715,20,41,28.9,62
2024-10-25T11:09:13+07:00,46716,20,40,29.3,63
2024-10-25T11:09:35+07:00,46717,20,42,29.3,61
2024-10-25T11:09:58+07:00,46718,20,42,29,61
2024-10-25T11:10:20+07:00,46719,20,40,28.9,60
2024-10-25T11:10:42+07:00,46720,19,40,29,62
2024-10-25T11:11:04+07:00,46721,20,39,29,63
2024-10-25T11:11:26+07:00,46722,20,42,29,63
2024-10-25T11:11:49+07:00,46723,20,42,29,64
2024-10-25T11:12:11+07:00,46724,19,40,29,64
2024-10-25T11:12:33+07:00,46725,19,41,29,63
2024-10-25T11:12:56+07:00,46726,20,38,29.3,67
2024-10-25T11:13:18+07:00,46727,19,40,29.3,65
2024-10-25T11:13:40+07:00,46728,21,40,28.9,62
2024-10-25T11:14:02+07:00,46729,20,42,28.9,60
2024-10-25T11:14:25+07:00,46730,20,39,28.9,59
2024-10-25T11:14:47+07:00,46731,20,40,28.5,58
2024-10-25T11:15:09+07:00,46732,20,40,28.5,60
2024-10-25T11:15:31+07:00,46733,20,40,28.5,61
2024-10-25T11:15:53+07:00,46734,21,39,28.1,61
2024-10-25T11:16:16+07:00,46735,20,40,28,60
2024-10-25T11:16:38+07:00,46736,20,41,28,60
2024-10-25T11:17:00+07:00,46737,20,40,28,60
2024-10-25T11:17:23+07:00,46738,21,41,28,60
2024-10-25T11:17:45+07:00,46739,21,41,27.6,62
2024-10-25T11:18:08+07:00,46740,20,41,27.6,62
2024-10-25T11:18:30+07:00,46741,20,41,27.6,61
2024-10-25T11:19:06+07:00,46742,20,41,27.6,62
2024-10-25T11:19:29+07:00,46743,19,41,28,61
2024-10-25T11:19:51+07:00,46744,21,41,28,61
2024-10-25T11:20:13+07:00,46745,20,40,28,60
2024-10-25T11:20:36+07:00,46746,20,42,27.6,60
2024-10-25T11:20:58+07:00,46747,20,40,27.6,60
2024-10-25T11:21:20+07:00,46748,20,40,27.6,60
2024-10-25T11:21:42+07:00,46749,22,40,27.6,60
2024-10-25T11:22:05+07:00,46750,19,41,27.6,61
2024-10-25T11:22:27+07:00,46751,21,41,27.6,61
2024-10-25T11:22:49+07:00,46752,19,40,27.6,61
2024-10-25T11:23:12+07:00,46753,20,40,27.6,62
2024-10-25T11:23:34+07:00,46754,21,42,27.6,62
2024-10-25T11:23:56+07:00,46755,21,40,27.6,63
2024-10-25T11:24:19+07:00,46756,21,37,27.6,63
2024-10-25T11:24:41+07:00,46757,20,40,27.6,62
2024-10-25T11:25:03+07:00,46758,20,40,27.6,62
2024-10-25T11:25:26+07:00,46759,20,40,27.6,62
2024-10-25T11:25:48+07:00,46760,20,39,27.6,62
2024-10-25T11:26:10+07:00,46761,20,39,27.6,62
2024-10-25T11:26:32+07:00,46762,20,40,27.6,62
2024-10-25T11:26:54+07:00,46763,20,38,27.6,62
2024-10-25T11:27:16+07:00,46764,20,40,27.6,63
2024-10-25T11:27:38+07:00,46765,20,39,27.6,63
2024-10-25T11:28:01+07:00,46766,20,37,27.6,64
2024-10-25T11:28:23+07:00,46767,19,39,27.6,64
2024-10-25T11:28:46+07:00,46768,20,40,27.6,63
2024-10-25T11:29:08+07:00,46769,20,41,27.6,63
2024-10-25T11:29:31+07:00,46770,20,42,27.6,63
2024-10-25T11:29:53+07:00,46771,20,38,27.6,63
2024-10-25T11:30:15+07:00,46772,21,40,27.6,65
2024-10-25T11:30:37+07:00,46773,20,39,27.6,65
2024-10-25T11:31:02+07:00,46774,20,40,27.6,64
2024-10-25T11:31:24+07:00,46775,20,39,27.6,62
2024-10-25T11:31:46+07:00,46776,21,39,27.6,62
2024-10-25T11:32:08+07:00,46777,21,40,27.6,63
2024-10-25T11:32:31+07:00,46778,19,40,27.6,63
2024-10-25T11:32:53+07:00,46779,21,40,27.6,62
2024-10-25T11:33:17+07:00,46780,20,40,27.2,61
2024-10-25T11:33:39+07:00,46781,20,39,27.1,61
2024-10-25T11:34:01+07:00,46782,21,38,27.1,61
2024-10-25T11:34:24+07:00,46783,21,39,27.1,61
2024-10-25T11:34:46+07:00,46784,20,39,27.1,62
2024-10-25T11:35:09+07:00,46785,20,39,27.1,62
2024-10-25T11:35:31+07:00,46786,21,39,27.1,62
2024-10-25T11:35:54+07:00,46787,20,38,27.1,62
2024-10-25T11:36:19+07:00,46788,20,38,27.1,62
2024-10-25T11:36:41+07:00,46789,20,39,27.1,62
2024-10-25T11:37:04+07:00,46790,21,40,27.1,62
2024-10-25T11:37:28+07:00,46791,21,39,27.1,62
2024-10-25T11:37:51+07:00,46792,21,40,27.1,63
2024-10-25T11:38:13+07:00,46793,20,39,27.1,63
2024-10-25T11:38:36+07:00,46794,20,40,27.1,63
2024-10-25T11:38:58+07:00,46795,20,41,27.1,64
2024-10-25T11:39:20+07:00,46796,21,39,27.1,64
2024-10-25T11:39:42+07:00,46797,20,38,27.2,64
2024-10-25T11:40:05+07:00,46798,20,40,27.6,65
2024-10-25T11:40:27+07:00,46799,19,41,27.6,66
2024-10-25T11:40:49+07:00,46800,20,38,27.6,68
2024-10-25T11:41:11+07:00,46801,20,40,27.6,69
2024-10-25T11:41:34+07:00,46802,20,39,27.6,69
2024-10-25T11:41:56+07:00,46803,20,39,28,67
2024-10-25T11:42:18+07:00,46804,20,40,28,66
2024-10-25T11:42:41+07:00,46805,20,40,28,63
2024-10-25T11:43:03+07:00,46806,20,41,28,65
2024-10-25T11:43:25+07:00,46807,20,38,28,67
2024-10-25T11:43:48+07:00,46808,20,41,28,67
2024-10-25T11:44:10+07:00,46809,19,39,28,66
2024-10-25T11:44:32+07:00,46810,20,40,28,66
2024-10-25T11:44:54+07:00,46811,19,40,28,65
2024-10-25T11:45:17+07:00,46812,20,41,28,66
2024-10-25T11:45:39+07:00,46813,21,39,28,67
2024-10-25T11:46:01+07:00,46814,19,39,28.1,68
2024-10-25T11:46:24+07:00,46815,19,38,28.1,65
2024-10-25T11:46:46+07:00,46816,20,37,28,63
2024-10-25T11:47:08+07:00,46817,21,40,28,64
2024-10-25T11:47:31+07:00,46818,20,38,28,65
2024-10-25T11:47:53+07:00,46819,19,38,28,67
2024-10-25T11:48:16+07:00,46820,19,38,28.1,68
2024-10-25T11:48:38+07:00,46821,20,39,28,65
2024-10-25T11:49:00+07:00,46822,20,39,28,63
2024-10-25T11:49:22+07:00,46823,20,39,28,63
2024-10-25T11:49:44+07:00,46824,20,39,28,62
2024-10-25T11:50:07+07:00,46825,19,39,28,63
2024-10-25T11:50:29+07:00,46826,20,38,28,63
2024-10-25T11:50:51+07:00,46827,19,39,27.9,64
2024-10-25T11:51:13+07:00,46828,20,38,27.6,64
2024-10-25T11:51:35+07:00,46829,21,41,27.6,64
2024-10-25T11:51:58+07:00,46830,19,40,27.6,64
2024-10-25T11:52:20+07:00,46831,19,39,27.6,63
2024-10-25T11:52:42+07:00,46832,20,39,27.6,63
2024-10-25T11:53:04+07:00,46833,20,39,27.6,63
2024-10-25T11:53:26+07:00,46834,21,38,27.6,63
2024-10-25T11:53:49+07:00,46835,20,40,27.6,64
2024-10-25T11:54:11+07:00,46836,21,40,27.6,65
2024-10-25T11:54:33+07:00,46837,20,40,27.6,64
2024-10-25T11:54:55+07:00,46838,20,38,27.6,63
2024-10-25T11:55:17+07:00,46839,20,41,27.6,63
2024-10-25T11:55:39+07:00,46840,20,38,27.6,63
2024-10-25T11:56:02+07:00,46841,20,38,27.6,64
2024-10-25T11:56:24+07:00,46842,21,40,27.7,63
2024-10-25T11:56:46+07:00,46843,21,37,27.7,63
2024-10-25T11:57:08+07:00,46844,20,39,27.6,62
2024-10-25T11:57:30+07:00,46845,20,39,27.6,62
2024-10-25T11:57:52+07:00,46846,20,39,27.6,62
2024-10-25T11:58:14+07:00,46847,20,40,27.6,62
2024-10-25T11:58:37+07:00,46848,18,39,27.6,62
2024-10-25T11:58:59+07:00,46849,20,39,27.7,62
2024-10-25T11:59:21+07:00,46850,19,39,27.9,62
2024-10-25T11:59:43+07:00,46851,20,38,28,61
2024-10-25T12:00:05+07:00,46852,20,39,28,61
2024-10-25T12:00:27+07:00,46853,20,38,28,61
2024-10-25T12:00:49+07:00,46854,20,39,28,61
2024-10-25T12:01:11+07:00,46855,20,39,28,62
2024-10-25T12:01:33+07:00,46856,19,39,28,64
2024-10-25T12:01:55+07:00,46857,19,41,28,64
2024-10-25T12:02:18+07:00,46858,21,38,28,63
2024-10-25T12:02:40+07:00,46859,19,39,28,64
2024-10-25T12:03:02+07:00,46860,19,40,28,64
2024-10-25T12:03:24+07:00,46861,19,40,28,63
2024-10-25T12:03:46+07:00,46862,20,37,28,62
2024-10-25T12:04:08+07:00,46863,20,40,28,62
2024-10-25T12:04:30+07:00,46864,20,40,28,63
2024-10-25T12:04:53+07:00,46865,20,39,28,63
2024-10-25T12:05:15+07:00,46866,19,38,28,62
2024-10-25T12:05:37+07:00,46867,19,37,28,62
2024-10-25T12:05:59+07:00,46868,20,38,27.7,63
2024-10-25T12:06:21+07:00,46869,19,37,27.6,63
2024-10-25T12:06:43+07:00,46870,19,39,27.6,64
2024-10-25T12:07:06+07:00,46871,20,39,27.6,64
2024-10-25T12:07:28+07:00,46872,19,40,27.6,63
2024-10-25T12:07:50+07:00,46873,19,39,27.6,63
2024-10-25T12:08:12+07:00,46874,20,36,27.6,62
2024-10-25T12:08:34+07:00,46875,20,39,27.6,62
2024-10-25T12:08:57+07:00,46876,21,37,27.6,61
2024-10-25T12:09:21+07:00,46877,21,39,27.6,61
2024-10-25T12:09:44+07:00,46878,20,38,27.6,61
2024-10-25T12:10:06+07:00,46879,20,38,27.6,61
2024-10-25T12:10:28+07:00,46880,20,40,27.6,61
2024-10-25T12:10:51+07:00,46881,19,38,27.6,61
2024-10-25T12:11:13+07:00,46882,20,39,27.6,61
2024-10-25T12:11:35+07:00,46883,19,39,27.6,62
2024-10-25T12:11:57+07:00,46884,19,40,27.6,61
2024-10-25T12:12:19+07:00,46885,20,38,27.6,61
2024-10-25T12:12:41+07:00,46886,20,38,27.6,61
2024-10-25T12:13:03+07:00,46887,19,38,27.6,61
2024-10-25T12:13:27+07:00,46888,20,39,27.6,60
2024-10-25T12:13:49+07:00,46889,20,39,27.6,61
2024-10-25T12:14:11+07:00,46890,19,37,27.6,61
2024-10-25T12:14:33+07:00,46891,20,39,27.6,64
2024-10-25T12:14:55+07:00,46892,20,38,27.6,64
2024-10-25T12:15:18+07:00,46893,19,38,27.6,63
2024-10-25T12:15:40+07:00,46894,18,39,27.6,64
2024-10-25T12:16:02+07:00,46895,20,40,27.6,64
2024-10-25T12:16:24+07:00,46896,19,39,27.6,63
2024-10-25T12:16:47+07:00,46897,19,40,27.6,63
2024-10-25T12:17:10+07:00,46898,19,38,27.6,62
2024-10-25T12:17:33+07:00,46899,20,38,27.6,64
2024-10-25T12:17:56+07:00,46900,20,38,27.6,65
2024-10-25T12:18:18+07:00,46901,19,37,27.6,64
2024-10-25T12:18:40+07:00,46902,19,38,27.6,63
2024-10-25T12:19:03+07:00,46903,20,37,27.6,63
2024-10-25T12:19:25+07:00,46904,19,39,27.6,63
2024-10-25T12:19:47+07:00,46905,20,39,27.6,63
2024-10-25T12:20:10+07:00,46906,18,37,27.6,63
2024-10-25T12:20:32+07:00,46907,20,38,27.6,62
2024-10-25T12:20:54+07:00,46908,18,39,27.6,63
2024-10-25T12:21:17+07:00,46909,19,39,27.6,64
2024-10-25T12:21:39+07:00,46910,19,38,27.6,66
2024-10-25T12:22:01+07:00,46911,21,38,27.6,66
2024-10-25T12:22:24+07:00,46912,20,39,27.6,64
2024-10-25T12:22:47+07:00,46913,20,38,27.6,65
2024-10-25T12:23:09+07:00,46914,19,38,27.6,63
2024-10-25T12:23:31+07:00,46915,20,38,27.6,62
2024-10-25T12:23:54+07:00,46916,20,40,27.6,62
2024-10-25T12:24:16+07:00,46917,19,38,27.6,62
2024-10-25T12:24:39+07:00,46918,20,37,27.6,63
2024-10-25T12:25:01+07:00,46919,20,36,27.6,64
2024-10-25T12:25:23+07:00,46920,20,38,27.6,64
2024-10-25T12:25:47+07:00,46921,20,38,27.6,64
2024-10-25T12:26:11+07:00,46922,20,37,27.6,65
2024-10-25T12:26:33+07:00,46923,20,38,27.6,64
2024-10-25T12:26:56+07:00,46924,20,39,27.6,63
2024-10-25T12:27:19+07:00,46925,19,40,27.6,64
2024-10-25T12:27:41+07:00,46926,19,38,27.6,63
2024-10-25T12:28:03+07:00,46927,20,38,27.6,62
2024-10-25T12:28:26+07:00,46928,19,39,27.6,62
2024-10-25T12:28:48+07:00,46929,20,38,27.6,63
2024-10-25T12:29:11+07:00,46930,19,38,27.6,62
2024-10-25T12:29:33+07:00,46931,20,38,27.6,61
2024-10-25T12:29:56+07:00,46932,20,38,27.6,61
2024-10-25T12:30:18+07:00,46933,19,39,27.6,60
2024-10-25T12:30:40+07:00,46934,20,38,27.6,60
2024-10-25T12:31:02+07:00,46935,20,39,27.6,61
2024-10-25T12:31:25+07:00,46936,20,39,27.6,61
2024-10-25T12:31:47+07:00,46937,20,37,27.6,61
2024-10-25T12:32:09+07:00,46938,20,37,27.6,62
2024-10-25T12:32:32+07:00,46939,19,37,27.6,62
2024-10-25T12:32:54+07:00,46940,20,39,27.6,62
2024-10-25T12:33:16+07:00,46941,19,39,27.6,63
2024-10-25T12:33:38+07:00,46942,19,39,27.6,64
2024-10-25T12:34:00+07:00,46943,19,40,27.6,65
2024-10-25T12:34:22+07:00,46944,19,38,27.6,66
2024-10-25T12:34:44+07:00,46945,19,37,27.6,65
2024-10-25T12:35:07+07:00,46946,20,39,27.6,64
2024-10-25T12:35:29+07:00,46947,19,38,27.6,65
2024-10-25T12:35:51+07:00,46948,19,37,27.6,64
2024-10-25T12:36:13+07:00,46949,19,40,27.6,65
2024-10-25T12:36:35+07:00,46950,18,39,27.6,64
2024-10-25T12:36:58+07:00,46951,19,37,27.6,64
2024-10-25T12:37:20+07:00,46952,19,37,27.6,63
2024-10-25T12:37:42+07:00,46953,20,38,27.6,62
2024-10-25T12:38:04+07:00,46954,20,38,27.6,62
2024-10-25T12:38:26+07:00,46955,19,38,27.6,61
2024-10-25T12:38:49+07:00,46956,20,39,27.6,61
2024-10-25T12:39:11+07:00,46957,20,38,27.6,62
2024-10-25T12:39:33+07:00,46958,20,36,27.6,63
2024-10-25T12:39:55+07:00,46959,19,39,27.6,64
2024-10-25T12:40:17+07:00,46960,20,40,27.6,65
2024-10-25T12:40:39+07:00,46961,19,39,27.6,66
2024-10-25T12:41:02+07:00,46962,20,40,27.6,65
2024-10-25T12:41:24+07:00,46963,19,38,27.6,63
2024-10-25T12:41:46+07:00,46964,19,39,27.6,61
2024-10-25T12:42:08+07:00,46965,19,39,27.6,62
2024-10-25T12:42:31+07:00,46966,19,38,27.6,62
2024-10-25T12:42:53+07:00,46967,19,38,27.6,61
2024-10-25T12:43:15+07:00,46968,19,38,27.6,61
2024-10-25T12:43:37+07:00,46969,19,39,27.6,61
2024-10-25T12:44:00+07:00,46970,20,38,27.6,60
2024-10-25T12:44:22+07:00,46971,20,37,27.6,60
2024-10-25T12:44:44+07:00,46972,20,39,27.6,60
2024-10-25T12:45:06+07:00,46973,20,39,27.6,61
2024-10-25T12:45:28+07:00,46974,19,38,27.6,60
2024-10-25T12:45:50+07:00,46975,21,38,27.6,60
2024-10-25T12:46:13+07:00,46976,19,38,27.6,61
2024-10-25T12:46:34+07:00,46977,19,37,27.6,60
2024-10-25T12:46:57+07:00,46978,19,40,27.6,61
2024-10-25T12:47:19+07:00,46979,20,39,27.6,61
2024-10-25T12:47:41+07:00,46980,20,38,27.6,60
2024-10-25T12:48:03+07:00,46981,20,39,27.6,60
2024-10-25T12:48:25+07:00,46982,20,37,27.6,60
2024-10-25T12:48:48+07:00,46983,19,38,27.6,60
2024-10-25T12:49:10+07:00,46984,20,39,27.6,60
2024-10-25T12:49:32+07:00,46985,19,37,27.6,60
2024-10-25T12:49:54+07:00,46986,20,37,27.6,59
2024-10-25T12:50:16+07:00,46987,19,37,27.6,60
2024-10-25T12:50:38+07:00,46988,20,39,27.6,60
2024-10-25T12:51:00+07:00,46989,19,38,27.6,60
2024-10-25T12:51:22+07:00,46990,20,38,27.6,60
2024-10-25T12:51:44+07:00,46991,19,39,27.6,60
2024-10-25T12:52:07+07:00,46992,20,39,27.6,59
2024-10-25T12:52:29+07:00,46993,19,38,27.6,59
2024-10-25T12:52:51+07:00,46994,19,40,27.6,59
2024-10-25T12:53:13+07:00,46995,19,39,27.6,59
2024-10-25T12:53:36+07:00,46996,19,39,27.6,60
2024-10-25T12:53:58+07:00,46997,19,39,27.6,60
2024-10-25T12:54:20+07:00,46998,19,39,27.6,60
2024-10-25T12:54:42+07:00,46999,19,36,27.6,60
2024-10-25T12:55:04+07:00,47000,20,38,27.6,60
2024-10-25T12:55:26+07:00,47001,20,39,27.6,60
2024-10-25T12:55:48+07:00,47002,19,37,27.6,59
2024-10-25T12:56:10+07:00,47003,18,37,27.6,60
2024-10-25T12:56:33+07:00,47004,20,39,28,59
2024-10-25T12:56:55+07:00,47005,19,37,28,58
2024-10-25T12:57:17+07:00,47006,19,40,28,58
2024-10-25T12:57:40+07:00,47007,19,39,28,58
2024-10-25T12:58:02+07:00,47008,20,38,28,61
2024-10-25T12:58:24+07:00,47009,19,37,28,59
2024-10-25T12:58:47+07:00,47010,20,37,28,58
2024-10-25T12:59:09+07:00,47011,20,37,28,58
2024-10-25T12:59:31+07:00,47012,19,39,28,58
2024-10-25T12:59:54+07:00,47013,18,37,28,58
2024-10-25T13:00:16+07:00,47014,19,37,28,58
2024-10-25T13:00:38+07:00,47015,19,38,28,59
2024-10-25T13:01:01+07:00,47016,18,39,28,60
2024-10-25T13:01:23+07:00,47017,19,38,28,60
2024-10-25T13:01:45+07:00,47018,20,39,28,59
2024-10-25T13:02:07+07:00,47019,20,38,28,60
2024-10-25T13:02:29+07:00,47020,20,40,28,59
2024-10-25T13:02:52+07:00,47021,18,40,28,58
2024-10-25T13:03:14+07:00,47022,20,37,27.7,59
2024-10-25T13:03:36+07:00,47023,20,37,27.6,58
2024-10-25T13:03:58+07:00,47024,19,37,28,57
2024-10-25T13:04:20+07:00,47025,18,38,28,57
2024-10-25T13:04:42+07:00,47026,18,40,28,57
2024-10-25T13:05:04+07:00,47027,19,39,28,57
2024-10-25T13:05:27+07:00,47028,20,38,28,57
2024-10-25T13:05:50+07:00,47029,20,39,28,57
2024-10-25T13:06:13+07:00,47030,20,40,28,57
2024-10-25T13:06:36+07:00,47031,18,37,28,57
2024-10-25T13:07:00+07:00,47032,20,40,28,58
2024-10-25T13:07:24+07:00,47033,19,37,28,58
2024-10-25T13:07:46+07:00,47034,18,38,28,58
2024-10-25T13:08:08+07:00,47035,20,38,28,58
2024-10-25T13:08:30+07:00,47036,19,38,28,58
2024-10-25T13:08:52+07:00,47037,20,37,28,57
2024-10-25T13:09:14+07:00,47038,19,36,28,58
2024-10-25T13:09:36+07:00,47039,19,37,28,57
2024-10-25T13:09:58+07:00,47040,19,39,28,58
2024-10-25T13:10:20+07:00,47041,19,39,28,59
2024-10-25T13:10:42+07:00,47042,18,39,28,58
2024-10-25T13:11:04+07:00,47043,19,39,28,58
2024-10-25T13:11:27+07:00,47044,20,37,28,58
2024-10-25T13:11:49+07:00,47045,19,37,28,60
2024-10-25T13:12:12+07:00,47046,19,37,28,61
2024-10-25T13:12:34+07:00,47047,19,38,28,60
2024-10-25T13:12:56+07:00,47048,18,38,28,59
2024-10-25T13:13:19+07:00,47049,19,40,28,59
2024-10-25T13:13:41+07:00,47050,19,38,28,59
2024-10-25T13:14:04+07:00,47051,18,39,27.9,59
2024-10-25T13:14:26+07:00,47052,19,38,27.9,61
2024-10-25T13:14:49+07:00,47053,19,37,28,61
2024-10-25T13:15:11+07:00,47054,19,38,28,60
2024-10-25T13:15:33+07:00,47055,20,37,28,60
2024-10-25T13:15:56+07:00,47056,20,38,28,59
2024-10-25T13:16:19+07:00,47057,19,39,28,58
2024-10-25T13:16:41+07:00,47058,19,37,28,58
2024-10-25T13:17:03+07:00,47059,19,41,28,59
2024-10-25T13:17:26+07:00,47060,19,38,28,60
2024-10-25T13:17:48+07:00,47061,19,38,28,59
2024-10-25T13:18:11+07:00,47062,19,38,28,58
2024-10-25T13:18:33+07:00,47063,19,38,28,58
2024-10-25T13:18:55+07:00,47064,19,38,28,58
2024-10-25T13:19:18+07:00,47065,19,39,28,58
2024-10-25T13:19:41+07:00,47066,20,37,28,57
2024-10-25T13:20:03+07:00,47067,18,37,28,57
2024-10-25T13:20:25+07:00,47068,18,38,28,58
2024-10-25T13:20:52+07:00,47069,19,37,28,60
2024-10-25T13:21:14+07:00,47070,18,37,28,58
2024-10-25T13:21:36+07:00,47071,18,37,28,58
2024-10-25T13:21:58+07:00,47072,19,38,28,57
2024-10-25T13:22:22+07:00,47073,19,38,28,57
2024-10-25T13:22:44+07:00,47074,19,38,28,56
2024-10-25T13:23:06+07:00,47075,19,38,28,57
2024-10-25T13:23:28+07:00,47076,19,38,28,57
2024-10-25T13:23:51+07:00,47077,17,37,28,56
2024-10-25T13:24:13+07:00,47078,20,37,28,58
2024-10-25T13:24:36+07:00,47079,19,36,28,58
2024-10-25T13:24:58+07:00,47080,20,37,28,56
2024-10-25T13:25:20+07:00,47081,19,38,28,56
2024-10-25T13:25:43+07:00,47082,18,39,28.1,57
2024-10-25T13:26:05+07:00,47083,18,38,28.1,57
2024-10-25T13:26:27+07:00,47084,19,36,28.1,57
2024-10-25T13:26:49+07:00,47085,18,37,28.1,57
2024-10-25T13:27:12+07:00,47086,19,37,28.1,56
2024-10-25T13:27:35+07:00,47087,18,38,28.1,56
2024-10-25T13:27:57+07:00,47088,19,39,28.1,56
2024-10-25T13:28:19+07:00,47089,20,38,28.1,56
2024-10-25T13:28:41+07:00,47090,19,38,28.1,56
2024-10-25T13:29:04+07:00,47091,19,36,28.1,56
2024-10-25T13:29:26+07:00,47092,19,37,28,56
2024-10-25T13:29:49+07:00,47093,18,38,28.1,56
2024-10-25T13:30:11+07:00,47094,19,37,28,56
2024-10-25T13:30:33+07:00,47095,19,38,28.1,56
2024-10-25T13:30:56+07:00,47096,19,38,28.1,58
2024-10-25T13:31:18+07:00,47097,19,38,28.1,58
2024-10-25T13:31:41+07:00,47098,19,38,28.1,59
2024-10-25T13:32:03+07:00,47099,18,37,28,59
2024-10-25T13:32:26+07:00,47100,19,38,28,61
2024-10-25T13:32:48+07:00,47101,19,37,28,61
2024-10-25T13:33:11+07:00,47102,18,40,28,61
2024-10-25T13:33:34+07:00,47103,19,37,28,58
2024-10-25T13:33:56+07:00,47104,18,37,28,57
2024-10-25T13:34:19+07:00,47105,20,37,28,58
2024-10-25T13:34:42+07:00,47106,20,36,28,57
2024-10-25T13:35:04+07:00,47107,18,38,28,58
2024-10-25T13:35:26+07:00,47108,18,39,28,59
2024-10-25T13:35:49+07:00,47109,18,38,28,60
2024-10-25T13:36:11+07:00,47110,18,38,28,60
2024-10-25T13:36:34+07:00,47111,18,39,28,58
2024-10-25T13:36:56+07:00,47112,19,38,28,58
2024-10-25T13:37:18+07:00,47113,17,39,28,58
2024-10-25T13:37:40+07:00,47114,19,37,28,58
2024-10-25T13:38:03+07:00,47115,19,38,28,57
2024-10-25T13:38:25+07:00,47116,19,38,28,57
2024-10-25T13:38:48+07:00,47117,18,39,28,57
2024-10-25T13:39:10+07:00,47118,19,38,28,57
2024-10-25T13:39:33+07:00,47119,18,38,28,57
2024-10-25T13:39:55+07:00,47120,18,36,28,58
2024-10-25T13:40:18+07:00,47121,19,38,28,58
2024-10-25T13:40:40+07:00,47122,18,37,28.1,57
2024-10-25T13:41:03+07:00,47123,18,37,28,57
2024-10-25T13:41:25+07:00,47124,18,37,28.1,57
2024-10-25T13:41:48+07:00,47125,19,39,28,57
2024-10-25T13:42:10+07:00,47126,18,38,28,57
2024-10-25T13:42:33+07:00,47127,18,36,28,56
2024-10-25T13:42:55+07:00,47128,19,38,28,56
2024-10-25T13:43:18+07:00,47129,18,38,28,56
2024-10-25T13:43:40+07:00,47130,19,38,28,56
2024-10-25T13:44:03+07:00,47131,19,39,28,56
2024-10-25T13:44:25+07:00,47132,19,38,28.1,56
2024-10-25T13:44:51+07:00,47133,18,38,28.3,56
2024-10-25T13:45:14+07:00,47134,19,37,28.5,56
2024-10-25T13:45:38+07:00,47135,18,37,28.5,56
2024-10-25T13:46:03+07:00,47136,19,39,28.5,58
2024-10-25T13:46:41+07:00,47137,20,38,28.4,57
2024-10-25T13:47:06+07:00,47138,20,38,28.2,57
2024-10-25T13:47:29+07:00,47139,18,38,28.1,58
2024-10-25T13:47:54+07:00,47140,18,40,28.1,58
2024-10-25T13:48:19+07:00,47141,18,36,28,59
2024-10-25T13:48:35+07:00,47142,19,38,28.1,59
2024-10-25T13:48:51+07:00,47143,19,39,28,60
2024-10-25T13:49:16+07:00,47144,18,39,28,58
2024-10-25T13:49:39+07:00,47145,18,39,28,57
2024-10-25T13:49:56+07:00,47146,18,38,28,57
2024-10-25T13:50:21+07:00,47147,19,39,28,56
2024-10-25T13:50:46+07:00,47148,18,37,28,56
2024-10-25T13:51:10+07:00,47149,19,39,28,56
2024-10-25T13:51:34+07:00,47150,18,39,28,56
2024-10-25T13:51:58+07:00,47151,18,39,28,56
2024-10-25T13:52:23+07:00,47152,19,37,28,57
2024-10-25T13:52:40+07:00,47153,19,38,28.1,57
2024-10-25T13:53:04+07:00,47154,19,39,28.1,56
2024-10-25T13:53:28+07:00,47155,18,37,28.5,56
2024-10-25T13:53:52+07:00,47156,19,38,28.5,56
2024-10-25T13:54:15+07:00,47157,19,37,28.5,56
2024-10-25T13:54:37+07:00,47158,19,37,28.5,56
2024-10-25T13:55:00+07:00,47159,18,39,28.5,55
2024-10-25T13:55:22+07:00,47160,17,38,28.5,56
2024-10-25T13:55:45+07:00,47161,18,37,28.5,56
2024-10-25T13:56:08+07:00,47162,19,36,28.5,56
2024-10-25T13:56:30+07:00,47163,18,38,28.5,57
2024-10-25T13:56:52+07:00,47164,18,36,28.5,58
2024-10-25T13:57:15+07:00,47165,18,39,28.5,58
2024-10-25T13:57:37+07:00,47166,18,38,28.5,58
2024-10-25T13:57:59+07:00,47167,18,37,28.5,56
2024-10-25T13:58:21+07:00,47168,18,37,28.5,56
2024-10-25T13:58:43+07:00,47169,18,38,28.5,56
2024-10-25T13:59:05+07:00,47170,19,36,28.1,56
2024-10-25T13:59:28+07:00,47171,19,39,28.1,56
2024-10-25T13:59:51+07:00,47172,19,37,28.1,57
2024-10-25T14:00:13+07:00,47173,18,37,28,57
2024-10-25T14:00:36+07:00,47174,17,37,28.1,59
2024-10-25T14:00:59+07:00,47175,17,37,28.1,60
2024-10-25T14:01:22+07:00,47176,17,38,28.1,61
2024-10-25T14:01:44+07:00,47177,19,38,28.2,60
2024-10-25T14:02:07+07:00,47178,18,38,28.5,59
2024-10-25T14:02:29+07:00,47179,18,40,28.5,57
2024-10-25T14:02:52+07:00,47180,19,37,28.4,57
2024-10-25T14:03:15+07:00,47181,19,38,28,57
2024-10-25T14:03:38+07:00,47182,19,38,28,56
2024-10-25T14:05:11+07:00,47183,18,37,28,57
2024-10-25T14:06:18+07:00,47184,20,38,28,57
2024-10-25T14:06:44+07:00,47185,19,35,28,57
2024-10-25T14:07:08+07:00,47186,18,38,28.1,58
2024-10-25T14:07:30+07:00,47187,18,38,28.1,58
2024-10-25T14:07:53+07:00,47188,19,39,28.1,57
2024-10-25T14:08:16+07:00,47189,18,37,28.4,57
2024-10-25T14:08:39+07:00,47190,18,37,28.5,58
2024-10-25T14:09:01+07:00,47191,19,37,28.4,58
2024-10-25T14:09:24+07:00,47192,19,38,28.1,58
2024-10-25T14:09:46+07:00,47193,18,38,28.1,58
2024-10-25T14:10:10+07:00,47194,19,39,28.1,58
2024-10-25T14:10:32+07:00,47195,17,39,28,59
2024-10-25T14:10:55+07:00,47196,18,39,28.1,60
2024-10-25T14:11:19+07:00,47197,19,39,28,59
2024-10-25T14:11:41+07:00,47198,18,39,28.1,59
2024-10-25T14:12:03+07:00,47199,18,37,28,58
2024-10-25T14:12:46+07:00,47200,18,36,28,58
2024-10-25T14:13:13+07:00,47201,18,36,28,58
2024-10-25T14:13:37+07:00,47202,19,39,28,57
2024-10-25T14:13:59+07:00,47203,18,37,28,57
2024-10-25T14:14:22+07:00,47204,18,37,28,57
2024-10-25T14:14:44+07:00,47205,18,41,28,57
2024-10-25T14:15:07+07:00,47206,19,38,28,57
2024-10-25T14:15:29+07:00,47207,19,39,28,58
2024-10-25T14:15:51+07:00,47208,18,38,28,58
2024-10-25T14:16:14+07:00,47209,17,39,28,59
2024-10-25T14:16:36+07:00,47210,18,41,28,58
2024-10-25T14:16:58+07:00,47211,19,37,28,58
2024-10-25T14:17:20+07:00,47212,18,38,28,58
2024-10-25T14:17:43+07:00,47213,19,39,28,58
2024-10-25T14:18:05+07:00,47214,18,38,28,58
2024-10-25T14:18:35+07:00,47215,18,38,28.1,58
2024-10-25T14:18:58+07:00,47216,19,39,28.4,59
2024-10-25T14:19:21+07:00,47217,19,37,28.5,59
2024-10-25T14:19:44+07:00,47218,19,37,28.5,59
2024-10-25T14:20:07+07:00,47219,18,39,28.5,59
2024-10-25T14:20:29+07:00,47220,18,38,28.5,61
2024-10-25T14:20:52+07:00,47221,18,39,28.5,61
2024-10-25T14:21:14+07:00,47222,19,39,28.5,59
2024-10-25T14:21:40+07:00,47223,19,39,28.1,59
2024-10-25T14:22:02+07:00,47224,19,37,28,59
2024-10-25T14:22:24+07:00,47225,18,37,28.1,59
2024-10-25T14:22:48+07:00,47226,18,39,28,59
2024-10-25T14:23:10+07:00,47227,18,38,28,59
2024-10-25T14:23:34+07:00,47228,19,38,28.1,59
2024-10-25T14:23:56+07:00,47229,18,38,28.1,59
2024-10-25T14:24:20+07:00,47230,17,39,28,60
2024-10-25T14:24:45+07:00,47231,18,39,28,60
2024-10-25T14:25:11+07:00,47232,18,38,28.1,60
2024-10-25T14:25:33+07:00,47233,18,39,28.3,60
2024-10-25T14:25:55+07:00,47234,18,39,28.5,59
2024-10-25T14:26:18+07:00,47235,18,40,28.5,59
2024-10-25T14:26:41+07:00,47236,18,39,28.5,59
2024-10-25T14:27:03+07:00,47237,19,40,28.5,59
2024-10-25T14:27:26+07:00,47238,19,38,28.5,61
2024-10-25T14:27:49+07:00,47239,19,38,28.5,62
2024-10-25T14:28:11+07:00,47240,18,38,28.1,60
2024-10-25T14:28:33+07:00,47241,18,37,28,61
2024-10-25T14:28:55+07:00,47242,18,37,28,62
2024-10-25T14:29:18+07:00,47243,18,39,28,63
2024-10-25T14:29:34+07:00,47244,19,39,28,62
2024-10-25T14:29:56+07:00,47245,18,39,28,62
2024-10-25T14:30:19+07:00,47246,17,38,28,61
2024-10-25T14:30:42+07:00,47247,17,37,28,60
2024-10-25T14:31:04+07:00,47248,18,39,28,60
2024-10-25T14:31:28+07:00,47249,18,39,28,60
2024-10-25T14:31:50+07:00,47250,18,37,28,60
2024-10-25T14:32:13+07:00,47251,19,38,28,59
2024-10-25T14:32:49+07:00,47252,18,39,28,62
2024-10-25T14:33:05+07:00,47253,18,38,28,61
2024-10-25T14:33:28+07:00,47254,18,37,28,61
2024-10-25T14:33:52+07:00,47255,18,37,28,60
2024-10-25T14:34:16+07:00,47256,18,38,28,59
2024-10-25T14:34:39+07:00,47257,18,38,28,59
2024-10-25T14:35:03+07:00,47258,19,38,28,60
2024-10-25T14:35:25+07:00,47259,17,37,28,59
2024-10-25T14:35:48+07:00,47260,18,37,28,59
2024-10-25T14:36:11+07:00,47261,17,39,28,59
2024-10-25T14:36:33+07:00,47262,18,38,28,60
2024-10-25T14:36:57+07:00,47263,19,39,28,60
2024-10-25T14:37:22+07:00,47264,17,38,28,59
2024-10-25T14:37:44+07:00,47265,18,37,28,62
2024-10-25T14:38:07+07:00,47266,18,36,28,62
2024-10-25T14:38:32+07:00,47267,20,38,28,62
2024-10-25T14:38:55+07:00,47268,18,39,28,61
2024-10-25T14:39:19+07:00,47269,17,35,28,60
2024-10-25T14:39:41+07:00,47270,17,39,28,60
2024-10-25T14:40:04+07:00,47271,18,36,28,60
2024-10-25T14:40:27+07:00,47272,18,38,28,61
2024-10-25T14:40:54+07:00,47273,19,40,28,60
2024-10-25T14:41:31+07:00,47274,18,38,28,60
2024-10-25T14:41:56+07:00,47275,18,41,28,60
2024-10-25T14:42:18+07:00,47276,18,37,28,60
2024-10-25T14:42:41+07:00,47277,19,39,28,60
2024-10-25T14:43:04+07:00,47278,18,38,28,60
2024-10-25T14:43:27+07:00,47279,18,39,28,59
2024-10-25T14:43:50+07:00,47280,18,37,28,59
2024-10-25T14:44:13+07:00,47281,17,36,28,59
2024-10-25T14:44:35+07:00,47282,18,39,28,60
2024-10-25T14:44:58+07:00,47283,18,40,28,61
2024-10-25T14:45:21+07:00,47284,18,38,28,61
2024-10-25T14:45:44+07:00,47285,19,39,28,62
2024-10-25T14:46:07+07:00,47286,19,38,28,62
2024-10-25T14:46:30+07:00,47287,18,38,27.8,64
2024-10-25T14:46:52+07:00,47288,18,38,27.6,64
2024-10-25T14:47:15+07:00,47289,18,38,27.6,65
2024-10-25T14:47:38+07:00,47290,17,39,27.6,64
2024-10-25T14:48:01+07:00,47291,18,39,27.6,63
2024-10-25T14:48:23+07:00,47292,17,38,27.6,64
2024-10-25T14:48:47+07:00,47293,18,38,27.6,64
2024-10-25T14:49:10+07:00,47294,18,38,27.6,64
2024-10-25T14:49:33+07:00,47295,17,39,27.6,64
2024-10-25T14:49:56+07:00,47296,18,39,27.6,64
2024-10-25T14:50:19+07:00,47297,18,37,27.6,64
2024-10-25T14:50:41+07:00,47298,18,39,27.6,64
2024-10-25T14:51:04+07:00,47299,17,38,27.6,64
2024-10-25T14:51:27+07:00,47300,19,36,27.9,64
2024-10-25T14:51:50+07:00,47301,17,37,28,64
2024-10-25T14:52:14+07:00,47302,17,38,28,64
2024-10-25T14:52:38+07:00,47303,18,40,28,65
2024-10-25T14:53:04+07:00,47304,17,38,28,67
2024-10-25T14:53:28+07:00,47305,17,39,28,66
2024-10-25T14:53:51+07:00,47306,18,37,28,66
2024-10-25T14:54:15+07:00,47307,17,38,28,67
2024-10-25T14:54:37+07:00,47308,17,39,28,67
2024-10-25T14:55:00+07:00,47309,17,40,28,68
2024-10-25T14:55:26+07:00,47310,18,40,28,68
2024-10-25T14:56:19+07:00,47311,17,39,28,66
2024-10-25T14:56:42+07:00,47312,18,38,28,67
2024-10-25T14:57:05+07:00,47313,18,38,28,67
2024-10-25T14:57:27+07:00,47314,18,39,28,68
2024-10-25T14:57:50+07:00,47315,17,38,28,68
2024-10-25T14:58:14+07:00,47316,18,36,28,68
2024-10-25T14:58:36+07:00,47317,18,37,28,68
2024-10-25T14:58:59+07:00,47318,18,37,27.6,69
2024-10-25T14:59:22+07:00,47319,17,38,27.6,71
2024-10-25T14:59:45+07:00,47320,18,37,27.6,72
2024-10-25T15:00:07+07:00,47321,18,37,27.6,73
2024-10-25T15:00:30+07:00,47322,18,38,27.6,73
2024-10-25T15:00:52+07:00,47323,17,38,27.6,73
2024-10-25T15:01:15+07:00,47324,18,37,27.6,73
2024-10-25T15:01:38+07:00,47325,18,37,27.6,73
2024-10-25T15:02:00+07:00,47326,18,38,27.6,72
2024-10-25T15:02:23+07:00,47327,18,38,27.6,72
2024-10-25T15:02:46+07:00,47328,18,38,27.6,72
2024-10-25T15:03:08+07:00,47329,18,38,27.6,72
2024-10-25T15:03:31+07:00,47330,19,38,27.6,72
2024-10-25T15:03:55+07:00,47331,18,38,27.6,73
2024-10-25T15:04:18+07:00,47332,17,37,27.6,73
2024-10-25T15:04:41+07:00,47333,18,39,27.6,73
2024-10-25T15:05:03+07:00,47334,19,37,27.4,73
2024-10-25T15:05:26+07:00,47335,18,37,27.1,74
2024-10-25T15:05:50+07:00,47336,19,38,27.1,73
2024-10-25T15:06:12+07:00,47337,18,37,27.1,73
2024-10-25T15:06:35+07:00,47338,19,40,27.1,73
2024-10-25T15:06:57+07:00,47339,18,37,27.1,73
2024-10-25T15:07:20+07:00,47340,19,39,27.1,73
2024-10-25T15:07:44+07:00,47341,17,38,27,73
2024-10-25T15:08:07+07:00,47342,19,37,26.7,73
2024-10-25T15:08:30+07:00,47343,19,40,26.7,73
2024-10-25T15:08:52+07:00,47344,18,38,26.7,73
2024-10-25T15:09:15+07:00,47345,19,39,26.7,73
2024-10-25T15:10:09+07:00,47346,20,38,26.7,73
2024-10-25T15:10:31+07:00,47347,19,37,26.7,73
2024-10-25T15:10:54+07:00,47348,19,39,26.3,74
2024-10-25T15:11:17+07:00,47349,20,36,26.2,74
2024-10-25T15:11:40+07:00,47350,18,38,26.2,74
2024-10-25T15:12:02+07:00,47351,18,36,26.2,74
2024-10-25T15:12:25+07:00,47352,19,36,26.2,74
2024-10-25T15:12:47+07:00,47353,18,38,26.2,74
2024-10-25T15:13:10+07:00,47354,18,38,26.2,75
2024-10-25T15:13:32+07:00,47355,18,39,26.2,76
2024-10-25T15:13:55+07:00,47356,18,38,26.2,77
2024-10-25T15:14:18+07:00,47357,19,38,26.2,77
2024-10-25T15:14:41+07:00,47358,18,39,26.3,77
2024-10-25T15:15:04+07:00,47359,18,38,26.4,77
2024-10-25T15:15:26+07:00,47360,19,38,26.7,76
2024-10-25T15:15:49+07:00,47361,19,38,26.7,75
2024-10-25T15:16:11+07:00,47362,19,37,26.7,75
2024-10-25T15:16:34+07:00,47363,17,37,26.7,74
2024-10-25T15:16:56+07:00,47364,17,37,26.7,74
2024-10-25T15:17:19+07:00,47365,19,38,26.7,75
2024-10-25T15:17:42+07:00,47366,19,39,26.3,75
2024-10-25T15:18:04+07:00,47367,18,39,26.2,75
2024-10-25T15:18:27+07:00,47368,18,39,26.2,77
2024-10-25T15:18:50+07:00,47369,20,38,26.2,77
2024-10-25T15:19:13+07:00,47370,20,39,25.8,77
2024-10-25T15:19:39+07:00,47371,18,38,25.8,79
2024-10-25T15:20:02+07:00,47372,19,39,25.8,79
2024-10-25T15:20:25+07:00,47373,18,40,25.3,79
2024-10-25T15:20:47+07:00,47374,19,40,25.3,79
2024-10-25T15:21:10+07:00,47375,18,39,25.3,80
2024-10-25T15:21:32+07:00,47376,19,40,25.3,80
2024-10-25T15:21:55+07:00,47377,19,40,25.4,80
2024-10-25T15:22:18+07:00,47378,18,37,25.7,80
2024-10-25T15:22:41+07:00,47379,19,38,25.8,81
2024-10-25T15:23:04+07:00,47380,18,38,25.8,80
2024-10-25T15:23:26+07:00,47381,20,39,25.7,79
2024-10-25T15:23:50+07:00,47382,19,39,25.8,78
2024-10-25T15:24:13+07:00,47383,20,44,25.8,79
2024-10-25T15:24:36+07:00,47384,20,42,25.8,80
2024-10-25T15:24:59+07:00,47385,19,42,25.3,80
2024-10-25T15:25:22+07:00,47386,18,42,25.3,79
2024-10-25T15:25:44+07:00,47387,18,41,25.3,79
2024-10-25T15:26:07+07:00,47388,19,39,25.3,78
2024-10-25T15:26:29+07:00,47389,19,39,25,77
2024-10-25T15:26:52+07:00,47390,18,40,25.2,78
2024-10-25T15:27:14+07:00,47391,19,39,25.2,78
2024-10-25T15:27:37+07:00,47392,20,41,24.8,77
2024-10-25T15:28:00+07:00,47393,19,41,24.8,77
2024-10-25T15:28:23+07:00,47394,19,39,24.9,79
2024-10-25T15:28:45+07:00,47395,19,41,24.8,80
2024-10-25T15:29:08+07:00,47396,19,39,24.8,81
2024-10-25T15:29:30+07:00,47397,19,41,24.8,81
2024-10-25T15:29:53+07:00,47398,19,40,24.8,82
2024-10-25T15:30:16+07:00,47399,20,39,24.8,82
2024-10-25T15:30:38+07:00,47400,20,41,24.8,81
2024-10-25T15:31:01+07:00,47401,20,39,24.8,81
2024-10-25T15:31:24+07:00,47402,18,40,24.8,81
2024-10-25T15:31:46+07:00,47403,18,38,24.8,82
2024-10-25T15:32:09+07:00,47404,19,37,24.8,81
2024-10-25T15:32:32+07:00,47405,19,39,24.9,81
2024-10-25T15:32:55+07:00,47406,18,39,25.3,80
2024-10-25T15:33:17+07:00,47407,18,38,25.3,80
2024-10-25T15:33:40+07:00,47408,19,38,25.3,79
2024-10-25T15:34:02+07:00,47409,19,37,25.3,78
2024-10-25T15:34:24+07:00,47410,19,39,25.3,77
2024-10-25T15:34:47+07:00,47411,19,37,25.3,77
2024-10-25T15:35:10+07:00,47412,19,39,25.8,76
2024-10-25T15:35:33+07:00,47413,18,39,25.8,76
2024-10-25T15:35:56+07:00,47414,18,39,25.8,76
2024-10-25T15:36:18+07:00,47415,18,40,25.8,76
2024-10-25T15:36:40+07:00,47416,19,38,25.8,76
2024-10-25T15:37:04+07:00,47417,19,40,25.8,75
2024-10-25T15:37:28+07:00,47418,19,38,25.8,76
2024-10-25T15:37:54+07:00,47419,19,39,25.8,75
2024-10-25T15:38:18+07:00,47420,18,40,25.8,76
2024-10-25T15:38:45+07:00,47421,18,37,26.2,76
2024-10-25T15:39:09+07:00,47422,18,38,26.2,73
2024-10-25T15:39:31+07:00,47423,19,40,26.2,74
2024-10-25T15:39:54+07:00,47424,18,39,26.2,74
2024-10-25T15:40:16+07:00,47425,20,41,26.2,74
2024-10-25T15:40:39+07:00,47426,18,39,26.2,73
2024-10-25T15:41:02+07:00,47427,19,37,26.2,73
2024-10-25T15:41:29+07:00,47428,18,37,26.2,74
2024-10-25T15:41:52+07:00,47429,18,37,26.2,73
2024-10-25T15:42:14+07:00,47430,19,37,26.2,73
2024-10-25T15:42:37+07:00,47431,18,38,26.3,73
2024-10-25T15:42:59+07:00,47432,18,39,26.3,72
2024-10-25T15:43:22+07:00,47433,19,36,26.2,72
2024-10-25T15:43:44+07:00,47434,17,38,26.3,73
2024-10-25T15:44:07+07:00,47435,17,37,26.3,73
2024-10-25T15:44:29+07:00,47436,18,38,26.3,73
2024-10-25T15:44:52+07:00,47437,18,38,26.2,74
2024-10-25T15:45:14+07:00,47438,18,38,26.2,74
2024-10-25T15:45:37+07:00,47439,17,37,26.2,73
2024-10-25T15:46:00+07:00,47440,18,37,26.3,74
2024-10-25T15:46:22+07:00,47441,19,37,26.2,74
2024-10-25T15:46:49+07:00,47442,19,39,26.2,75
2024-10-25T15:47:12+07:00,47443,19,36,26.2,77
2024-10-25T15:47:35+07:00,47444,19,39,26.2,77
2024-10-25T15:47:58+07:00,47445,18,36,26.2,78
2024-10-25T15:48:20+07:00,47446,18,38,26.2,78
2024-10-25T15:48:43+07:00,47447,18,38,26.2,78
2024-10-25T15:49:05+07:00,47448,17,38,26.2,78
2024-10-25T15:49:28+07:00,47449,19,39,26.2,79
2024-10-25T15:49:51+07:00,47450,19,38,26.2,80
2024-10-25T15:50:17+07:00,47451,16,37,26.2,80
2024-10-25T15:50:40+07:00,47452,18,38,26.2,80
2024-10-25T15:51:03+07:00,47453,17,37,26.2,80
2024-10-25T15:51:25+07:00,47454,18,37,26.2,79
2024-10-25T15:51:48+07:00,47455,18,39,26.2,79
2024-10-25T15:52:10+07:00,47456,18,38,26.2,77
2024-10-25T15:52:33+07:00,47457,19,38,26.2,77
2024-10-25T15:52:55+07:00,47458,18,38,26.2,77
2024-10-25T15:53:20+07:00,47459,18,37,26.2,77
2024-10-25T15:53:42+07:00,47460,19,39,26.2,78
2024-10-25T15:54:04+07:00,47461,19,38,26.2,78
2024-10-25T15:54:27+07:00,47462,19,38,26.2,77
2024-10-25T15:54:49+07:00,47463,19,39,26.2,77
2024-10-25T15:55:12+07:00,47464,19,38,26.2,78
2024-10-25T15:55:34+07:00,47465,18,38,26.2,79
2024-10-25T15:55:56+07:00,47466,18,37,26.2,80
2024-10-25T15:56:19+07:00,47467,17,36,26.2,80
2024-10-25T15:56:42+07:00,47468,18,39,26.2,80
2024-10-25T15:57:04+07:00,47469,18,36,26.2,79
2024-10-25T15:57:26+07:00,47470,19,36,26.2,78
2024-10-25T15:57:49+07:00,47471,18,38,26.2,77
2024-10-25T15:58:12+07:00,47472,17,38,26.2,77
2024-10-25T15:58:35+07:00,47473,18,38,26.2,77
2024-10-25T15:58:57+07:00,47474,18,40,26.2,77
2024-10-25T15:59:19+07:00,47475,19,37,26.2,77
2024-10-25T15:59:43+07:00,47476,19,38,26.2,78
2024-10-25T16:00:05+07:00,47477,18,39,26.2,78
2024-10-25T16:00:28+07:00,47478,18,39,26.2,79
2024-10-25T16:00:51+07:00,47479,18,38,26.2,77
2024-10-25T16:01:13+07:00,47480,18,36,26.2,77
2024-10-25T16:01:36+07:00,47481,18,39,26.2,76
2024-10-25T16:02:00+07:00,47482,18,35,26.2,76
2024-10-25T16:02:24+07:00,47483,18,37,26.2,76
2024-10-25T16:02:46+07:00,47484,19,39,26.2,76
2024-10-25T16:03:09+07:00,47485,18,37,26.2,77
2024-10-25T16:03:33+07:00,47486,18,38,26.2,77
2024-10-25T16:03:56+07:00,47487,19,37,26.2,78
2024-10-25T16:04:18+07:00,47488,18,37,26.2,80
2024-10-25T16:04:41+07:00,47489,19,35,26.2,81
2024-10-25T16:05:04+07:00,47490,18,36,26.2,80
2024-10-25T16:05:26+07:00,47491,18,37,26.2,79
2024-10-25T16:05:48+07:00,47492,18,38,26.2,78
2024-10-25T16:06:11+07:00,47493,19,39,26.2,78
2024-10-25T16:06:33+07:00,47494,19,37,26.2,79
2024-10-25T16:06:56+07:00,47495,18,36,26.2,79
2024-10-25T16:07:18+07:00,47496,18,37,26.2,79
2024-10-25T16:07:41+07:00,47497,19,39,26.2,79
2024-10-25T16:08:03+07:00,47498,18,37,26.2,79
2024-10-25T16:08:27+07:00,47499,17,37,26.2,79
2024-10-25T16:08:49+07:00,47500,18,36,26.2,80
2024-10-25T16:09:12+07:00,47501,18,38,26.2,80
2024-10-25T16:09:35+07:00,47502,18,37,26.2,80
2024-10-25T16:09:58+07:00,47503,18,36,26.2,80
2024-10-25T16:10:20+07:00,47504,18,39,26.2,79
2024-10-25T16:10:43+07:00,47505,19,35,26.2,79
2024-10-25T16:11:05+07:00,47506,18,36,26.2,80
2024-10-25T16:11:29+07:00,47507,18,38,26.2,79
2024-10-25T16:11:52+07:00,47508,19,38,26.2,78
2024-10-25T16:12:16+07:00,47509,18,35,26.2,77
2024-10-25T16:12:39+07:00,47510,19,37,26.2,77
2024-10-25T16:13:02+07:00,47511,17,36,26.2,78
2024-10-25T16:13:25+07:00,47512,19,40,26.2,78
2024-10-25T16:13:48+07:00,47513,19,37,26.2,78
2024-10-25T16:14:12+07:00,47514,18,37,26.2,77
2024-10-25T16:14:35+07:00,47515,17,38,26,77
2024-10-25T16:14:58+07:00,47516,18,37,26.1,77
2024-10-25T16:15:23+07:00,47517,17,36,26,77
2024-10-25T16:15:51+07:00,47518,18,38,25.8,77
2024-10-25T16:16:16+07:00,47519,18,34,25.8,77
2024-10-25T16:16:39+07:00,47520,18,37,25.9,77
2024-10-25T16:17:02+07:00,47521,19,37,26.2,77
2024-10-25T16:17:25+07:00,47522,19,37,26.2,79
2024-10-25T16:17:47+07:00,47523,17,37,26.2,79
2024-10-25T16:18:13+07:00,47524,18,37,26.2,78
2024-10-25T16:18:35+07:00,47525,17,38,26.1,77
2024-10-25T16:18:58+07:00,47526,20,38,26.2,78
2024-10-25T16:19:21+07:00,47527,19,37,26.2,78
2024-10-25T16:19:43+07:00,47528,18,38,26.2,78
2024-10-25T16:20:06+07:00,47529,18,36,26.2,78
2024-10-25T16:20:29+07:00,47530,19,39,26.1,77
2024-10-25T16:20:55+07:00,47531,18,36,25.8,77
2024-10-25T16:21:19+07:00,47532,19,38,25.8,77
2024-10-25T16:21:48+07:00,47533,17,35,25.8,77
2024-10-25T16:22:13+07:00,47534,19,37,25.8,78
2024-10-25T16:22:35+07:00,47535,19,39,26.2,80
2024-10-25T16:22:58+07:00,47536,19,35,26.2,80
2024-10-25T16:23:22+07:00,47537,19,38,26,80
2024-10-25T16:23:44+07:00,47538,18,38,25.9,79
2024-10-25T16:24:08+07:00,47539,19,35,26.1,80
2024-10-25T16:24:31+07:00,47540,17,37,26.2,80
2024-10-25T16:24:53+07:00,47541,18,38,26.2,81
2024-10-25T16:25:15+07:00,47542,19,37,26.2,81
2024-10-25T16:25:38+07:00,47543,18,35,26.2,81
2024-10-25T16:26:01+07:00,47544,19,39,26.2,81
2024-10-25T16:26:24+07:00,47545,18,37,26.2,81
2024-10-25T16:26:47+07:00,47546,18,37,26.2,81
2024-10-25T16:27:10+07:00,47547,17,38,26.2,81
2024-10-25T16:27:33+07:00,47548,18,37,26.2,81
2024-10-25T16:27:56+07:00,47549,18,35,26.2,82
2024-10-25T16:28:20+07:00,47550,18,37,26.2,82
2024-10-25T16:28:43+07:00,47551,19,36,26.2,83
2024-10-25T16:29:06+07:00,47552,19,39,26.2,83
2024-10-25T16:29:29+07:00,47553,17,37,26.2,83
2024-10-25T16:29:52+07:00,47554,18,37,26.2,81
2024-10-25T16:30:16+07:00,47555,19,36,26.2,81
2024-10-25T16:30:39+07:00,47556,18,35,26.2,81
2024-10-25T16:31:01+07:00,47557,18,36,26.2,81
2024-10-25T16:31:25+07:00,47558,18,38,26.2,81
2024-10-25T16:31:48+07:00,47559,19,38,26,80
2024-10-25T16:32:13+07:00,47560,17,36,25.8,79
2024-10-25T16:32:36+07:00,47561,19,36,25.8,78
2024-10-25T16:33:00+07:00,47562,18,39,25.8,77
2024-10-25T16:33:23+07:00,47563,18,37,25.8,77
2024-10-25T16:33:48+07:00,47564,18,38,25.8,77
2024-10-25T16:34:11+07:00,47565,19,37,25.8,77
2024-10-25T16:34:33+07:00,47566,18,38,25.8,78
2024-10-25T16:34:57+07:00,47567,18,35,25.8,79
2024-10-25T16:35:19+07:00,47568,17,38,25.8,78
2024-10-25T16:35:42+07:00,47569,18,36,25.8,78
2024-10-25T16:36:05+07:00,47570,18,38,25.8,79
2024-10-25T16:36:27+07:00,47571,18,36,25.8,79
2024-10-25T16:37:03+07:00,47572,18,36,25.8,79
2024-10-25T16:37:26+07:00,47573,19,38,25.8,80
2024-10-25T16:37:48+07:00,47574,19,40,25.8,80
2024-10-25T16:38:11+07:00,47575,18,37,25.8,80
2024-10-25T16:38:34+07:00,47576,18,35,25.8,80
2024-10-25T16:38:57+07:00,47577,18,38,25.8,80
2024-10-25T16:39:22+07:00,47578,18,35,25.8,80
2024-10-25T16:39:48+07:00,47579,18,38,25.8,80
2024-10-25T16:40:10+07:00,47580,19,37,25.8,80
2024-10-25T16:40:32+07:00,47581,17,37,25.8,79
2024-10-25T16:40:55+07:00,47582,18,35,25.8,79
2024-10-25T16:41:22+07:00,47583,17,37,25.8,79
2024-10-25T16:41:50+07:00,47584,18,38,25.8,79
2024-10-25T16:42:13+07:00,47585,18,35,25.8,79
2024-10-25T16:42:38+07:00,47586,18,35,25.8,78
2024-10-25T16:43:01+07:00,47587,18,38,25.8,78
2024-10-25T16:43:24+07:00,47588,19,37,25.8,78
2024-10-25T16:43:47+07:00,47589,18,35,25.8,79
2024-10-25T16:44:09+07:00,47590,17,36,25.8,78
2024-10-25T16:44:31+07:00,47591,18,38,25.8,78
2024-10-25T16:44:54+07:00,47592,18,38,25.8,78
2024-10-25T16:45:17+07:00,47593,18,37,25.8,77
2024-10-25T16:45:40+07:00,47594,19,38,25.8,77
2024-10-25T16:46:02+07:00,47595,18,36,25.8,77
2024-10-25T16:46:25+07:00,47596,19,37,25.8,78
2024-10-25T16:46:48+07:00,47597,19,36,25.8,78
2024-10-25T16:47:11+07:00,47598,19,37,25.8,78
2024-10-25T16:47:34+07:00,47599,17,37,25.8,78
2024-10-25T16:47:56+07:00,47600,19,37,25.8,78
2024-10-25T16:48:19+07:00,47601,18,37,25.8,77
2024-10-25T16:48:42+07:00,47602,20,37,25.8,77
2024-10-25T16:49:05+07:00,47603,18,37,25.8,77
2024-10-25T16:49:28+07:00,47604,18,37,25.8,77
2024-10-25T16:49:51+07:00,47605,19,37,25.8,77
2024-10-25T16:50:14+07:00,47606,18,36,25.8,77
2024-10-25T16:50:36+07:00,47607,18,37,25.8,77
2024-10-25T16:51:00+07:00,47608,19,35,25.8,76
2024-10-25T16:51:24+07:00,47609,19,37,25.8,76
2024-10-25T16:51:47+07:00,47610,19,37,25.8,76
2024-10-25T16:52:11+07:00,47611,18,37,25.8,76
2024-10-25T16:52:34+07:00,47612,18,36,25.8,76
2024-10-25T16:52:57+07:00,47613,17,37,25.8,77
2024-10-25T16:53:21+07:00,47614,18,35,25.8,77
2024-10-25T16:53:44+07:00,47615,19,37,25.8,77
2024-10-25T16:54:07+07:00,47616,18,37,25.8,77
2024-10-25T16:54:29+07:00,47617,18,34,25.8,77
2024-10-25T16:54:53+07:00,47618,18,36,25.8,77
2024-10-25T16:55:17+07:00,47619,17,37,25.8,76
2024-10-25T16:55:40+07:00,47620,19,37,25.8,76
2024-10-25T16:56:04+07:00,47621,19,37,25.8,77
2024-10-25T16:56:27+07:00,47622,19,38,25.8,77
2024-10-25T16:56:51+07:00,47623,19,36,25.8,77
2024-10-25T16:57:15+07:00,47624,17,35,25.8,76
2024-10-25T16:57:40+07:00,47625,19,37,25.8,76
2024-10-25T16:58:03+07:00,47626,18,36,25.8,77
2024-10-25T16:58:26+07:00,47627,20,36,25.8,77
2024-10-25T16:58:50+07:00,47628,18,39,25.8,77
2024-10-25T16:59:12+07:00,47629,19,37,25.8,78
2024-10-25T16:59:36+07:00,47630,18,37,25.8,78
2024-10-25T16:59:59+07:00,47631,19,36,25.8,79
2024-10-25T17:00:23+07:00,47632,19,37,25.8,79
2024-10-25T17:00:45+07:00,47633,18,37,25.8,79
2024-10-25T17:01:10+07:00,47634,18,37,25.8,79
2024-10-25T17:01:33+07:00,47635,18,36,25.8,80
2024-10-25T17:01:56+07:00,47636,18,37,25.8,81
2024-10-25T17:02:21+07:00,47637,19,36,25.8,81
2024-10-25T17:02:44+07:00,47638,19,36,25.8,81
2024-10-25T17:03:08+07:00,47639,19,39,25.8,81
2024-10-25T17:03:31+07:00,47640,18,36,25.8,81
2024-10-25T17:03:54+07:00,47641,19,37,25.8,81
2024-10-25T17:04:17+07:00,47642,19,37,25.8,81
2024-10-25T17:04:40+07:00,47643,19,38,25.8,81
2024-10-25T17:05:04+07:00,47644,18,35,25.8,81
2024-10-25T17:05:27+07:00,47645,19,37,25.8,81
2024-10-25T17:05:49+07:00,47646,18,36,25.8,81
2024-10-25T17:06:14+07:00,47647,18,37,25.8,81
2024-10-25T17:06:36+07:00,47648,19,37,25.8,82
2024-10-25T17:07:00+07:00,47649,18,37,25.8,82
2024-10-25T17:07:23+07:00,47650,18,33,25.8,82
2024-10-25T17:07:46+07:00,47651,19,37,25.8,83
2024-10-25T17:08:10+07:00,47652,18,39,25.8,83
2024-10-25T17:08:34+07:00,47653,19,37,25.8,84
2024-10-25T17:08:57+07:00,47654,19,35,25.5,84
2024-10-25T17:09:22+07:00,47655,17,36,25.3,84
2024-10-25T17:09:47+07:00,47656,18,36,25.3,84
2024-10-25T17:10:11+07:00,47657,18,37,25.3,84
2024-10-25T17:10:34+07:00,47658,19,37,25.4,85
2024-10-25T17:10:57+07:00,47659,19,37,25.4,85
2024-10-25T17:11:21+07:00,47660,18,36,25.3,85
2024-10-25T17:11:44+07:00,47661,18,38,25.3,86
2024-10-25T17:12:07+07:00,47662,18,37,25.3,86
2024-10-25T17:12:31+07:00,47663,18,36,25.3,86
2024-10-25T17:12:55+07:00,47664,18,36,25.3,87
2024-10-25T17:13:18+07:00,47665,19,37,25.3,87
2024-10-25T17:13:41+07:00,47666,19,36,25.3,88
2024-10-25T17:14:05+07:00,47667,18,37,25.3,88
2024-10-25T17:14:28+07:00,47668,18,36,25.3,88
2024-10-25T17:14:52+07:00,47669,19,36,25.3,88
2024-10-25T17:15:15+07:00,47670,20,37,25.3,89
2024-10-25T17:15:39+07:00,47671,18,37,25.3,89
2024-10-25T17:16:02+07:00,47672,18,37,25.3,89
2024-10-25T17:16:24+07:00,47673,19,37,25.3,89
2024-10-25T17:16:48+07:00,47674,18,36,25.3,89
2024-10-25T17:17:11+07:00,47675,19,41,25.3,89
2024-10-25T17:17:34+07:00,47676,17,36,25.3,89
2024-10-25T17:17:57+07:00,47677,18,35,25.3,89
2024-10-25T17:18:21+07:00,47678,17,35,25.3,89
2024-10-25T17:18:44+07:00,47679,18,37,25.3,89
2024-10-25T17:19:07+07:00,47680,18,37,25.3,89
2024-10-25T17:19:31+07:00,47681,18,38,25.3,90
2024-10-25T17:19:56+07:00,47682,18,37,25.3,90
2024-10-25T17:20:19+07:00,47683,19,36,25.3,90
2024-10-25T17:20:42+07:00,47684,19,36,25.3,90
2024-10-25T17:21:04+07:00,47685,19,37,25.3,90
2024-10-25T17:21:28+07:00,47686,16,37,25.3,90
2024-10-25T17:21:51+07:00,47687,18,38,25.3,91
2024-10-25T17:22:16+07:00,47688,19,37,25.3,91
2024-10-25T17:22:38+07:00,47689,18,36,25.3,91
2024-10-25T17:23:01+07:00,47690,19,36,25.3,91
2024-10-25T17:23:24+07:00,47691,18,36,25.3,91
2024-10-25T17:23:47+07:00,47692,18,37,25.3,92
2024-10-25T17:24:10+07:00,47693,19,37,25.3,92
2024-10-25T17:24:34+07:00,47694,17,36,25.3,92
2024-10-25T17:24:57+07:00,47695,19,36,25.3,92
2024-10-25T17:25:20+07:00,47696,18,38,25.3,92
2024-10-25T17:25:44+07:00,47697,17,36,25.3,92
2024-10-25T17:26:06+07:00,47698,19,35,25.3,92
2024-10-25T17:26:30+07:00,47699,18,36,25.3,92
2024-10-25T17:26:57+07:00,47700,19,34,25.3,92
2024-10-25T17:27:21+07:00,47701,18,36,25.3,91
2024-10-25T17:27:46+07:00,47702,18,37,25.3,90
2024-10-25T17:28:08+07:00,47703,18,36,25.3,90
2024-10-25T17:28:32+07:00,47704,17,35,25.3,90
2024-10-25T17:28:55+07:00,47705,18,37,25.3,90
2024-10-25T17:29:19+07:00,47706,19,36,25.3,89
2024-10-25T17:29:42+07:00,47707,18,35,25.3,89
2024-10-25T17:30:05+07:00,47708,18,38,25.3,89
2024-10-25T17:30:28+07:00,47709,19,36,25.3,89
2024-10-25T17:30:53+07:00,47710,18,36,25.3,89
2024-10-25T17:31:16+07:00,47711,19,37,25.3,89
2024-10-25T17:31:39+07:00,47712,18,38,25.3,89
2024-10-25T17:32:02+07:00,47713,19,36,25.3,89
2024-10-25T17:32:26+07:00,47714,18,37,25.3,89
2024-10-25T17:32:48+07:00,47715,17,34,25.3,89
2024-10-25T17:33:11+07:00,47716,17,37,25.3,90
2024-10-25T17:33:35+07:00,47717,18,37,25.3,89
2024-10-25T17:33:58+07:00,47718,18,36,25.3,88
2024-10-25T17:34:21+07:00,47719,19,37,25.3,88
2024-10-25T17:34:43+07:00,47720,18,36,25.3,87
2024-10-25T17:35:06+07:00,47721,19,35,25.3,85
2024-10-25T17:35:29+07:00,47722,18,36,25.3,85
2024-10-25T17:35:52+07:00,47723,18,36,25.3,85
2024-10-25T17:36:14+07:00,47724,18,37,25.3,85
2024-10-25T17:36:37+07:00,47725,19,36,25.3,84
2024-10-25T17:37:00+07:00,47726,19,37,25.3,83
2024-10-25T17:37:23+07:00,47727,18,36,25.3,82
2024-10-25T17:37:46+07:00,47728,18,36,25.3,82
2024-10-25T17:38:08+07:00,47729,18,36,25.3,81
2024-10-25T17:38:32+07:00,47730,18,36,25.3,82
2024-10-25T17:38:55+07:00,47731,18,36,25.3,83
2024-10-25T17:39:18+07:00,47732,19,36,25.3,84
2024-10-25T17:39:44+07:00,47733,18,36,25.3,84
2024-10-25T17:40:08+07:00,47734,17,36,25.3,82
2024-10-25T17:40:31+07:00,47735,18,38,25.3,82
2024-10-25T17:40:53+07:00,47736,18,36,25.3,83
2024-10-25T17:41:16+07:00,47737,18,37,25.3,83
2024-10-25T17:41:39+07:00,47738,19,36,25.3,83
2024-10-25T17:42:01+07:00,47739,19,38,25.3,84
2024-10-25T17:42:27+07:00,47740,18,36,25.3,84
2024-10-25T17:42:49+07:00,47741,19,37,25.3,84
2024-10-25T17:43:27+07:00,47742,17,36,25.3,85
2024-10-25T17:43:49+07:00,47743,19,35,25.3,85
2024-10-25T17:44:12+07:00,47744,18,35,25.3,86
2024-10-25T17:44:35+07:00,47745,18,38,25.3,86
2024-10-25T17:44:58+07:00,47746,18,37,25.3,87
2024-10-25T17:45:20+07:00,47747,19,37,25.3,88
2024-10-25T17:45:44+07:00,47748,19,36,25.3,88
2024-10-25T17:46:06+07:00,47749,19,37,25.3,88
2024-10-25T17:46:29+07:00,47750,19,35,25.3,89
2024-10-25T17:46:52+07:00,47751,19,35,25.3,89
2024-10-25T17:47:18+07:00,47752,18,36,25.3,89
2024-10-25T17:47:40+07:00,47753,18,37,25.3,88
2024-10-25T17:48:04+07:00,47754,17,36,25.3,88
2024-10-25T17:48:26+07:00,47755,18,36,25.3,87
2024-10-25T17:48:49+07:00,47756,18,37,25.3,87
2024-10-25T17:49:12+07:00,47757,19,35,25.3,87
2024-10-25T17:49:35+07:00,47758,18,36,25.3,87
2024-10-25T17:49:57+07:00,47759,18,35,25.3,88
2024-10-25T17:50:20+07:00,47760,19,38,25.3,88
2024-10-25T17:50:43+07:00,47761,18,38,25.3,88
2024-10-25T17:51:06+07:00,47762,18,36,25.3,89
2024-10-25T17:51:28+07:00,47763,18,35,25.3,89
2024-10-25T17:51:51+07:00,47764,17,36,25.3,89
2024-10-25T17:52:14+07:00,47765,18,36,25.3,89
2024-10-25T17:52:36+07:00,47766,18,37,25.3,89
2024-10-25T17:52:59+07:00,47767,19,36,25.3,89
2024-10-25T17:53:21+07:00,47768,19,36,25.3,89
2024-10-25T17:53:44+07:00,47769,17,36,25.3,89
2024-10-25T17:54:07+07:00,47770,18,35,25.3,89
2024-10-25T17:54:30+07:00,47771,19,38,25.3,89
2024-10-25T17:54:52+07:00,47772,18,37,25.3,89
2024-10-25T17:55:15+07:00,47773,18,36,25.3,89
2024-10-25T17:55:38+07:00,47774,18,37,25.3,89
2024-10-25T17:56:00+07:00,47775,18,36,25.3,89
2024-10-25T17:56:23+07:00,47776,18,35,25.3,89
2024-10-25T17:56:45+07:00,47777,17,36,25.3,89
2024-10-25T17:57:08+07:00,47778,19,34,25.3,89
2024-10-25T17:57:31+07:00,47779,18,37,25.3,88
2024-10-25T17:57:54+07:00,47780,17,37,25.3,89
2024-10-25T17:58:16+07:00,47781,18,37,25.3,89
2024-10-25T17:58:38+07:00,47782,18,36,25.3,89
2024-10-25T17:59:01+07:00,47783,18,36,25.3,89
2024-10-25T17:59:24+07:00,47784,18,35,25.3,89
2024-10-25T17:59:47+07:00,47785,18,36,25.3,89
2024-10-25T18:00:09+07:00,47786,18,37,25.3,89
2024-10-25T18:00:32+07:00,47787,18,37,25.3,89
2024-10-25T18:00:55+07:00,47788,19,36,25.3,89
2024-10-25T18:01:17+07:00,47789,18,38,25.3,89
2024-10-25T18:01:40+07:00,47790,18,35,25.3,89
2024-10-25T18:02:03+07:00,47791,18,36,25.3,90
2024-10-25T18:02:26+07:00,47792,18,37,25.3,89
2024-10-25T18:02:48+07:00,47793,18,36,25.3,89
2024-10-25T18:03:11+07:00,47794,18,36,25.3,88
2024-10-25T18:03:33+07:00,47795,18,37,25.3,88
2024-10-25T18:03:56+07:00,47796,17,37,25.3,88
2024-10-25T18:04:18+07:00,47797,19,37,25.3,88
2024-10-25T18:04:41+07:00,47798,19,36,25.3,88
2024-10-25T18:05:04+07:00,47799,17,35,25.3,88
2024-10-25T18:05:26+07:00,47800,18,36,25.3,89
2024-10-25T18:05:49+07:00,47801,18,35,25.3,89
2024-10-25T18:06:11+07:00,47802,19,36,25.3,89
2024-10-25T18:06:33+07:00,47803,18,36,25.3,89
2024-10-25T18:06:56+07:00,47804,19,36,25.3,89
2024-10-25T18:07:18+07:00,47805,18,36,25.3,90
2024-10-25T18:07:41+07:00,47806,19,36,25.3,89
2024-10-25T18:08:03+07:00,47807,17,36,25.3,89
2024-10-25T18:08:26+07:00,47808,19,37,25.3,89
2024-10-25T18:08:48+07:00,47809,18,36,25.3,89
2024-10-25T18:09:12+07:00,47810,18,35,25.3,90
2024-10-25T18:09:34+07:00,47811,19,36,25.3,90
2024-10-25T18:09:56+07:00,47812,18,38,25.3,90
2024-10-25T18:10:19+07:00,47813,18,36,25.3,90
2024-10-25T18:10:41+07:00,47814,19,35,25.3,90
2024-10-25T18:11:03+07:00,47815,18,37,25.3,90
2024-10-25T18:11:26+07:00,47816,17,37,25.3,90
2024-10-25T18:11:48+07:00,47817,19,37,25.3,90
2024-10-25T18:12:10+07:00,47818,18,36,25.3,90
2024-10-25T18:12:33+07:00,47819,18,38,25.3,90
2024-10-25T18:12:55+07:00,47820,18,36,25.3,90
2024-10-25T18:13:18+07:00,47821,19,36,25.3,90
2024-10-25T18:13:40+07:00,47822,19,37,25.3,90
2024-10-25T18:14:03+07:00,47823,18,37,25.3,90
2024-10-25T18:14:25+07:00,47824,18,35,25.3,90
2024-10-25T18:14:48+07:00,47825,19,36,25.3,90
2024-10-25T18:15:10+07:00,47826,18,36,25.3,90
2024-10-25T18:15:32+07:00,47827,18,36,25.3,90
2024-10-25T18:15:55+07:00,47828,18,37,25.3,90
2024-10-25T18:16:17+07:00,47829,18,37,25.3,90
2024-10-25T18:16:40+07:00,47830,18,37,25.3,90
2024-10-25T18:17:02+07:00,47831,18,37,25.3,90
2024-10-25T18:17:25+07:00,47832,18,36,25.3,90
2024-10-25T18:17:47+07:00,47833,18,36,25.3,90
2024-10-25T18:18:09+07:00,47834,17,35,25.3,90
2024-10-25T18:18:32+07:00,47835,18,37,25.3,90
2024-10-25T18:18:54+07:00,47836,19,36,25.3,89
2024-10-25T18:19:17+07:00,47837,19,38,25.3,89
2024-10-25T18:19:39+07:00,47838,19,35,25.3,89
2024-10-25T18:20:01+07:00,47839,18,36,25.3,89
2024-10-25T18:20:23+07:00,47840,18,36,25.3,89
2024-10-25T18:20:46+07:00,47841,18,37,25.3,89
2024-10-25T18:21:08+07:00,47842,19,37,25.3,89
2024-10-25T18:21:30+07:00,47843,18,35,25.3,89
2024-10-25T18:21:53+07:00,47844,19,36,25.3,89
2024-10-25T18:22:15+07:00,47845,18,38,25.3,89
2024-10-25T18:22:38+07:00,47846,19,36,25.3,89
2024-10-25T18:23:00+07:00,47847,18,36,25.3,89
2024-10-25T18:23:22+07:00,47848,18,37,25.3,89
2024-10-25T18:23:44+07:00,47849,19,38,25.3,89
2024-10-25T18:24:06+07:00,47850,17,36,25.3,89
2024-10-25T18:24:29+07:00,47851,18,35,25.3,89
2024-10-25T18:24:51+07:00,47852,18,36,25.3,89
2024-10-25T18:25:14+07:00,47853,18,39,25.3,89
2024-10-25T18:25:36+07:00,47854,18,35,25.3,89
2024-10-25T18:25:59+07:00,47855,19,36,25.3,89
2024-10-25T18:26:22+07:00,47856,18,37,25.3,89
2024-10-25T18:26:44+07:00,47857,18,36,25.3,89
2024-10-25T18:27:06+07:00,47858,18,36,25.3,89
2024-10-25T18:27:29+07:00,47859,19,37,25.3,89
2024-10-25T18:27:51+07:00,47860,18,39,25.3,89
2024-10-25T18:28:14+07:00,47861,18,37,25.3,89
2024-10-25T18:28:37+07:00,47862,18,35,25.3,89
2024-10-25T18:28:59+07:00,47863,18,34,25.3,88
2024-10-25T18:29:22+07:00,47864,18,35,25.3,88
2024-10-25T18:29:44+07:00,47865,18,38,25.3,88
2024-10-25T18:30:06+07:00,47866,18,36,25.3,88
2024-10-25T18:30:29+07:00,47867,18,37,25.3,87
2024-10-25T18:30:51+07:00,47868,18,38,25.3,87
2024-10-25T18:31:13+07:00,47869,18,36,25.3,88
2024-10-25T18:31:36+07:00,47870,19,37,25.3,89
2024-10-25T18:31:58+07:00,47871,18,36,25.3,89
2024-10-25T18:32:21+07:00,47872,17,36,25.3,89
2024-10-25T18:32:43+07:00,47873,19,35,25.3,89
2024-10-25T18:33:05+07:00,47874,18,36,25.3,89
2024-10-25T18:33:28+07:00,47875,19,38,25.3,89
2024-10-25T18:33:50+07:00,47876,18,36,25.3,89
2024-10-25T18:34:13+07:00,47877,18,35,25.3,89
2024-10-25T18:34:35+07:00,47878,17,35,25.3,90
2024-10-25T18:34:58+07:00,47879,17,36,25.3,90
2024-10-25T18:35:20+07:00,47880,18,35,25.3,90
2024-10-25T18:35:42+07:00,47881,18,34,25.3,90
2024-10-25T18:36:05+07:00,47882,18,36,25.3,90
2024-10-25T18:36:27+07:00,47883,19,37,25.3,90
2024-10-25T18:36:49+07:00,47884,18,36,25.3,90
2024-10-25T18:37:12+07:00,47885,18,35,25.3,90
2024-10-25T18:37:34+07:00,47886,18,35,25.3,90
2024-10-25T18:37:57+07:00,47887,19,35,25.3,90
2024-10-25T18:38:19+07:00,47888,17,38,25.3,90
2024-10-25T18:38:41+07:00,47889,18,35,25.3,90
2024-10-25T18:39:04+07:00,47890,18,35,25.3,89
2024-10-25T18:39:27+07:00,47891,19,36,25.3,89
2024-10-25T18:39:49+07:00,47892,18,35,25.3,89
2024-10-25T18:40:11+07:00,47893,18,35,25.3,89
2024-10-25T18:40:34+07:00,47894,17,35,25.3,89
2024-10-25T18:40:57+07:00,47895,19,37,25.3,89
2024-10-25T18:41:19+07:00,47896,17,36,25.3,89
2024-10-25T18:41:42+07:00,47897,17,36,25.3,89
2024-10-25T18:42:04+07:00,47898,18,35,25.3,89
2024-10-25T18:42:26+07:00,47899,17,36,25.3,89
2024-10-25T18:42:49+07:00,47900,17,35,25.3,89
2024-10-25T18:43:11+07:00,47901,17,36,25.3,90
2024-10-25T18:43:34+07:00,47902,17,37,25.3,90
2024-10-25T18:43:56+07:00,47903,18,36,25.3,90
2024-10-25T18:44:18+07:00,47904,17,37,25.3,90
2024-10-25T18:44:40+07:00,47905,18,36,25.3,90
2024-10-25T18:45:03+07:00,47906,18,36,25.3,90
2024-10-25T18:45:25+07:00,47907,18,36,25.3,90
2024-10-25T18:45:47+07:00,47908,18,36,25.3,90
2024-10-25T18:46:10+07:00,47909,19,37,25.3,90
2024-10-25T18:46:32+07:00,47910,17,36,25.3,90
2024-10-25T18:46:55+07:00,47911,18,37,25.3,91
2024-10-25T18:47:18+07:00,47912,18,36,25.3,91
2024-10-25T18:47:40+07:00,47913,19,37,25.3,91
2024-10-25T18:48:02+07:00,47914,18,36,25.3,91
2024-10-25T18:48:24+07:00,47915,19,36,25.3,92
2024-10-25T18:48:46+07:00,47916,18,37,25.3,92
2024-10-25T18:49:09+07:00,47917,18,35,25.3,92
2024-10-25T18:49:32+07:00,47918,18,37,25.3,91
2024-10-25T18:49:54+07:00,47919,18,35,25.3,91
2024-10-25T18:50:16+07:00,47920,18,38,25.3,91
2024-10-25T18:50:39+07:00,47921,19,36,25.3,91
2024-10-25T18:51:01+07:00,47922,18,37,25.3,90
2024-10-25T18:51:23+07:00,47923,17,35,25.3,90
2024-10-25T18:51:45+07:00,47924,18,36,25.3,90
2024-10-25T18:52:08+07:00,47925,18,37,25.3,90
2024-10-25T18:52:30+07:00,47926,19,36,25.3,90
2024-10-25T18:52:52+07:00,47927,18,36,25.3,90
2024-10-25T18:53:15+07:00,47928,17,35,25.3,90
2024-10-25T18:53:37+07:00,47929,18,36,25.3,90
2024-10-25T18:54:00+07:00,47930,18,35,25.3,90
2024-10-25T18:54:22+07:00,47931,18,37,25.3,89
2024-10-25T18:54:45+07:00,47932,18,36,25.3,90
2024-10-25T18:55:07+07:00,47933,18,36,25.3,90
2024-10-25T18:55:29+07:00,47934,19,34,25.3,90
2024-10-25T18:55:51+07:00,47935,18,35,25.3,89
2024-10-25T18:56:14+07:00,47936,17,34,25.3,89
2024-10-25T18:56:36+07:00,47937,18,37,25.3,89
2024-10-25T18:56:58+07:00,47938,18,35,25.3,89
2024-10-25T18:57:21+07:00,47939,18,35,25.3,89
2024-10-25T18:57:43+07:00,47940,18,37,25.3,89
2024-10-25T18:58:06+07:00,47941,18,35,25.3,89
2024-10-25T18:58:28+07:00,47942,19,37,25.3,89
2024-10-25T18:58:51+07:00,47943,19,35,25.3,89
2024-10-25T18:59:14+07:00,47944,17,36,25.3,89
2024-10-25T18:59:36+07:00,47945,18,36,25.3,89
2024-10-25T18:59:58+07:00,47946,17,36,25.3,89
2024-10-25T19:00:21+07:00,47947,18,36,25.3,89
2024-10-25T19:00:43+07:00,47948,17,36,25.3,89
2024-10-25T19:01:05+07:00,47949,19,37,25.3,89
2024-10-25T19:01:27+07:00,47950,17,36,25.3,88
2024-10-25T19:01:49+07:00,47951,18,35,25.3,87
2024-10-25T19:02:12+07:00,47952,18,37,25.3,88
2024-10-25T19:02:34+07:00,47953,19,36,25.3,87
2024-10-25T19:02:56+07:00,47954,18,37,25.3,87
2024-10-25T19:03:18+07:00,47955,18,35,25.3,88
2024-10-25T19:03:40+07:00,47956,17,35,25.3,88
2024-10-25T19:04:02+07:00,47957,19,38,25.3,89
2024-10-25T19:04:25+07:00,47958,17,35,25.3,89
2024-10-25T19:04:47+07:00,47959,18,37,25.3,88
2024-10-25T19:05:09+07:00,47960,18,36,25.3,89
2024-10-25T19:05:31+07:00,47961,17,35,25.3,89
2024-10-25T19:05:53+07:00,47962,18,37,25.3,89
2024-10-25T19:06:15+07:00,47963,19,36,25.3,88
2024-10-25T19:06:38+07:00,47964,18,36,25.3,86
2024-10-25T19:07:01+07:00,47965,17,35,25.3,85
2024-10-25T19:07:22+07:00,47966,18,35,25.3,84
2024-10-25T19:07:45+07:00,47967,18,35,25.3,84
2024-10-25T19:08:07+07:00,47968,18,36,25.3,84
2024-10-25T19:08:29+07:00,47969,18,35,25.3,83
2024-10-25T19:08:51+07:00,47970,18,36,25.3,83
2024-10-25T19:09:13+07:00,47971,17,34,25.3,82
2024-10-25T19:09:35+07:00,47972,19,36,25.3,82
2024-10-25T19:09:57+07:00,47973,19,35,25.3,82
2024-10-25T19:10:20+07:00,47974,18,36,25.3,82
2024-10-25T19:10:42+07:00,47975,20,33,25.3,82
2024-10-25T19:11:04+07:00,47976,19,35,25.3,82
2024-10-25T19:11:27+07:00,47977,17,35,25.3,81
2024-10-25T19:11:49+07:00,47978,18,36,25.3,81
2024-10-25T19:12:11+07:00,47979,19,35,25.3,82
2024-10-25T19:12:33+07:00,47980,19,34,25.3,81
2024-10-25T19:12:55+07:00,47981,18,36,25.3,81
2024-10-25T19:13:17+07:00,47982,19,36,25.3,81
2024-10-25T19:13:39+07:00,47983,18,36,25.3,81
2024-10-25T19:14:01+07:00,47984,18,35,25.3,82
2024-10-25T19:14:24+07:00,47985,18,38,25.3,82
2024-10-25T19:14:46+07:00,47986,19,35,25.3,83
2024-10-25T19:15:08+07:00,47987,19,36,25.3,81
2024-10-25T19:15:30+07:00,47988,18,35,25.3,81
2024-10-25T19:15:52+07:00,47989,18,35,25.3,81
2024-10-25T19:16:15+07:00,47990,18,35,25.3,82
2024-10-25T19:16:37+07:00,47991,18,36,25.3,83
2024-10-25T19:16:59+07:00,47992,19,35,25.3,84
2024-10-25T19:17:21+07:00,47993,19,36,25.3,83
2024-10-25T19:17:43+07:00,47994,17,37,25.3,84
2024-10-25T19:18:06+07:00,47995,19,35,25.3,84
2024-10-25T19:18:28+07:00,47996,18,36,25.3,84
2024-10-25T19:18:50+07:00,47997,19,36,25.3,84
2024-10-25T19:19:12+07:00,47998,18,37,25.3,84
2024-10-25T19:19:34+07:00,47999,18,35,25.3,83
2024-10-25T19:19:56+07:00,48000,19,35,25.3,82
2024-10-25T19:20:19+07:00,48001,18,35,25.3,82
2024-10-25T19:20:41+07:00,48002,18,37,25.3,82
2024-10-25T19:21:03+07:00,48003,17,37,25.3,82
2024-10-25T19:21:25+07:00,48004,18,35,25.3,83
2024-10-25T19:21:47+07:00,48005,18,34,25.3,83
2024-10-25T19:22:10+07:00,48006,19,35,25.3,84
2024-10-25T19:22:32+07:00,48007,18,35,25.3,85
2024-10-25T19:22:54+07:00,48008,17,35,25.3,85
2024-10-25T19:23:16+07:00,48009,18,35,25.3,85
2024-10-25T19:23:39+07:00,48010,17,35,25.3,85
2024-10-25T19:24:01+07:00,48011,18,35,25.3,85
2024-10-25T19:24:23+07:00,48012,19,37,25.3,85
2024-10-25T19:24:45+07:00,48013,18,35,25.3,85
2024-10-25T19:25:07+07:00,48014,19,34,25.3,86
2024-10-25T19:25:29+07:00,48015,17,36,25.3,85
2024-10-25T19:25:51+07:00,48016,19,35,25.3,85
2024-10-25T19:26:13+07:00,48017,19,35,25.3,85
2024-10-25T19:26:35+07:00,48018,18,37,25.3,85
2024-10-25T19:26:57+07:00,48019,18,35,25.3,85
2024-10-25T19:27:20+07:00,48020,18,37,25.3,85
2024-10-25T19:27:42+07:00,48021,18,36,25.3,85
2024-10-25T19:28:04+07:00,48022,19,33,25.3,85
2024-10-25T19:28:26+07:00,48023,18,35,25.3,85
2024-10-25T19:28:48+07:00,48024,18,36,25.3,85
2024-10-25T19:29:10+07:00,48025,18,35,25.3,85
2024-10-25T19:29:33+07:00,48026,18,35,25.3,85
2024-10-25T19:29:55+07:00,48027,18,35,25.3,85
2024-10-25T19:30:17+07:00,48028,19,36,25.3,85
2024-10-25T19:30:39+07:00,48029,19,37,25.3,85
2024-10-25T19:31:01+07:00,48030,18,35,25.3,85
2024-10-25T19:31:24+07:00,48031,18,36,25.3,85
2024-10-25T19:31:46+07:00,48032,19,35,25.3,86
2024-10-25T19:32:08+07:00,48033,18,36,25.3,86
2024-10-25T19:32:30+07:00,48034,18,35,25.3,87
2024-10-25T19:32:52+07:00,48035,18,36,25.3,87
2024-10-25T19:33:14+07:00,48036,18,35,25.3,88
2024-10-25T19:33:36+07:00,48037,18,36,25.3,88
2024-10-25T19:33:58+07:00,48038,19,35,25.3,87
2024-10-25T19:34:21+07:00,48039,18,36,25.3,87
2024-10-25T19:34:43+07:00,48040,18,36,25.3,87
2024-10-25T19:35:05+07:00,48041,18,37,25.3,87
2024-10-25T19:35:27+07:00,48042,18,35,25.3,87
2024-10-25T19:35:49+07:00,48043,17,37,25.3,87
2024-10-25T19:36:12+07:00,48044,18,35,25.3,87
2024-10-25T19:36:34+07:00,48045,19,35,25.3,88
2024-10-25T19:36:56+07:00,48046,19,36,25.3,88
2024-10-25T19:37:18+07:00,48047,19,37,25.3,88
2024-10-25T19:37:41+07:00,48048,18,36,25.3,87
2024-10-25T19:38:03+07:00,48049,18,38,25.3,87
2024-10-25T19:38:25+07:00,48050,18,37,25.3,88
2024-10-25T19:38:47+07:00,48051,19,37,25.3,88
2024-10-25T19:39:09+07:00,48052,19,35,25.3,88
2024-10-25T19:39:31+07:00,48053,18,37,25.3,88
2024-10-25T19:39:53+07:00,48054,19,37,25.3,88
2024-10-25T19:40:15+07:00,48055,17,34,25.3,88
2024-10-25T19:40:38+07:00,48056,19,36,25.3,88
2024-10-25T19:41:00+07:00,48057,19,35,25.3,89
2024-10-25T19:41:22+07:00,48058,18,36,25.3,89
2024-10-25T19:41:44+07:00,48059,18,35,25.3,89
2024-10-25T19:42:07+07:00,48060,18,35,25.3,88
2024-10-25T19:42:29+07:00,48061,19,35,25.3,89
2024-10-25T19:42:51+07:00,48062,18,36,25.3,89
2024-10-25T19:43:14+07:00,48063,17,34,25.3,89
2024-10-25T19:43:36+07:00,48064,18,34,25.3,89
2024-10-25T19:43:58+07:00,48065,18,36,25.3,88
2024-10-25T19:44:21+07:00,48066,19,36,25.3,88
2024-10-25T19:44:43+07:00,48067,18,36,25.3,88
2024-10-25T19:45:05+07:00,48068,18,35,25.3,88
2024-10-25T19:45:27+07:00,48069,18,34,25.3,88
2024-10-25T19:45:50+07:00,48070,18,37,25.3,88
2024-10-25T19:46:11+07:00,48071,19,36,25.3,88
2024-10-25T19:46:34+07:00,48072,18,36,25.3,88
2024-10-25T19:46:56+07:00,48073,18,37,25.3,88
2024-10-25T19:47:18+07:00,48074,18,33,25.3,88
2024-10-25T19:47:40+07:00,48075,18,37,25.3,89
2024-10-25T19:48:02+07:00,48076,18,35,25.3,89
2024-10-25T19:48:24+07:00,48077,18,34,25.3,89
2024-10-25T19:48:47+07:00,48078,19,36,25.3,89
2024-10-25T19:49:09+07:00,48079,17,35,25.3,89
2024-10-25T19:49:31+07:00,48080,17,35,25.3,89
2024-10-25T19:49:53+07:00,48081,18,35,25.3,89
2024-10-25T19:50:15+07:00,48082,18,36,25.3,89
2024-10-25T19:50:37+07:00,48083,18,36,25.3,89
2024-10-25T19:51:00+07:00,48084,17,37,25.3,89
2024-10-25T19:51:22+07:00,48085,17,36,25.3,89
2024-10-25T19:51:45+07:00,48086,18,36,25.3,89
2024-10-25T19:52:07+07:00,48087,17,38,25.3,90
2024-10-25T19:52:29+07:00,48088,19,35,25.3,90
2024-10-25T19:52:51+07:00,48089,18,35,25.3,90
2024-10-25T19:53:14+07:00,48090,18,36,25.3,89
2024-10-25T19:53:36+07:00,48091,18,36,25.3,89
2024-10-25T19:53:59+07:00,48092,17,36,25.3,89
2024-10-25T19:54:21+07:00,48093,18,36,25.3,89
2024-10-25T19:54:43+07:00,48094,18,36,25.3,89
2024-10-25T19:55:06+07:00,48095,18,35,25.3,89
2024-10-25T19:55:28+07:00,48096,19,36,25.3,89
2024-10-25T19:55:50+07:00,48097,17,36,25.3,89
2024-10-25T19:56:12+07:00,48098,17,36,25.3,89
2024-10-25T19:56:34+07:00,48099,18,36,25.3,89
2024-10-25T19:56:57+07:00,48100,17,36,25.3,89
2024-10-25T19:57:18+07:00,48101,18,35,25.3,90
2024-10-25T19:57:41+07:00,48102,18,37,25.3,90
2024-10-25T19:58:03+07:00,48103,18,35,25.3,90
2024-10-25T19:58:25+07:00,48104,17,34,25.3,90
2024-10-25T19:58:47+07:00,48105,18,36,25.3,90
2024-10-25T19:59:09+07:00,48106,17,35,25.3,90
2024-10-25T19:59:31+07:00,48107,18,35,25.3,90
2024-10-25T19:59:53+07:00,48108,17,36,25.3,89
2024-10-25T20:00:16+07:00,48109,17,35,25.3,89
2024-10-25T20:00:38+07:00,48110,17,36,25.3,89
2024-10-25T20:01:01+07:00,48111,15,36,25.3,89
2024-10-25T20:01:23+07:00,48112,18,37,25.3,89
2024-10-25T20:01:45+07:00,48113,17,37,25.3,90
2024-10-25T20:02:07+07:00,48114,18,35,25.3,90
2024-10-25T20:02:29+07:00,48115,17,36,25.3,90
2024-10-25T20:02:51+07:00,48116,18,36,25.3,90
2024-10-25T20:03:13+07:00,48117,18,35,25.3,90
2024-10-25T20:03:35+07:00,48118,17,34,25.3,90
2024-10-25T20:03:58+07:00,48119,18,36,25.3,90
2024-10-25T20:04:20+07:00,48120,18,35,25.3,91
2024-10-25T20:04:42+07:00,48121,18,36,25.3,91
2024-10-25T20:05:04+07:00,48122,17,35,25.3,91
2024-10-25T20:05:26+07:00,48123,17,34,25.3,92
2024-10-25T20:05:48+07:00,48124,18,35,25.3,92
2024-10-25T20:06:10+07:00,48125,18,36,25.3,92
2024-10-25T20:06:33+07:00,48126,18,36,25.3,92
2024-10-25T20:06:56+07:00,48127,18,36,25.3,92
2024-10-25T20:07:18+07:00,48128,18,37,25.3,92
2024-10-25T20:07:40+07:00,48129,17,36,25.3,92
2024-10-25T20:08:02+07:00,48130,18,35,25.3,92
2024-10-25T20:08:24+07:00,48131,18,36,25.3,92
2024-10-25T20:08:46+07:00,48132,17,35,25.3,92
2024-10-25T20:09:08+07:00,48133,17,34,25.3,92
2024-10-25T20:09:31+07:00,48134,17,36,25.3,92
2024-10-25T20:09:53+07:00,48135,18,35,25.3,92
2024-10-25T20:10:15+07:00,48136,17,36,25.3,92
2024-10-25T20:10:37+07:00,48137,18,35,25.3,93
2024-10-25T20:10:59+07:00,48138,17,37,25.3,92
2024-10-25T20:11:21+07:00,48139,18,33,25.3,92
2024-10-25T20:11:44+07:00,48140,18,36,25.3,92
2024-10-25T20:12:06+07:00,48141,19,37,25.3,92
2024-10-25T20:12:28+07:00,48142,17,35,25.3,92
2024-10-25T20:12:51+07:00,48143,18,35,25.3,92
2024-10-25T20:13:13+07:00,48144,17,35,25.3,92
2024-10-25T20:13:35+07:00,48145,18,36,25.3,92
2024-10-25T20:13:58+07:00,48146,17,38,25.3,92
2024-10-25T20:14:20+07:00,48147,18,37,25.3,92
2024-10-25T20:14:42+07:00,48148,19,36,25.3,92
2024-10-25T20:15:04+07:00,48149,18,36,25.3,92
2024-10-25T20:15:27+07:00,48150,17,35,25.3,92
2024-10-25T20:15:49+07:00,48151,18,33,25.3,92
2024-10-25T20:16:12+07:00,48152,19,36,25.3,92
2024-10-25T20:16:34+07:00,48153,18,35,25.3,92
2024-10-25T20:16:56+07:00,48154,17,35,25.3,92
2024-10-25T20:17:19+07:00,48155,18,35,25.3,92
2024-10-25T20:17:46+07:00,48156,17,34,25.3,92
2024-10-25T20:18:08+07:00,48157,17,35,25.3,91
2024-10-25T20:18:35+07:00,48158,17,36,25.3,91
2024-10-25T20:18:59+07:00,48159,16,36,25.3,92
2024-10-25T20:19:23+07:00,48160,19,36,25.3,91
2024-10-25T20:19:46+07:00,48161,17,36,25.3,91
2024-10-25T20:20:08+07:00,48162,17,34,25.3,91
2024-10-25T20:20:30+07:00,48163,17,35,25.3,91
2024-10-25T20:20:53+07:00,48164,17,37,25.3,91
2024-10-25T20:21:15+07:00,48165,18,35,25.3,91
2024-10-25T20:21:37+07:00,48166,17,35,25.3,91
2024-10-25T20:21:59+07:00,48167,17,36,25.3,91
2024-10-25T20:22:21+07:00,48168,18,35,25.3,91
2024-10-25T20:22:43+07:00,48169,18,36,25.3,91
2024-10-25T20:23:06+07:00,48170,17,36,25.3,91
2024-10-25T20:23:28+07:00,48171,18,36,25.3,91
2024-10-25T20:23:50+07:00,48172,17,36,25.3,92
2024-10-25T20:24:12+07:00,48173,18,34,25.3,92
2024-10-25T20:24:34+07:00,48174,17,34,25.3,92
2024-10-25T20:24:57+07:00,48175,17,34,25.3,92
2024-10-25T20:25:19+07:00,48176,17,35,25.3,92
2024-10-25T20:25:42+07:00,48177,18,35,25.3,92
2024-10-25T20:26:04+07:00,48178,18,36,25.3,92
2024-10-25T20:26:26+07:00,48179,17,37,25.3,93
2024-10-25T20:26:49+07:00,48180,18,35,25.3,92
2024-10-25T20:27:12+07:00,48181,18,34,25.3,92
2024-10-25T20:27:33+07:00,48182,17,35,25.3,93
2024-10-25T20:27:56+07:00,48183,17,35,25.3,93
2024-10-25T20:28:18+07:00,48184,17,36,25.3,93
2024-10-25T20:28:40+07:00,48185,17,36,25.3,93
2024-10-25T20:29:03+07:00,48186,18,35,25.3,93
2024-10-25T20:29:25+07:00,48187,17,35,25.3,93
2024-10-25T20:29:47+07:00,48188,17,37,25.3,92
2024-10-25T20:30:09+07:00,48189,17,37,25.3,92
2024-10-25T20:30:31+07:00,48190,17,37,25.3,92
2024-10-25T20:30:54+07:00,48191,18,35,25.3,92
2024-10-25T20:31:16+07:00,48192,18,36,25.3,92
2024-10-25T20:31:38+07:00,48193,18,35,25.3,91
2024-10-25T20:32:00+07:00,48194,18,34,25.3,91
2024-10-25T20:32:23+07:00,48195,17,35,25.3,90
2024-10-25T20:32:45+07:00,48196,17,34,25.3,91
2024-10-25T20:33:07+07:00,48197,18,36,25.3,91
2024-10-25T20:33:30+07:00,48198,18,34,25.3,91
2024-10-25T20:33:52+07:00,48199,18,35,25.3,91
2024-10-25T20:34:14+07:00,48200,19,37,25.3,90
2024-10-25T20:34:36+07:00,48201,17,34,25.3,90
2024-10-25T20:34:58+07:00,48202,18,36,25.3,90
2024-10-25T20:35:21+07:00,48203,18,37,25.3,89
2024-10-25T20:35:43+07:00,48204,18,35,25.3,89
2024-10-25T20:36:05+07:00,48205,18,36,25.3,88
2024-10-25T20:36:27+07:00,48206,17,36,25.3,88
2024-10-25T20:36:50+07:00,48207,17,34,25.3,88
2024-10-25T20:37:12+07:00,48208,18,35,25.3,89
2024-10-25T20:37:34+07:00,48209,18,35,25.3,89
2024-10-25T20:37:57+07:00,48210,18,35,25.3,88
2024-10-25T20:38:19+07:00,48211,18,35,25.3,88
2024-10-25T20:38:41+07:00,48212,17,36,25.3,88
2024-10-25T20:39:04+07:00,48213,17,35,25.3,88
2024-10-25T20:39:26+07:00,48214,18,36,25.3,89
2024-10-25T20:39:48+07:00,48215,18,36,25.3,89
2024-10-25T20:40:11+07:00,48216,17,36,25.3,89
2024-10-25T20:40:33+07:00,48217,18,36,25.3,89
2024-10-25T20:40:55+07:00,48218,17,36,25.3,90
2024-10-25T20:41:18+07:00,48219,17,35,25.3,90
2024-10-25T20:41:40+07:00,48220,18,35,25.3,90
2024-10-25T20:42:03+07:00,48221,18,33,25.3,90
2024-10-25T20:42:25+07:00,48222,18,36,25.3,90
2024-10-25T20:42:48+07:00,48223,17,36,25.3,91
2024-10-25T20:43:10+07:00,48224,17,35,25.3,91
2024-10-25T20:43:32+07:00,48225,18,34,25.3,91
2024-10-25T20:43:55+07:00,48226,17,36,25.3,91
2024-10-25T20:44:18+07:00,48227,19,35,25.3,91
2024-10-25T20:44:40+07:00,48228,17,33,25.3,91
2024-10-25T20:45:02+07:00,48229,18,35,25.3,91
2024-10-25T20:45:24+07:00,48230,17,35,25.3,91
2024-10-25T20:45:46+07:00,48231,17,35,25.3,91
2024-10-25T20:46:09+07:00,48232,18,32,25.3,90
2024-10-25T20:46:31+07:00,48233,18,36,25.3,91
2024-10-25T20:46:53+07:00,48234,17,36,25.3,91
2024-10-25T20:47:16+07:00,48235,17,35,25.3,91
2024-10-25T20:47:38+07:00,48236,17,35,25.3,92
2024-10-25T20:48:00+07:00,48237,18,34,25.3,92
2024-10-25T20:48:23+07:00,48238,18,35,25.3,92
2024-10-25T20:48:45+07:00,48239,17,34,25.3,92
2024-10-25T20:49:09+07:00,48240,16,33,25.3,93
2024-10-25T20:49:32+07:00,48241,17,35,25.3,93
2024-10-25T20:49:54+07:00,48242,18,36,25.3,93
2024-10-25T20:50:16+07:00,48243,18,35,25.3,93
2024-10-25T20:50:38+07:00,48244,18,37,25.3,93
2024-10-25T20:51:00+07:00,48245,18,36,25.3,93
2024-10-25T20:51:23+07:00,48246,17,35,25.3,93
2024-10-25T20:51:45+07:00,48247,18,34,25.3,93
2024-10-25T20:52:07+07:00,48248,17,34,25.3,93
2024-10-25T20:52:30+07:00,48249,17,36,25.3,93
2024-10-25T20:52:52+07:00,48250,17,35,25.3,93
2024-10-25T20:53:14+07:00,48251,18,35,25.3,92
2024-10-25T20:53:37+07:00,48252,18,36,25.3,92
2024-10-25T20:53:59+07:00,48253,19,35,25.3,92
2024-10-25T20:54:21+07:00,48254,17,34,25.3,93
2024-10-25T20:54:43+07:00,48255,17,34,25.3,93
2024-10-25T20:55:06+07:00,48256,19,36,25.3,93
2024-10-25T20:55:28+07:00,48257,18,35,25.3,93
2024-10-25T20:55:51+07:00,48258,18,36,25.3,93
2024-10-25T20:56:13+07:00,48259,18,36,25.3,93
2024-10-25T20:56:35+07:00,48260,18,36,25.3,93
2024-10-25T20:56:57+07:00,48261,17,34,25.3,93
2024-10-25T20:57:20+07:00,48262,17,35,25.3,93
2024-10-25T20:57:42+07:00,48263,18,35,25.3,93
2024-10-25T20:58:04+07:00,48264,17,35,25.3,93
2024-10-25T20:58:26+07:00,48265,18,36,25.3,93
2024-10-25T20:58:48+07:00,48266,17,36,25.3,93
2024-10-25T20:59:10+07:00,48267,18,34,25.3,93
2024-10-25T20:59:33+07:00,48268,18,36,25.3,93
2024-10-25T20:59:55+07:00,48269,18,35,25.3,92
2024-10-25T21:00:17+07:00,48270,17,36,25.3,92
2024-10-25T21:00:40+07:00,48271,17,36,25.3,91
2024-10-25T21:01:02+07:00,48272,18,37,25.3,91
2024-10-25T21:01:25+07:00,48273,17,36,25.3,90
2024-10-25T21:01:47+07:00,48274,18,35,25.3,90
2024-10-25T21:02:09+07:00,48275,18,35,25.3,90
2024-10-25T21:02:31+07:00,48276,18,33,25.3,90
2024-10-25T21:02:54+07:00,48277,19,36,25.3,90
2024-10-25T21:03:16+07:00,48278,18,34,25.3,90
2024-10-25T21:03:38+07:00,48279,19,37,25.3,90
2024-10-25T21:04:01+07:00,48280,18,36,25.3,90
2024-10-25T21:04:23+07:00,48281,19,36,25.3,90
2024-10-25T21:04:45+07:00,48282,18,35,25.3,89
2024-10-25T21:05:08+07:00,48283,18,33,25.3,89
2024-10-25T21:05:30+07:00,48284,18,34,25.3,89
2024-10-25T21:05:52+07:00,48285,18,36,25.3,89
2024-10-25T21:06:15+07:00,48286,18,36,25.3,89
2024-10-25T21:06:37+07:00,48287,18,37,25.3,89
2024-10-25T21:06:59+07:00,48288,18,35,25.3,90
2024-10-25T21:07:22+07:00,48289,18,36,25.3,90
2024-10-25T21:07:45+07:00,48290,17,34,25.3,90
2024-10-25T21:08:07+07:00,48291,18,37,25.3,90
2024-10-25T21:08:29+07:00,48292,18,35,25.3,89
2024-10-25T21:08:52+07:00,48293,18,37,24.9,89
2024-10-25T21:09:14+07:00,48294,17,35,24.8,89
2024-10-25T21:09:37+07:00,48295,17,35,24.8,89
2024-10-25T21:09:59+07:00,48296,18,35,24.9,89
2024-10-25T21:10:21+07:00,48297,18,35,24.9,90
2024-10-25T21:10:44+07:00,48298,18,35,24.9,90
2024-10-25T21:11:07+07:00,48299,18,36,24.8,90
2024-10-25T21:11:29+07:00,48300,18,36,24.8,90
2024-10-25T21:11:51+07:00,48301,17,36,24.9,91
2024-10-25T21:12:13+07:00,48302,18,37,24.8,91
2024-10-25T21:12:35+07:00,48303,19,37,24.8,91
2024-10-25T21:12:58+07:00,48304,17,35,24.8,91
2024-10-25T21:13:20+07:00,48305,19,35,24.8,91
2024-10-25T21:13:44+07:00,48306,17,35,24.8,91
2024-10-25T21:14:06+07:00,48307,19,35,24.8,91
2024-10-25T21:14:29+07:00,48308,18,35,24.8,91
2024-10-25T21:14:51+07:00,48309,18,34,24.8,91
2024-10-25T21:15:13+07:00,48310,18,35,24.9,92
2024-10-25T21:15:35+07:00,48311,18,36,24.8,92
2024-10-25T21:15:57+07:00,48312,17,35,24.8,92
2024-10-25T21:16:20+07:00,48313,18,36,24.8,91
2024-10-25T21:16:43+07:00,48314,17,35,24.8,92
2024-10-25T21:17:05+07:00,48315,17,34,24.8,92
2024-10-25T21:17:28+07:00,48316,17,36,24.8,92
2024-10-25T21:17:50+07:00,48317,18,36,24.8,92
2024-10-25T21:18:12+07:00,48318,18,35,24.8,91
2024-10-25T21:18:35+07:00,48319,17,36,24.8,91
2024-10-25T21:18:58+07:00,48320,17,35,24.8,92
2024-10-25T21:19:20+07:00,48321,16,34,24.8,92
2024-10-25T21:19:43+07:00,48322,17,36,24.8,92
2024-10-25T21:20:06+07:00,48323,18,35,24.8,91
2024-10-25T21:20:28+07:00,48324,18,36,24.8,89
2024-10-25T21:20:50+07:00,48325,18,34,24.8,89
2024-10-25T21:21:13+07:00,48326,18,36,24.8,88
2024-10-25T21:21:36+07:00,48327,19,36,24.8,88
2024-10-25T21:21:58+07:00,48328,18,37,24.8,89
2024-10-25T21:22:20+07:00,48329,17,34,24.8,89
2024-10-25T21:22:42+07:00,48330,19,34,24.8,89
2024-10-25T21:23:04+07:00,48331,17,34,24.8,89
2024-10-25T21:23:27+07:00,48332,18,37,24.8,89
2024-10-25T21:23:49+07:00,48333,18,36,24.8,89
2024-10-25T21:24:12+07:00,48334,18,35,24.8,89
2024-10-25T21:24:34+07:00,48335,19,34,24.8,89
2024-10-25T21:24:57+07:00,48336,17,36,24.8,89
2024-10-25T21:25:19+07:00,48337,18,37,24.8,89
2024-10-25T21:25:42+07:00,48338,18,36,24.8,89
2024-10-25T21:26:05+07:00,48339,17,34,24.8,89
2024-10-25T21:26:27+07:00,48340,17,36,24.8,89
2024-10-25T21:26:49+07:00,48341,17,35,24.8,89
2024-10-25T21:27:11+07:00,48342,18,36,24.8,89
2024-10-25T21:27:34+07:00,48343,17,36,24.8,89
2024-10-25T21:27:57+07:00,48344,18,35,24.8,89
2024-10-25T21:28:19+07:00,48345,17,35,24.8,89
2024-10-25T21:28:42+07:00,48346,16,35,24.8,89
2024-10-25T21:29:04+07:00,48347,18,35,24.8,88
2024-10-25T21:29:27+07:00,48348,17,35,24.8,88
2024-10-25T21:29:49+07:00,48349,18,35,24.8,87
2024-10-25T21:30:12+07:00,48350,17,34,24.8,86
2024-10-25T21:30:35+07:00,48351,18,35,24.8,86
2024-10-25T21:30:57+07:00,48352,17,36,24.8,86
2024-10-25T21:31:19+07:00,48353,19,35,24.8,86
2024-10-25T21:31:42+07:00,48354,19,34,24.8,86
2024-10-25T21:32:04+07:00,48355,19,37,24.8,86
2024-10-25T21:32:27+07:00,48356,18,37,24.8,88
2024-10-25T21:32:49+07:00,48357,18,35,24.8,89
2024-10-25T21:33:12+07:00,48358,18,35,24.8,89
2024-10-25T21:33:34+07:00,48359,18,35,24.8,89
2024-10-25T21:33:57+07:00,48360,17,35,24.8,89
2024-10-25T21:34:19+07:00,48361,18,34,24.8,89
2024-10-25T21:34:41+07:00,48362,19,35,24.8,89
2024-10-25T21:35:04+07:00,48363,17,37,24.8,89
2024-10-25T21:35:26+07:00,48364,18,36,24.8,89
2024-10-25T21:35:49+07:00,48365,18,34,24.8,89
2024-10-25T21:36:11+07:00,48366,18,36,24.8,89
2024-10-25T21:36:34+07:00,48367,18,36,24.8,89
2024-10-25T21:36:57+07:00,48368,18,34,24.8,90
2024-10-25T21:37:19+07:00,48369,18,35,24.8,90
2024-10-25T21:37:42+07:00,48370,18,36,24.8,90
2024-10-25T21:38:04+07:00,48371,17,36,24.8,90
2024-10-25T21:38:27+07:00,48372,18,36,24.8,90
2024-10-25T21:38:50+07:00,48373,18,35,24.8,91
2024-10-25T21:39:12+07:00,48374,18,35,24.8,91
2024-10-25T21:39:35+07:00,48375,18,32,24.8,90
2024-10-25T21:39:57+07:00,48376,18,34,24.8,91
2024-10-25T21:40:19+07:00,48377,17,35,24.8,91
2024-10-25T21:40:42+07:00,48378,17,37,24.8,91
2024-10-25T21:41:04+07:00,48379,18,34,24.8,90
2024-10-25T21:41:27+07:00,48380,18,35,24.8,90
2024-10-25T21:41:49+07:00,48381,19,35,24.8,90
2024-10-25T21:42:12+07:00,48382,17,35,24.8,90
2024-10-25T21:42:34+07:00,48383,18,35,24.8,90
2024-10-25T21:42:57+07:00,48384,18,35,24.8,90
2024-10-25T21:43:19+07:00,48385,18,35,24.8,91
2024-10-25T21:43:42+07:00,48386,18,35,24.8,90
2024-10-25T21:44:05+07:00,48387,18,37,24.8,90
2024-10-25T21:44:27+07:00,48388,17,36,24.8,90
2024-10-25T21:44:50+07:00,48389,17,36,24.8,91
2024-10-25T21:45:12+07:00,48390,17,35,24.8,90
2024-10-25T21:45:35+07:00,48391,18,36,24.8,90
2024-10-25T21:45:57+07:00,48392,18,37,24.8,90
2024-10-25T21:46:20+07:00,48393,19,37,24.8,90
2024-10-25T21:46:42+07:00,48394,18,35,24.8,90
2024-10-25T21:47:04+07:00,48395,18,35,24.8,90
2024-10-25T21:47:27+07:00,48396,18,37,24.8,90
2024-10-25T21:47:49+07:00,48397,18,35,24.8,90
2024-10-25T21:48:12+07:00,48398,18,36,24.8,90
2024-10-25T21:48:34+07:00,48399,17,34,24.8,90
2024-10-25T21:48:57+07:00,48400,18,35,24.8,91
2024-10-25T21:49:19+07:00,48401,18,36,24.8,91
2024-10-25T21:49:42+07:00,48402,18,37,24.8,91
2024-10-25T21:50:05+07:00,48403,17,36,24.8,92
2024-10-25T21:50:28+07:00,48404,18,35,24.8,92
2024-10-25T21:50:51+07:00,48405,19,35,24.8,92
2024-10-25T21:51:13+07:00,48406,19,36,24.8,91
2024-10-25T21:51:36+07:00,48407,18,36,24.8,91
2024-10-25T21:51:59+07:00,48408,17,34,24.8,91
2024-10-25T21:52:21+07:00,48409,17,34,24.8,91
2024-10-25T21:52:44+07:00,48410,17,36,24.8,92
2024-10-25T21:53:07+07:00,48411,17,36,24.8,90
2024-10-25T21:53:29+07:00,48412,18,36,24.8,90
2024-10-25T21:53:52+07:00,48413,17,35,24.8,90
2024-10-25T21:54:14+07:00,48414,18,36,24.8,90
2024-10-25T21:54:37+07:00,48415,18,36,24.8,91
2024-10-25T21:54:59+07:00,48416,17,37,24.8,90
2024-10-25T21:55:22+07:00,48417,18,37,24.8,90
2024-10-25T21:55:44+07:00,48418,17,36,24.8,90
2024-10-25T21:56:06+07:00,48419,17,34,24.8,90
2024-10-25T21:56:30+07:00,48420,17,34,24.8,90
2024-10-25T21:56:52+07:00,48421,19,35,24.8,90
2024-10-25T21:57:15+07:00,48422,18,33,24.8,90
2024-10-25T21:57:38+07:00,48423,18,35,24.8,90
2024-10-25T21:58:00+07:00,48424,17,36,24.8,90
2024-10-25T21:58:23+07:00,48425,17,35,24.8,90
2024-10-25T21:58:46+07:00,48426,19,34,24.8,90
2024-10-25T21:59:08+07:00,48427,18,36,24.8,90
2024-10-25T21:59:30+07:00,48428,17,37,24.8,90
2024-10-25T21:59:53+07:00,48429,17,33,24.8,90
2024-10-25T22:00:16+07:00,48430,18,38,24.8,90
2024-10-25T22:00:38+07:00,48431,17,34,24.8,91
2024-10-25T22:01:01+07:00,48432,18,35,24.8,91
2024-10-25T22:01:24+07:00,48433,19,37,24.8,91
2024-10-25T22:01:46+07:00,48434,18,36,24.8,90
2024-10-25T22:02:09+07:00,48435,18,35,24.8,90
2024-10-25T22:02:32+07:00,48436,19,35,24.8,90
2024-10-25T22:02:54+07:00,48437,17,35,24.5,90
2024-10-25T22:03:17+07:00,48438,18,36,24.5,90
2024-10-25T22:03:40+07:00,48439,18,35,24.5,90
2024-10-25T22:04:02+07:00,48440,17,35,24.5,90
2024-10-25T22:04:25+07:00,48441,17,36,24.5,90
2024-10-25T22:04:48+07:00,48442,17,35,24.5,90
2024-10-25T22:05:10+07:00,48443,18,36,24.5,90
2024-10-25T22:05:33+07:00,48444,18,36,24.5,90
2024-10-25T22:05:55+07:00,48445,18,34,24.5,90
2024-10-25T22:06:18+07:00,48446,19,36,24.5,90
2024-10-25T22:06:41+07:00,48447,18,36,24.5,90
2024-10-25T22:07:04+07:00,48448,18,35,24.5,90
2024-10-25T22:07:26+07:00,48449,18,33,24.5,90
2024-10-25T22:07:49+07:00,48450,18,35,24.5,91
2024-10-25T22:08:12+07:00,48451,18,35,24.5,91
2024-10-25T22:08:34+07:00,48452,17,35,24.5,91
2024-10-25T22:08:57+07:00,48453,18,36,24.5,91
2024-10-25T22:09:20+07:00,48454,18,35,24.5,91
2024-10-25T22:09:42+07:00,48455,18,34,24.5,91
2024-10-25T22:10:05+07:00,48456,18,36,24.5,91
2024-10-25T22:10:27+07:00,48457,18,35,24.5,92
2024-10-25T22:10:50+07:00,48458,18,35,24.5,92
2024-10-25T22:11:13+07:00,48459,18,35,24.5,92
2024-10-25T22:11:35+07:00,48460,18,35,24.5,92
2024-10-25T22:11:58+07:00,48461,18,37,24.4,91
2024-10-25T22:12:20+07:00,48462,19,37,24.2,91
2024-10-25T22:12:43+07:00,48463,18,37,24.2,91
2024-10-25T22:13:06+07:00,48464,19,34,24.2,91
2024-10-25T22:13:29+07:00,48465,18,36,24.2,91
2024-10-25T22:13:51+07:00,48466,18,35,24.2,91
2024-10-25T22:14:13+07:00,48467,18,35,24.2,92
2024-10-25T22:14:36+07:00,48468,18,35,24.2,91
2024-10-25T22:14:59+07:00,48469,19,36,24.2,91
2024-10-25T22:15:22+07:00,48470,18,35,24.2,91
2024-10-25T22:15:44+07:00,48471,17,35,24.2,91
2024-10-25T22:16:07+07:00,48472,18,35,24.2,90
2024-10-25T22:16:29+07:00,48473,18,36,24.2,90
2024-10-25T22:16:52+07:00,48474,18,35,24.2,90
2024-10-25T22:17:14+07:00,48475,17,35,24.2,90
2024-10-25T22:17:37+07:00,48476,18,37,24.2,91
2024-10-25T22:17:59+07:00,48477,18,36,24.2,90
2024-10-25T22:18:22+07:00,48478,20,34,24.2,91
2024-10-25T22:18:44+07:00,48479,17,35,24.2,90
2024-10-25T22:19:07+07:00,48480,17,35,24.4,91
2024-10-25T22:19:29+07:00,48481,18,34,24.5,91
2024-10-25T22:19:52+07:00,48482,17,35,24.5,91
2024-10-25T22:20:14+07:00,48483,18,35,24.5,92
2024-10-25T22:20:37+07:00,48484,17,35,24.5,91
2024-10-25T22:20:59+07:00,48485,18,34,24.5,91
2024-10-25T22:21:22+07:00,48486,18,36,24.5,90
2024-10-25T22:21:45+07:00,48487,18,35,24.5,91
2024-10-25T22:22:07+07:00,48488,18,34,24.2,91
2024-10-25T22:22:29+07:00,48489,19,36,24.2,91
2024-10-25T22:22:52+07:00,48490,18,35,24.2,90
2024-10-25T22:23:14+07:00,48491,18,35,24.2,91
2024-10-25T22:23:37+07:00,48492,19,36,24.2,91
2024-10-25T22:23:59+07:00,48493,18,35,24.2,90
2024-10-25T22:24:22+07:00,48494,18,33,24.1,90
2024-10-25T22:24:44+07:00,48495,19,36,24.1,90
2024-10-25T22:25:07+07:00,48496,17,33,24.1,90
2024-10-25T22:25:29+07:00,48497,18,36,24.1,90
2024-10-25T22:25:52+07:00,48498,17,34,24.1,90
2024-10-25T22:26:14+07:00,48499,18,37,24.1,90
2024-10-25T22:26:37+07:00,48500,17,35,24.1,90
2024-10-25T22:27:00+07:00,48501,18,35,24.1,90
2024-10-25T22:27:23+07:00,48502,19,36,24.1,90
2024-10-25T22:27:45+07:00,48503,18,35,24.1,90
2024-10-25T22:28:08+07:00,48504,19,34,24.1,91
2024-10-25T22:28:31+07:00,48505,19,35,24.1,91
2024-10-25T22:28:54+07:00,48506,18,37,24.1,91
2024-10-25T22:29:17+07:00,48507,18,34,24.1,91
2024-10-25T22:29:39+07:00,48508,18,36,24.1,92
2024-10-25T22:30:02+07:00,48509,18,36,24.1,92
2024-10-25T22:30:25+07:00,48510,19,36,24.1,92
2024-10-25T22:30:47+07:00,48511,18,36,24.1,91
2024-10-25T22:31:10+07:00,48512,18,36,24.1,90
2024-10-25T22:31:33+07:00,48513,18,34,24.1,90
2024-10-25T22:31:55+07:00,48514,18,36,24.1,90
2024-10-25T22:32:18+07:00,48515,19,35,24.1,90
2024-10-25T22:32:41+07:00,48516,18,34,24.1,90
2024-10-25T22:33:05+07:00,48517,18,34,24.1,89
2024-10-25T22:33:27+07:00,48518,17,33,24.1,89
2024-10-25T22:33:49+07:00,48519,18,36,24.1,90
2024-10-25T22:34:12+07:00,48520,18,36,24.1,90
2024-10-25T22:34:35+07:00,48521,18,35,24.1,90
2024-10-25T22:34:57+07:00,48522,18,35,24.1,90
2024-10-25T22:35:20+07:00,48523,19,34,24.1,90
2024-10-25T22:35:42+07:00,48524,18,34,24.1,90
2024-10-25T22:36:05+07:00,48525,18,35,24.1,90
2024-10-25T22:36:27+07:00,48526,18,35,24.1,90
2024-10-25T22:36:50+07:00,48527,19,34,24.1,90
2024-10-25T22:37:12+07:00,48528,19,35,24.1,90
2024-10-25T22:37:34+07:00,48529,18,36,24.1,90
2024-10-25T22:37:57+07:00,48530,18,36,24.1,90
2024-10-25T22:38:19+07:00,48531,18,35,24.1,90
2024-10-25T22:38:42+07:00,48532,18,37,24.1,90
2024-10-25T22:39:05+07:00,48533,18,36,24.1,90
2024-10-25T22:39:27+07:00,48534,18,37,24.1,90
2024-10-25T22:39:50+07:00,48535,18,37,24.1,90
2024-10-25T22:40:12+07:00,48536,17,35,24.1,90
2024-10-25T22:40:35+07:00,48537,19,35,24.1,90
2024-10-25T22:40:57+07:00,48538,18,36,24.1,90
2024-10-25T22:41:20+07:00,48539,18,35,24.1,90
2024-10-25T22:41:42+07:00,48540,17,36,24.1,90
2024-10-25T22:42:05+07:00,48541,19,36,24.1,90
2024-10-25T22:42:27+07:00,48542,19,35,24.1,90
2024-10-25T22:42:49+07:00,48543,19,36,24.1,90
2024-10-25T22:43:12+07:00,48544,19,36,24.1,90
2024-10-25T22:43:34+07:00,48545,18,34,24.1,90
2024-10-25T22:43:56+07:00,48546,18,36,24.1,90
2024-10-25T22:44:18+07:00,48547,18,36,24.1,90
2024-10-25T22:44:42+07:00,48548,18,35,24.1,90
2024-10-25T22:45:04+07:00,48549,19,36,24.1,91
2024-10-25T22:45:26+07:00,48550,18,35,24.1,90
2024-10-25T22:45:49+07:00,48551,18,35,24.1,90
2024-10-25T22:46:11+07:00,48552,18,36,24.1,90
2024-10-25T22:46:34+07:00,48553,17,35,24.1,91
2024-10-25T22:46:56+07:00,48554,19,36,24.1,90
2024-10-25T22:47:18+07:00,48555,18,36,23.8,90
2024-10-25T22:47:40+07:00,48556,18,34,23.8,90
2024-10-25T22:48:03+07:00,48557,18,34,23.8,90
2024-10-25T22:48:25+07:00,48558,19,36,23.8,90
2024-10-25T22:48:48+07:00,48559,19,36,23.8,90
2024-10-25T22:49:10+07:00,48560,18,34,23.8,89
2024-10-25T22:49:33+07:00,48561,17,36,23.8,89
2024-10-25T22:49:56+07:00,48562,18,35,23.8,89
2024-10-25T22:50:19+07:00,48563,19,34,23.8,89
2024-10-25T22:50:42+07:00,48564,17,35,23.8,90
2024-10-25T22:51:04+07:00,48565,17,35,23.8,90
2024-10-25T22:51:27+07:00,48566,18,36,23.8,89
2024-10-25T22:51:49+07:00,48567,19,35,23.8,89
2024-10-25T22:52:12+07:00,48568,17,34,23.8,89
2024-10-25T22:52:35+07:00,48569,19,35,23.8,89
2024-10-25T22:52:57+07:00,48570,19,35,23.8,89
2024-10-25T22:53:20+07:00,48571,18,35,23.8,90
2024-10-25T22:53:42+07:00,48572,18,35,23.8,89
2024-10-25T22:54:04+07:00,48573,18,37,23.8,89
2024-10-25T22:54:27+07:00,48574,18,35,23.8,89
2024-10-25T22:54:49+07:00,48575,18,34,23.8,89
2024-10-25T22:55:12+07:00,48576,18,35,23.8,89
2024-10-25T22:55:34+07:00,48577,18,35,23.8,89
2024-10-25T22:55:57+07:00,48578,18,35,23.8,89
2024-10-25T22:56:20+07:00,48579,18,36,23.8,90
2024-10-25T22:56:42+07:00,48580,17,35,23.8,90
2024-10-25T22:57:05+07:00,48581,19,36,23.8,90
2024-10-25T22:57:27+07:00,48582,19,37,23.8,91
2024-10-25T22:57:49+07:00,48583,18,36,23.8,91
2024-10-25T22:58:12+07:00,48584,19,34,23.8,90
2024-10-25T22:58:35+07:00,48585,19,36,23.8,90
2024-10-25T22:58:57+07:00,48586,19,35,23.8,90
2024-10-25T22:59:20+07:00,48587,18,34,23.8,90
2024-10-25T22:59:42+07:00,48588,18,36,23.8,90
2024-10-25T23:00:05+07:00,48589,17,35,23.8,90
2024-10-25T23:00:27+07:00,48590,19,35,23.8,90
2024-10-25T23:00:50+07:00,48591,19,36,23.8,90
2024-10-25T23:01:13+07:00,48592,17,36,23.8,90
2024-10-25T23:01:35+07:00,48593,18,35,23.8,90
2024-10-25T23:01:58+07:00,48594,18,35,23.8,90
2024-10-25T23:02:20+07:00,48595,18,33,23.8,90
2024-10-25T23:02:43+07:00,48596,18,35,23.8,90
2024-10-25T23:03:05+07:00,48597,18,34,23.8,90
2024-10-25T23:03:27+07:00,48598,19,36,23.8,90
2024-10-25T23:03:49+07:00,48599,19,36,23.8,90
2024-10-25T23:04:12+07:00,48600,18,36,23.8,90
2024-10-25T23:04:34+07:00,48601,18,34,23.8,90
2024-10-25T23:04:56+07:00,48602,18,35,23.8,90
2024-10-25T23:05:18+07:00,48603,19,36,23.8,90
2024-10-25T23:05:40+07:00,48604,18,35,23.8,90
2024-10-25T23:06:03+07:00,48605,18,35,23.8,90
2024-10-25T23:06:25+07:00,48606,17,35,23.8,90
2024-10-25T23:06:48+07:00,48607,17,36,23.8,89
2024-10-25T23:07:10+07:00,48608,18,37,23.8,89
2024-10-25T23:07:33+07:00,48609,18,34,23.8,90
2024-10-25T23:07:55+07:00,48610,19,37,23.8,90
2024-10-25T23:08:17+07:00,48611,17,35,23.8,90
2024-10-25T23:08:40+07:00,48612,19,35,23.8,90
2024-10-25T23:09:03+07:00,48613,18,34,23.8,90
2024-10-25T23:09:26+07:00,48614,18,35,23.8,90
2024-10-25T23:09:48+07:00,48615,18,35,23.8,89
2024-10-25T23:10:11+07:00,48616,18,34,23.8,89
2024-10-25T23:10:33+07:00,48617,18,35,23.8,89
2024-10-25T23:10:56+07:00,48618,18,35,23.8,89
2024-10-25T23:11:18+07:00,48619,19,35,23.8,89
2024-10-25T23:11:40+07:00,48620,19,35,23.8,89
2024-10-25T23:12:03+07:00,48621,18,34,23.8,90
2024-10-25T23:12:25+07:00,48622,19,35,23.8,90
2024-10-25T23:12:47+07:00,48623,18,35,23.8,90
2024-10-25T23:13:10+07:00,48624,18,34,23.8,90
2024-10-25T23:13:32+07:00,48625,19,34,23.8,90
2024-10-25T23:13:55+07:00,48626,19,35,23.8,90
2024-10-25T23:14:17+07:00,48627,18,34,23.8,90
2024-10-25T23:14:40+07:00,48628,18,34,23.8,90
2024-10-25T23:15:03+07:00,48629,19,35,23.8,90
2024-10-25T23:15:25+07:00,48630,18,36,23.8,90
2024-10-25T23:15:47+07:00,48631,18,36,23.8,90
2024-10-25T23:16:09+07:00,48632,18,35,23.8,91
2024-10-25T23:16:32+07:00,48633,18,35,23.8,91
2024-10-25T23:16:54+07:00,48634,18,35,23.8,90
2024-10-25T23:17:16+07:00,48635,18,35,23.8,90
2024-10-25T23:17:39+07:00,48636,18,35,23.8,90
2024-10-25T23:18:01+07:00,48637,18,34,23.8,90
2024-10-25T23:18:24+07:00,48638,18,36,23.8,90
2024-10-25T23:18:46+07:00,48639,18,35,23.8,90
2024-10-25T23:19:08+07:00,48640,18,36,23.8,91
2024-10-25T23:19:30+07:00,48641,18,37,23.8,91
2024-10-25T23:19:53+07:00,48642,18,37,23.8,91
2024-10-25T23:20:16+07:00,48643,18,35,23.8,91
2024-10-25T23:20:38+07:00,48644,18,33,23.8,90
2024-10-25T23:21:00+07:00,48645,17,35,23.8,91
2024-10-25T23:21:23+07:00,48646,18,35,23.8,91
2024-10-25T23:21:45+07:00,48647,19,35,23.8,91
2024-10-25T23:22:07+07:00,48648,18,35,23.8,90
2024-10-25T23:22:30+07:00,48649,19,35,23.8,90
2024-10-25T23:22:52+07:00,48650,19,35,23.8,90
2024-10-25T23:23:14+07:00,48651,18,36,23.8,90
2024-10-25T23:23:37+07:00,48652,18,35,23.8,90
2024-10-25T23:23:59+07:00,48653,18,33,23.8,90
2024-10-25T23:24:21+07:00,48654,18,35,23.8,90
2024-10-25T23:24:43+07:00,48655,18,36,23.8,90
2024-10-25T23:25:05+07:00,48656,18,34,23.8,90
2024-10-25T23:25:28+07:00,48657,18,34,23.8,91
2024-10-25T23:25:50+07:00,48658,19,36,23.8,91
2024-10-25T23:26:12+07:00,48659,18,33,23.8,91
2024-10-25T23:26:35+07:00,48660,18,35,23.8,91
2024-10-25T23:26:57+07:00,48661,19,34,23.8,91
2024-10-25T23:27:20+07:00,48662,18,33,23.8,91
2024-10-25T23:27:42+07:00,48663,19,35,23.8,91
2024-10-25T23:28:04+07:00,48664,19,35,23.8,92
2024-10-25T23:28:27+07:00,48665,19,34,23.8,92
2024-10-25T23:28:49+07:00,48666,18,36,23.8,92
2024-10-25T23:29:11+07:00,48667,17,35,23.8,92
2024-10-25T23:29:33+07:00,48668,18,37,23.8,92
2024-10-25T23:29:56+07:00,48669,18,34,23.8,92
2024-10-25T23:30:19+07:00,48670,18,34,23.8,91
2024-10-25T23:30:41+07:00,48671,18,33,23.8,91
2024-10-25T23:31:03+07:00,48672,18,35,23.8,91
2024-10-25T23:31:25+07:00,48673,18,33,23.8,91
2024-10-25T23:31:47+07:00,48674,18,35,23.8,91
2024-10-25T23:32:10+07:00,48675,18,34,23.8,91
2024-10-25T23:32:32+07:00,48676,19,33,23.8,91
2024-10-25T23:32:54+07:00,48677,18,34,23.8,91
2024-10-25T23:33:16+07:00,48678,18,33,23.8,90
2024-10-25T23:33:38+07:00,48679,18,35,23.8,90
2024-10-25T23:34:01+07:00,48680,18,34,23.7,90
2024-10-25T23:34:23+07:00,48681,18,34,23.7,90
2024-10-25T23:34:45+07:00,48682,19,35,23.8,90
2024-10-25T23:35:07+07:00,48683,19,34,23.7,91
2024-10-25T23:35:30+07:00,48684,17,36,23.5,91
2024-10-25T23:35:52+07:00,48685,19,35,23.4,91
2024-10-25T23:36:14+07:00,48686,18,36,23.4,91
2024-10-25T23:36:37+07:00,48687,19,35,23.4,91
2024-10-25T23:36:59+07:00,48688,18,35,23.4,91
2024-10-25T23:37:21+07:00,48689,19,33,23.4,91
2024-10-25T23:37:44+07:00,48690,18,35,23.4,91
2024-10-25T23:38:06+07:00,48691,18,34,23.4,91
2024-10-25T23:38:28+07:00,48692,18,36,23.4,92
2024-10-25T23:38:50+07:00,48693,19,36,23.4,92
2024-10-25T23:39:13+07:00,48694,18,34,23.4,92
2024-10-25T23:39:35+07:00,48695,18,35,23.4,92
2024-10-25T23:39:58+07:00,48696,19,35,23.4,92
2024-10-25T23:40:20+07:00,48697,18,33,23.4,92
2024-10-25T23:40:42+07:00,48698,18,34,23.4,92
2024-10-25T23:41:04+07:00,48699,18,36,23.4,91
2024-10-25T23:41:26+07:00,48700,18,33,23.4,91
2024-10-25T23:41:48+07:00,48701,19,33,23.4,90
2024-10-25T23:42:11+07:00,48702,19,36,23.4,90
2024-10-25T23:42:33+07:00,48703,18,34,23.4,91
2024-10-25T23:42:55+07:00,48704,18,35,23.4,91
2024-10-25T23:43:18+07:00,48705,18,34,23.4,92
2024-10-25T23:43:41+07:00,48706,19,36,23.4,92
2024-10-25T23:44:03+07:00,48707,17,36,23.4,92
2024-10-25T23:44:25+07:00,48708,19,36,23.5,92
2024-10-25T23:44:47+07:00,48709,18,35,23.7,92
2024-10-25T23:45:09+07:00,48710,17,35,23.8,92
2024-10-25T23:45:32+07:00,48711,17,35,23.8,92
2024-10-25T23:45:54+07:00,48712,19,35,23.7,92
2024-10-25T23:46:16+07:00,48713,18,34,23.6,92
2024-10-25T23:46:39+07:00,48714,18,34,23.4,92
2024-10-25T23:47:01+07:00,48715,18,34,23.4,92
2024-10-25T23:47:23+07:00,48716,18,36,23.4,92
2024-10-25T23:47:45+07:00,48717,18,35,23.4,92
2024-10-25T23:48:07+07:00,48718,18,33,23.4,92
2024-10-25T23:48:30+07:00,48719,18,36,23.4,92
2024-10-25T23:48:52+07:00,48720,17,34,23.4,92
2024-10-25T23:49:14+07:00,48721,18,33,23.4,92
2024-10-25T23:49:37+07:00,48722,18,35,23.4,92
2024-10-25T23:49:59+07:00,48723,18,34,23.4,93
2024-10-25T23:50:21+07:00,48724,18,35,23.4,93
2024-10-25T23:50:44+07:00,48725,18,34,23.4,93
2024-10-25T23:51:06+07:00,48726,18,34,23.4,93
2024-10-25T23:51:28+07:00,48727,18,34,23.4,93
2024-10-25T23:51:51+07:00,48728,18,35,23.4,93
2024-10-25T23:52:13+07:00,48729,18,35,23.4,93
2024-10-25T23:52:35+07:00,48730,18,36,23.7,92
2024-10-25T23:52:58+07:00,48731,18,35,23.7,92
2024-10-25T23:53:20+07:00,48732,18,33,23.8,92
2024-10-25T23:53:43+07:00,48733,18,35,23.8,92
2024-10-25T23:54:05+07:00,48734,18,33,23.8,93
2024-10-25T23:54:28+07:00,48735,17,34,23.8,92
2024-10-25T23:54:50+07:00,48736,18,33,23.8,92
2024-10-25T23:55:12+07:00,48737,18,34,23.8,92
2024-10-25T23:55:35+07:00,48738,18,35,23.8,92
2024-10-25T23:55:57+07:00,48739,18,36,23.8,92
2024-10-25T23:56:20+07:00,48740,18,35,23.8,92
2024-10-25T23:56:42+07:00,48741,17,35,23.8,92
2024-10-25T23:57:05+07:00,48742,18,35,23.8,91
2024-10-25T23:57:27+07:00,48743,18,34,23.8,91
2024-10-25T23:57:50+07:00,48744,18,35,23.8,90
2024-10-25T23:58:12+07:00,48745,17,36,23.8,91
2024-10-25T23:58:34+07:00,48746,18,34,23.8,91
2024-10-25T23:58:56+07:00,48747,17,34,23.8,92
2024-10-25T23:59:19+07:00,48748,18,33,23.8,92
2024-10-25T23:59:41+07:00,48749,17,34,23.8,92
2024-10-26T00:00:03+07:00,48750,18,35,23.8,92
2024-10-26T00:00:25+07:00,48751,18,35,23.8,91
2024-10-26T00:00:47+07:00,48752,18,33,23.8,90
2024-10-26T00:01:10+07:00,48753,17,33,23.8,90
2024-10-26T00:01:32+07:00,48754,18,34,23.8,90
2024-10-26T00:01:54+07:00,48755,18,34,23.8,90
2024-10-26T00:02:16+07:00,48756,18,35,23.8,89
2024-10-26T00:02:39+07:00,48757,18,35,23.8,89
2024-10-26T00:03:01+07:00,48758,18,35,23.8,89
2024-10-26T00:03:23+07:00,48759,18,33,23.8,89
2024-10-26T00:03:46+07:00,48760,17,35,23.8,90
2024-10-26T00:04:09+07:00,48761,17,36,23.8,90
2024-10-26T00:04:31+07:00,48762,18,34,23.8,90
2024-10-26T00:04:54+07:00,48763,18,34,23.8,90
2024-10-26T00:05:16+07:00,48764,18,35,23.8,89
2024-10-26T00:05:38+07:00,48765,18,36,23.8,89
2024-10-26T00:06:01+07:00,48766,18,33,23.8,89
2024-10-26T00:06:23+07:00,48767,18,34,23.8,89
2024-10-26T00:06:45+07:00,48768,18,35,23.8,90
2024-10-26T00:07:08+07:00,48769,17,35,23.8,90
2024-10-26T00:07:30+07:00,48770,17,35,23.8,90
2024-10-26T00:07:53+07:00,48771,17,34,23.8,90
2024-10-26T00:08:15+07:00,48772,18,33,23.7,90
2024-10-26T00:08:37+07:00,48773,18,34,23.7,90
2024-10-26T00:08:59+07:00,48774,18,35,23.7,91
2024-10-26T00:09:21+07:00,48775,18,34,23.7,91
2024-10-26T00:09:44+07:00,48776,18,33,23.5,91
2024-10-26T00:10:06+07:00,48777,17,34,23.5,91
2024-10-26T00:10:29+07:00,48778,18,35,23.4,91
2024-10-26T00:10:51+07:00,48779,18,34,23.4,91
2024-10-26T00:11:14+07:00,48780,18,35,23.4,91
2024-10-26T00:11:36+07:00,48781,18,35,23.4,91
2024-10-26T00:11:58+07:00,48782,18,34,23.4,90
2024-10-26T00:12:21+07:00,48783,18,34,23.4,91
2024-10-26T00:12:43+07:00,48784,18,35,23.4,91
2024-10-26T00:13:05+07:00,48785,18,33,23.4,91
2024-10-26T00:13:28+07:00,48786,18,34,23.4,91
2024-10-26T00:13:50+07:00,48787,17,33,23.4,91
2024-10-26T00:14:12+07:00,48788,17,34,23.4,91
2024-10-26T00:14:34+07:00,48789,18,33,23.4,91
2024-10-26T00:14:57+07:00,48790,18,33,23.4,91
2024-10-26T00:15:19+07:00,48791,17,35,23.4,91
2024-10-26T00:15:42+07:00,48792,17,34,23.4,91
2024-10-26T00:16:04+07:00,48793,18,34,23.4,91
2024-10-26T00:16:26+07:00,48794,18,34,23.4,92
2024-10-26T00:16:49+07:00,48795,18,34,23.4,91
2024-10-26T00:17:11+07:00,48796,18,34,23.4,91
2024-10-26T00:17:33+07:00,48797,17,34,23.4,90
2024-10-26T00:17:55+07:00,48798,18,36,23.4,90
2024-10-26T00:18:17+07:00,48799,18,34,23.4,90
2024-10-26T00:18:39+07:00,48800,17,35,23.4,90
2024-10-26T00:19:02+07:00,48801,18,35,23.4,90
2024-10-26T00:19:24+07:00,48802,18,35,23.4,90
2024-10-26T00:19:46+07:00,48803,18,36,23.4,90
2024-10-26T00:20:08+07:00,48804,18,35,23.4,91
2024-10-26T00:20:30+07:00,48805,18,34,23.4,91
2024-10-26T00:20:52+07:00,48806,18,34,23.4,91
2024-10-26T00:21:15+07:00,48807,18,33,23.4,91
2024-10-26T00:21:37+07:00,48808,18,35,23.4,91
2024-10-26T00:21:59+07:00,48809,18,34,23.4,91
2024-10-26T00:22:22+07:00,48810,19,36,23.4,91
2024-10-26T00:22:44+07:00,48811,18,35,23.4,91
2024-10-26T00:23:06+07:00,48812,17,34,23.4,91
2024-10-26T00:23:29+07:00,48813,18,35,23.4,91
2024-10-26T00:23:51+07:00,48814,18,34,23.4,91
2024-10-26T00:24:13+07:00,48815,17,34,23.4,91
2024-10-26T00:24:35+07:00,48816,17,35,23.4,91
2024-10-26T00:24:57+07:00,48817,18,33,23.4,90
2024-10-26T00:25:20+07:00,48818,18,36,23.4,91
2024-10-26T00:25:42+07:00,48819,17,35,23.4,90
2024-10-26T00:26:05+07:00,48820,17,34,23.4,91
2024-10-26T00:26:27+07:00,48821,16,35,23.4,91
2024-10-26T00:26:49+07:00,48822,18,34,23.4,91
2024-10-26T00:27:12+07:00,48823,17,35,23.4,91
2024-10-26T00:27:34+07:00,48824,18,34,23.4,91
2024-10-26T00:27:56+07:00,48825,18,33,23.4,91
2024-10-26T00:28:18+07:00,48826,18,35,23.4,92
2024-10-26T00:28:41+07:00,48827,18,35,23.4,92
2024-10-26T00:29:03+07:00,48828,18,35,23.4,92
2024-10-26T00:29:25+07:00,48829,17,34,23.4,92
2024-10-26T00:29:47+07:00,48830,18,34,23.4,92
2024-10-26T00:30:10+07:00,48831,18,33,23.4,92
2024-10-26T00:30:32+07:00,48832,18,34,23.4,92
2024-10-26T00:30:54+07:00,48833,18,34,23.4,92
2024-10-26T00:31:16+07:00,48834,17,35,23.4,92
2024-10-26T00:31:38+07:00,48835,16,35,23.4,92
2024-10-26T00:32:00+07:00,48836,18,35,23.4,92
2024-10-26T00:32:22+07:00,48837,18,35,23.4,92
2024-10-26T00:32:44+07:00,48838,18,35,23.4,92
2024-10-26T00:33:07+07:00,48839,18,34,23.4,92
2024-10-26T00:33:29+07:00,48840,18,36,23.4,92
2024-10-26T00:33:51+07:00,48841,18,33,23.4,92
2024-10-26T00:34:13+07:00,48842,17,34,23.4,92
2024-10-26T00:34:35+07:00,48843,17,34,23.4,91
2024-10-26T00:34:57+07:00,48844,18,35,23.4,91
2024-10-26T00:35:19+07:00,48845,18,35,23.4,92
2024-10-26T00:35:42+07:00,48846,18,35,23.4,92
2024-10-26T00:36:04+07:00,48847,18,34,23.4,92
2024-10-26T00:36:26+07:00,48848,18,34,23.4,92
2024-10-26T00:36:48+07:00,48849,18,34,23.4,92
2024-10-26T00:37:10+07:00,48850,18,34,23.4,92
2024-10-26T00:37:32+07:00,48851,18,35,23.4,92
2024-10-26T00:37:54+07:00,48852,18,35,23.4,92
2024-10-26T00:38:16+07:00,48853,18,33,23.4,92
2024-10-26T00:38:39+07:00,48854,19,34,23.4,92
2024-10-26T00:39:01+07:00,48855,18,36,23.4,92
2024-10-26T00:39:23+07:00,48856,18,34,23.4,92
2024-10-26T00:39:45+07:00,48857,18,33,23.4,92
2024-10-26T00:40:07+07:00,48858,18,34,23.4,92
2024-10-26T00:40:29+07:00,48859,17,36,23.4,92
2024-10-26T00:40:52+07:00,48860,18,34,23.4,92
2024-10-26T00:41:14+07:00,48861,18,34,23.4,91
2024-10-26T00:41:36+07:00,48862,17,35,23.4,91
2024-10-26T00:41:58+07:00,48863,18,34,23.4,91
2024-10-26T00:42:20+07:00,48864,18,34,23.4,91
2024-10-26T00:42:42+07:00,48865,17,33,23.4,91
2024-10-26T00:43:05+07:00,48866,18,35,23.4,91
2024-10-26T00:43:27+07:00,48867,17,35,23.4,90
2024-10-26T00:43:49+07:00,48868,17,35,23.4,91
2024-10-26T00:44:11+07:00,48869,17,34,23.4,91
2024-10-26T00:44:33+07:00,48870,18,33,23.4,91
2024-10-26T00:44:56+07:00,48871,18,33,23.4,91
2024-10-26T00:45:18+07:00,48872,18,35,23.4,91
2024-10-26T00:45:40+07:00,48873,17,35,23.4,91
2024-10-26T00:46:02+07:00,48874,17,33,23.4,90
2024-10-26T00:46:24+07:00,48875,18,35,23.4,90
2024-10-26T00:46:47+07:00,48876,17,34,23.4,90
2024-10-26T00:47:09+07:00,48877,18,35,23.4,91
2024-10-26T00:47:31+07:00,48878,18,35,23.4,91
2024-10-26T00:47:53+07:00,48879,18,35,23.4,91
2024-10-26T00:48:15+07:00,48880,17,33,23.4,91
2024-10-26T00:48:37+07:00,48881,17,35,23.4,91
2024-10-26T00:48:59+07:00,48882,18,34,23.4,92
2024-10-26T00:49:21+07:00,48883,18,34,23.4,91
2024-10-26T00:49:43+07:00,48884,18,34,23.4,91
2024-10-26T00:50:05+07:00,48885,18,34,23.4,91
2024-10-26T00:50:27+07:00,48886,18,34,23.4,90
2024-10-26T00:50:49+07:00,48887,17,35,23.4,90
2024-10-26T00:51:11+07:00,48888,17,34,23.4,90
2024-10-26T00:51:33+07:00,48889,18,34,23.4,90
2024-10-26T00:51:56+07:00,48890,18,34,23.4,90
2024-10-26T00:52:17+07:00,48891,18,33,23.4,90
2024-10-26T00:52:39+07:00,48892,18,34,23.4,90
2024-10-26T00:53:02+07:00,48893,18,34,23.4,91
2024-10-26T00:53:24+07:00,48894,17,34,23.4,91
2024-10-26T00:53:46+07:00,48895,18,35,23.4,90
2024-10-26T00:54:08+07:00,48896,18,35,23.4,90
2024-10-26T00:54:30+07:00,48897,18,35,23.4,90
2024-10-26T00:54:52+07:00,48898,18,35,23.4,91
2024-10-26T00:55:14+07:00,48899,17,34,23.4,91
2024-10-26T00:55:36+07:00,48900,18,35,23.3,92
2024-10-26T00:55:59+07:00,48901,18,34,23,91
2024-10-26T00:56:21+07:00,48902,18,34,23,91
2024-10-26T00:56:43+07:00,48903,18,34,23,91
2024-10-26T00:57:05+07:00,48904,17,34,23,91
2024-10-26T00:57:27+07:00,48905,18,35,23,91
2024-10-26T00:57:50+07:00,48906,18,35,23,91
2024-10-26T00:58:12+07:00,48907,18,35,23,91
2024-10-26T00:58:34+07:00,48908,18,33,23,91
2024-10-26T00:58:56+07:00,48909,17,33,23,91
2024-10-26T00:59:18+07:00,48910,18,34,23,90
2024-10-26T00:59:40+07:00,48911,18,33,23,90
2024-10-26T01:00:02+07:00,48912,18,34,23,90
2024-10-26T01:00:24+07:00,48913,17,33,23,90
2024-10-26T01:00:47+07:00,48914,18,35,23,91
2024-10-26T01:01:09+07:00,48915,17,34,23.1,91
2024-10-26T01:01:31+07:00,48916,17,35,23.1,91
2024-10-26T01:01:53+07:00,48917,17,35,23.4,92
2024-10-26T01:02:15+07:00,48918,18,35,23.4,92
2024-10-26T01:02:37+07:00,48919,18,34,23.4,92
2024-10-26T01:02:59+07:00,48920,17,33,23.4,92
2024-10-26T01:03:21+07:00,48921,19,33,23.4,92
2024-10-26T01:03:43+07:00,48922,17,36,23.4,92
2024-10-26T01:04:05+07:00,48923,18,35,23.4,92
2024-10-26T01:04:27+07:00,48924,18,33,23.4,91
2024-10-26T01:04:49+07:00,48925,18,35,23.4,91
2024-10-26T01:05:12+07:00,48926,18,33,23.4,91
2024-10-26T01:05:33+07:00,48927,18,35,23.4,90
2024-10-26T01:05:55+07:00,48928,17,33,23.4,91
2024-10-26T01:06:17+07:00,48929,18,34,23.4,91
2024-10-26T01:06:40+07:00,48930,18,35,23.4,90
2024-10-26T01:07:02+07:00,48931,18,34,23.4,90
2024-10-26T01:07:24+07:00,48932,18,34,23.4,90
2024-10-26T01:07:46+07:00,48933,18,35,23.3,90
2024-10-26T01:08:08+07:00,48934,18,33,23,90
2024-10-26T01:08:30+07:00,48935,17,33,23,91
2024-10-26T01:08:52+07:00,48936,18,36,23,91
2024-10-26T01:09:14+07:00,48937,18,33,23,91
2024-10-26T01:09:36+07:00,48938,18,32,23,91
2024-10-26T01:09:58+07:00,48939,18,33,23,91
2024-10-26T01:10:20+07:00,48940,17,35,23,90
2024-10-26T01:10:42+07:00,48941,17,33,23,90
2024-10-26T01:11:05+07:00,48942,17,33,23,90
2024-10-26T01:11:27+07:00,48943,18,35,23,90
2024-10-26T01:11:49+07:00,48944,18,32,23,90
2024-10-26T01:12:11+07:00,48945,17,34,23,90
2024-10-26T01:12:33+07:00,48946,18,34,23,90
2024-10-26T01:12:55+07:00,48947,18,33,23,90
2024-10-26T01:13:17+07:00,48948,17,37,23,90
2024-10-26T01:13:39+07:00,48949,18,34,23,90
2024-10-26T01:14:02+07:00,48950,18,35,23,91
2024-10-26T01:14:24+07:00,48951,18,33,23,90
2024-10-26T01:14:46+07:00,48952,18,33,23,90
2024-10-26T01:15:08+07:00,48953,18,33,23,91
2024-10-26T01:15:30+07:00,48954,18,33,23,91
2024-10-26T01:15:52+07:00,48955,18,32,23,91
2024-10-26T01:16:14+07:00,48956,18,33,23,91
2024-10-26T01:16:36+07:00,48957,18,34,23,91
2024-10-26T01:16:59+07:00,48958,18,33,23,91
2024-10-26T01:17:21+07:00,48959,18,35,23,91
2024-10-26T01:17:44+07:00,48960,18,34,23,91
2024-10-26T01:18:06+07:00,48961,17,35,23,90
2024-10-26T01:18:28+07:00,48962,18,33,23,91
2024-10-26T01:18:50+07:00,48963,18,34,23,90
2024-10-26T01:19:12+07:00,48964,17,36,23,91
2024-10-26T01:19:34+07:00,48965,17,34,23,91
2024-10-26T01:19:56+07:00,48966,18,34,23,90
2024-10-26T01:20:18+07:00,48967,18,34,23,90
2024-10-26T01:20:40+07:00,48968,18,35,23,90
2024-10-26T01:21:02+07:00,48969,18,33,23,90
2024-10-26T01:21:24+07:00,48970,18,33,23,90
2024-10-26T01:21:46+07:00,48971,18,34,23,90
2024-10-26T01:22:08+07:00,48972,18,34,23,90
2024-10-26T01:22:30+07:00,48973,17,34,23,90
2024-10-26T01:22:53+07:00,48974,18,33,23,90
2024-10-26T01:23:15+07:00,48975,18,35,23,90
2024-10-26T01:23:37+07:00,48976,17,33,23,90
2024-10-26T01:23:59+07:00,48977,18,35,23,90
2024-10-26T01:24:22+07:00,48978,18,35,23,90
2024-10-26T01:24:44+07:00,48979,18,35,23,90
2024-10-26T01:25:06+07:00,48980,17,33,23,90
2024-10-26T01:25:28+07:00,48981,18,34,23,90
2024-10-26T01:25:50+07:00,48982,17,35,23,90
2024-10-26T01:26:13+07:00,48983,18,34,23,90
2024-10-26T01:26:35+07:00,48984,18,34,23,90
2024-10-26T01:26:57+07:00,48985,18,34,23,90
2024-10-26T01:27:19+07:00,48986,17,34,23,90
2024-10-26T01:27:41+07:00,48987,18,34,23,90
2024-10-26T01:28:03+07:00,48988,18,34,23,90
2024-10-26T01:28:26+07:00,48989,17,34,23,90
2024-10-26T01:28:48+07:00,48990,18,34,23,90
2024-10-26T01:29:10+07:00,48991,18,34,23,90
2024-10-26T01:29:33+07:00,48992,18,34,23,90
2024-10-26T01:29:55+07:00,48993,18,34,23,90
2024-10-26T01:30:17+07:00,48994,18,34,23,90
2024-10-26T01:30:39+07:00,48995,18,34,23,91
2024-10-26T01:31:02+07:00,48996,18,33,23,91
2024-10-26T01:31:24+07:00,48997,18,34,23,91
2024-10-26T01:31:46+07:00,48998,18,34,23,91
2024-10-26T01:32:09+07:00,48999,18,35,23,91
2024-10-26T01:32:31+07:00,49000,18,34,23,91
2024-10-26T01:32:53+07:00,49001,18,33,23,91
2024-10-26T01:33:15+07:00,49002,18,33,23,90
2024-10-26T01:33:38+07:00,49003,18,34,23,91
2024-10-26T01:34:00+07:00,49004,18,35,23,91
2024-10-26T01:34:22+07:00,49005,19,34,23,91
2024-10-26T01:34:44+07:00,49006,17,33,23,91
2024-10-26T01:35:06+07:00,49007,17,35,23,91
2024-10-26T01:35:29+07:00,49008,18,34,23,91
2024-10-26T01:35:51+07:00,49009,18,34,22.7,91
2024-10-26T01:36:13+07:00,49010,18,33,22.7,91
2024-10-26T01:36:35+07:00,49011,18,35,22.7,91
2024-10-26T01:36:57+07:00,49012,18,34,22.7,91
2024-10-26T01:37:19+07:00,49013,18,35,22.8,91
2024-10-26T01:37:42+07:00,49014,17,34,22.7,91
2024-10-26T01:38:04+07:00,49015,18,34,22.7,91
2024-10-26T01:38:26+07:00,49016,18,33,22.7,91
2024-10-26T01:38:49+07:00,49017,18,34,22.7,91
2024-10-26T01:39:11+07:00,49018,18,34,22.7,91
2024-10-26T01:39:33+07:00,49019,18,35,22.7,91
2024-10-26T01:39:56+07:00,49020,18,34,22.7,91
2024-10-26T01:40:18+07:00,49021,18,34,22.7,91
2024-10-26T01:40:40+07:00,49022,18,34,22.7,91
2024-10-26T01:41:02+07:00,49023,18,34,22.7,91
2024-10-26T01:41:24+07:00,49024,18,33,22.7,91
2024-10-26T01:41:47+07:00,49025,18,33,22.6,91
2024-10-26T01:42:09+07:00,49026,17,34,22.7,91
2024-10-26T01:42:31+07:00,49027,18,34,22.7,91
2024-10-26T01:42:53+07:00,49028,17,34,22.7,91
2024-10-26T01:43:15+07:00,49029,18,33,22.7,91
2024-10-26T01:43:37+07:00,49030,17,35,22.7,91
2024-10-26T01:43:59+07:00,49031,18,35,22.7,91
2024-10-26T01:44:22+07:00,49032,18,34,23,91
2024-10-26T01:44:44+07:00,49033,18,33,23,92
2024-10-26T01:45:06+07:00,49034,18,35,23,92
2024-10-26T01:45:28+07:00,49035,18,34,23,92
2024-10-26T01:45:51+07:00,49036,18,34,23,91
2024-10-26T01:46:13+07:00,49037,18,33,23,91
2024-10-26T01:46:35+07:00,49038,17,35,23,91
2024-10-26T01:46:58+07:00,49039,17,33,23,91
2024-10-26T01:47:20+07:00,49040,17,34,23,90
2024-10-26T01:47:43+07:00,49041,17,33,23,90
2024-10-26T01:48:05+07:00,49042,18,33,23,90
2024-10-26T01:48:27+07:00,49043,17,33,23,90
2024-10-26T01:48:49+07:00,49044,18,34,23,90
2024-10-26T01:49:12+07:00,49045,17,32,23,90
2024-10-26T01:49:34+07:00,49046,18,34,23,90
2024-10-26T01:49:56+07:00,49047,17,35,23,90
2024-10-26T01:50:19+07:00,49048,17,34,23,90
2024-10-26T01:50:41+07:00,49049,17,35,23,89
2024-10-26T01:51:03+07:00,49050,18,33,23,89
2024-10-26T01:51:26+07:00,49051,17,33,23,89
2024-10-26T01:51:48+07:00,49052,17,34,23,89
2024-10-26T01:52:10+07:00,49053,18,33,23,89
2024-10-26T01:52:33+07:00,49054,17,34,23,89
2024-10-26T01:52:55+07:00,49055,17,33,23,90
2024-10-26T01:53:17+07:00,49056,18,34,23,89
2024-10-26T01:53:40+07:00,49057,18,34,23,89
2024-10-26T01:54:02+07:00,49058,18,33,23,90
2024-10-26T01:54:25+07:00,49059,17,33,23,89
2024-10-26T01:54:47+07:00,49060,18,33,23,89
2024-10-26T01:55:09+07:00,49061,18,33,23,89
2024-10-26T01:55:31+07:00,49062,18,33,23,90
2024-10-26T01:55:54+07:00,49063,17,34,23,90
2024-10-26T01:56:16+07:00,49064,17,32,23,90
2024-10-26T01:56:38+07:00,49065,18,35,23,90
2024-10-26T01:57:00+07:00,49066,17,34,23,89
2024-10-26T01:57:23+07:00,49067,18,34,23,89
2024-10-26T01:57:45+07:00,49068,18,35,23,89
2024-10-26T01:58:06+07:00,49069,18,34,23,89
2024-10-26T01:58:29+07:00,49070,17,33,23,89
2024-10-26T01:58:51+07:00,49071,18,35,23,89
2024-10-26T01:59:13+07:00,49072,18,34,23,89
2024-10-26T01:59:36+07:00,49073,19,35,23,89
2024-10-26T01:59:59+07:00,49074,17,33,23,89
2024-10-26T02:00:21+07:00,49075,18,35,23,89
2024-10-26T02:00:44+07:00,49076,18,33,23,89
2024-10-26T02:01:06+07:00,49077,17,34,23,89
2024-10-26T02:01:29+07:00,49078,17,33,23,88
2024-10-26T02:01:51+07:00,49079,18,33,23,86
2024-10-26T02:02:13+07:00,49080,18,34,23,87
2024-10-26T02:02:35+07:00,49081,18,34,23,87
2024-10-26T02:02:58+07:00,49082,18,34,23,87
2024-10-26T02:03:21+07:00,49083,18,33,23,86
2024-10-26T02:03:43+07:00,49084,18,33,23,87
2024-10-26T02:04:05+07:00,49085,18,33,23,87
2024-10-26T02:04:27+07:00,49086,18,34,23,88
2024-10-26T02:04:50+07:00,49087,18,33,23,88
2024-10-26T02:05:12+07:00,49088,17,34,23,88
2024-10-26T02:05:34+07:00,49089,18,33,23,88
2024-10-26T02:05:57+07:00,49090,18,34,23,87
2024-10-26T02:06:19+07:00,49091,18,34,23,87
2024-10-26T02:06:42+07:00,49092,17,33,23,87
2024-10-26T02:07:04+07:00,49093,18,33,23,88
2024-10-26T02:07:26+07:00,49094,17,35,23,88
2024-10-26T02:07:49+07:00,49095,17,34,23,89
2024-10-26T02:08:11+07:00,49096,18,33,23,89
2024-10-26T02:08:33+07:00,49097,18,33,23,89
2024-10-26T02:08:55+07:00,49098,18,34,23,89
2024-10-26T02:09:18+07:00,49099,18,33,23,89
2024-10-26T02:09:40+07:00,49100,18,34,23,89
2024-10-26T02:10:03+07:00,49101,18,35,23,89
2024-10-26T02:10:25+07:00,49102,18,33,23,89
2024-10-26T02:10:48+07:00,49103,18,34,23,89
2024-10-26T02:11:10+07:00,49104,18,35,23,88
2024-10-26T02:11:33+07:00,49105,18,33,23,88
2024-10-26T02:11:56+07:00,49106,18,34,23,88
2024-10-26T02:12:19+07:00,49107,17,34,23,89
2024-10-26T02:12:42+07:00,49108,18,32,23,89
2024-10-26T02:13:04+07:00,49109,18,33,23,89
2024-10-26T02:13:27+07:00,49110,18,34,23,89
2024-10-26T02:13:50+07:00,49111,17,33,23,89
2024-10-26T02:14:13+07:00,49112,18,33,23,89
2024-10-26T02:14:35+07:00,49113,18,32,23,89
2024-10-26T02:14:58+07:00,49114,18,33,23,89
2024-10-26T02:15:20+07:00,49115,17,34,23,89
2024-10-26T02:15:44+07:00,49116,18,33,23,89
2024-10-26T02:16:07+07:00,49117,18,33,23,89
2024-10-26T02:16:30+07:00,49118,18,33,23,89
2024-10-26T02:16:54+07:00,49119,18,34,23,89
2024-10-26T02:17:17+07:00,49120,17,33,23,89
2024-10-26T02:17:39+07:00,49121,17,35,23,89
2024-10-26T02:18:02+07:00,49122,18,34,23,89
2024-10-26T02:18:26+07:00,49123,17,34,22.9,89
2024-10-26T02:18:48+07:00,49124,18,33,22.7,89
2024-10-26T02:19:11+07:00,49125,18,33,22.9,89
2024-10-26T02:19:34+07:00,49126,18,35,23,89
2024-10-26T02:19:56+07:00,49127,18,33,23,90
2024-10-26T02:20:20+07:00,49128,18,34,22.9,89
2024-10-26T02:20:42+07:00,49129,18,35,22.7,89
2024-10-26T02:21:05+07:00,49130,18,33,22.7,89
2024-10-26T02:21:29+07:00,49131,18,34,22.7,89
2024-10-26T02:21:52+07:00,49132,17,32,22.7,89
2024-10-26T02:22:17+07:00,49133,18,33,22.6,89
2024-10-26T02:22:40+07:00,49134,17,35,22.6,89
2024-10-26T02:23:03+07:00,49135,17,34,22.6,89
2024-10-26T02:23:27+07:00,49136,18,32,22.6,89
2024-10-26T02:23:50+07:00,49137,18,35,22.7,89
2024-10-26T02:24:12+07:00,49138,17,34,22.6,89
2024-10-26T02:24:36+07:00,49139,17,34,22.6,89
2024-10-26T02:25:00+07:00,49140,18,32,22.6,89
2024-10-26T02:25:22+07:00,49141,18,34,22.6,90
2024-10-26T02:25:45+07:00,49142,17,34,22.7,90
2024-10-26T02:26:09+07:00,49143,18,33,22.7,90
2024-10-26T02:26:31+07:00,49144,18,34,22.7,91
2024-10-26T02:26:54+07:00,49145,17,33,22.7,91
2024-10-26T02:27:18+07:00,49146,17,33,22.7,91
2024-10-26T02:27:41+07:00,49147,18,33,22.6,90
2024-10-26T02:28:03+07:00,49148,18,33,22.6,90
2024-10-26T02:28:26+07:00,49149,18,33,22.6,90
2024-10-26T02:28:48+07:00,49150,17,32,22.6,89
2024-10-26T02:29:10+07:00,49151,18,34,22.7,89
2024-10-26T02:29:34+07:00,49152,17,34,22.6,89
2024-10-26T02:29:57+07:00,49153,17,34,22.6,90
2024-10-26T02:30:20+07:00,49154,18,34,22.6,90
2024-10-26T02:30:44+07:00,49155,17,34,22.6,90
2024-10-26T02:31:07+07:00,49156,18,34,22.6,89
2024-10-26T02:31:29+07:00,49157,18,34,22.6,89
2024-10-26T02:31:52+07:00,49158,18,32,22.6,90
2024-10-26T02:32:14+07:00,49159,17,33,22.6,90
2024-10-26T02:32:37+07:00,49160,17,33,22.6,90
2024-10-26T02:33:01+07:00,49161,18,33,22.6,90
2024-10-26T02:33:24+07:00,49162,18,35,22.6,90
2024-10-26T02:33:47+07:00,49163,17,32,22.6,90
2024-10-26T02:34:09+07:00,49164,18,34,22.6,90
2024-10-26T02:34:32+07:00,49165,18,33,22.6,90
2024-10-26T02:34:54+07:00,49166,18,36,22.6,90
2024-10-26T02:35:17+07:00,49167,18,32,22.6,90
2024-10-26T02:35:39+07:00,49168,17,33,22.6,90
2024-10-26T02:36:02+07:00,49169,18,33,22.7,90
2024-10-26T02:36:26+07:00,49170,18,34,22.6,90
2024-10-26T02:36:49+07:00,49171,17,35,22.7,90
2024-10-26T02:37:12+07:00,49172,18,33,22.6,90
2024-10-26T02:37:35+07:00,49173,18,35,22.7,90
2024-10-26T02:37:58+07:00,49174,17,33,22.7,90
2024-10-26T02:38:21+07:00,49175,18,33,22.7,90
2024-10-26T02:38:45+07:00,49176,18,35,22.6,90
2024-10-26T02:39:09+07:00,49177,17,32,22.7,90
2024-10-26T02:39:32+07:00,49178,18,33,22.7,90
2024-10-26T02:39:55+07:00,49179,18,33,22.7,90
2024-10-26T02:40:19+07:00,49180,18,34,22.6,90
2024-10-26T02:40:42+07:00,49181,18,33,22.7,89
2024-10-26T02:41:06+07:00,49182,18,34,22.7,89
2024-10-26T02:41:31+07:00,49183,17,34,22.7,90
2024-10-26T02:41:55+07:00,49184,18,35,22.7,90
2024-10-26T02:42:17+07:00,49185,17,34,22.7,90
2024-10-26T02:42:41+07:00,49186,18,33,22.7,90
2024-10-26T02:43:04+07:00,49187,18,34,22.7,90
2024-10-26T02:43:26+07:00,49188,17,33,22.7,90
2024-10-26T02:43:50+07:00,49189,17,33,22.7,90
2024-10-26T02:44:12+07:00,49190,17,33,22.7,90
2024-10-26T02:44:35+07:00,49191,18,34,22.7,90
2024-10-26T02:44:57+07:00,49192,18,33,22.7,90
2024-10-26T02:45:20+07:00,49193,17,33,22.7,90
2024-10-26T02:45:42+07:00,49194,18,33,23,90
2024-10-26T02:46:05+07:00,49195,18,34,22.8,90
2024-10-26T02:46:28+07:00,49196,17,34,22.7,90
2024-10-26T02:46:51+07:00,49197,18,33,22.9,90
2024-10-26T02:47:13+07:00,49198,17,33,22.7,90
2024-10-26T02:47:36+07:00,49199,17,33,22.7,89
2024-10-26T02:47:58+07:00,49200,18,33,22.7,89
2024-10-26T02:48:20+07:00,49201,17,33,22.7,89
2024-10-26T02:48:43+07:00,49202,17,34,22.7,89
2024-10-26T02:49:06+07:00,49203,18,34,22.6,89
2024-10-26T02:49:28+07:00,49204,17,33,22.6,89
2024-10-26T02:49:51+07:00,49205,18,33,22.6,89
2024-10-26T02:50:13+07:00,49206,18,35,22.6,89
2024-10-26T02:50:36+07:00,49207,17,34,22.7,89
2024-10-26T02:50:59+07:00,49208,18,32,22.6,89
2024-10-26T02:51:21+07:00,49209,18,32,22.7,89
2024-10-26T02:51:44+07:00,49210,17,33,22.7,89
2024-10-26T02:52:06+07:00,49211,18,35,22.6,89
2024-10-26T02:52:29+07:00,49212,18,33,22.6,89
2024-10-26T02:52:52+07:00,49213,17,33,22.6,89
2024-10-26T02:53:14+07:00,49214,18,34,22.6,89
2024-10-26T02:53:37+07:00,49215,18,33,22.6,89
2024-10-26T02:53:59+07:00,49216,17,33,22.6,89
2024-10-26T02:54:23+07:00,49217,17,33,22.6,89
2024-10-26T02:54:45+07:00,49218,17,35,22.6,89
2024-10-26T02:55:08+07:00,49219,17,33,22.6,88
2024-10-26T02:55:30+07:00,49220,18,34,22.6,88
2024-10-26T02:55:52+07:00,49221,18,33,22.6,88
2024-10-26T02:56:14+07:00,49222,18,34,22.6,88
2024-10-26T02:56:37+07:00,49223,19,33,22.6,88
2024-10-26T02:57:00+07:00,49224,18,35,22.6,88
2024-10-26T02:57:22+07:00,49225,17,34,22.6,87
2024-10-26T02:57:44+07:00,49226,17,35,22.6,87
2024-10-26T02:58:07+07:00,49227,17,33,22.6,87
2024-10-26T02:58:29+07:00,49228,18,32,22.6,87
2024-10-26T02:58:51+07:00,49229,18,33,22.6,87
2024-10-26T02:59:13+07:00,49230,17,34,22.6,88
2024-10-26T02:59:35+07:00,49231,18,33,22.6,88
2024-10-26T02:59:58+07:00,49232,18,33,22.6,87
2024-10-26T03:00:20+07:00,49233,17,33,22.6,86
2024-10-26T03:00:43+07:00,49234,18,34,22.6,87
2024-10-26T03:01:06+07:00,49235,17,33,22.6,88
2024-10-26T03:01:28+07:00,49236,17,34,22.6,88
2024-10-26T03:01:50+07:00,49237,17,33,22.6,88
2024-10-26T03:02:12+07:00,49238,18,33,22.6,88
2024-10-26T03:02:35+07:00,49239,18,33,22.6,88
2024-10-26T03:02:57+07:00,49240,17,33,22.6,89
2024-10-26T03:03:19+07:00,49241,18,33,22.6,89
2024-10-26T03:03:41+07:00,49242,17,34,22.6,89
2024-10-26T03:04:05+07:00,49243,17,34,22.6,88
2024-10-26T03:04:27+07:00,49244,17,34,22.6,88
2024-10-26T03:04:49+07:00,49245,18,34,22.6,88
2024-10-26T03:05:12+07:00,49246,17,34,22.6,88
2024-10-26T03:05:34+07:00,49247,17,33,22.6,88
2024-10-26T03:05:56+07:00,49248,17,34,22.6,88
2024-10-26T03:06:19+07:00,49249,18,34,22.6,89
2024-10-26T03:06:41+07:00,49250,17,35,22.6,88
2024-10-26T03:07:03+07:00,49251,18,34,22.6,88
2024-10-26T03:07:26+07:00,49252,18,33,22.6,88
2024-10-26T03:07:48+07:00,49253,18,34,22.6,88
2024-10-26T03:08:10+07:00,49254,18,34,22.6,88
2024-10-26T03:08:33+07:00,49255,17,35,22.6,88
2024-10-26T03:08:55+07:00,49256,18,33,22.6,88
2024-10-26T03:09:17+07:00,49257,18,34,22.6,88
2024-10-26T03:09:39+07:00,49258,18,33,22.6,89
2024-10-26T03:10:02+07:00,49259,18,34,22.6,89
2024-10-26T03:10:24+07:00,49260,18,35,22.6,89
2024-10-26T03:10:46+07:00,49261,18,33,22.6,89
2024-10-26T03:11:09+07:00,49262,17,33,22.6,89
2024-10-26T03:11:31+07:00,49263,18,35,22.6,89
2024-10-26T03:11:53+07:00,49264,17,34,22.6,89
2024-10-26T03:12:16+07:00,49265,18,34,22.6,89
2024-10-26T03:12:38+07:00,49266,17,34,22.6,89
2024-10-26T03:13:00+07:00,49267,17,32,22.6,89
2024-10-26T03:13:23+07:00,49268,17,33,22.6,89
2024-10-26T03:13:46+07:00,49269,18,33,22.6,90
2024-10-26T03:14:08+07:00,49270,18,35,22.6,90
2024-10-26T03:14:30+07:00,49271,17,33,22.6,90
2024-10-26T03:14:53+07:00,49272,18,35,22.6,90
2024-10-26T03:15:15+07:00,49273,18,34,22.6,90
2024-10-26T03:15:37+07:00,49274,17,35,22.6,90
2024-10-26T03:15:59+07:00,49275,18,33,22.6,90
2024-10-26T03:16:21+07:00,49276,17,34,22.6,90
2024-10-26T03:16:44+07:00,49277,17,35,22.6,89
2024-10-26T03:17:06+07:00,49278,17,34,22.6,89
2024-10-26T03:17:28+07:00,49279,17,35,22.6,89
2024-10-26T03:17:50+07:00,49280,18,33,22.6,89
2024-10-26T03:18:12+07:00,49281,17,35,22.6,88
2024-10-26T03:18:35+07:00,49282,18,35,22.6,89
2024-10-26T03:18:57+07:00,49283,17,35,22.6,89
2024-10-26T03:19:19+07:00,49284,18,36,22.6,89
2024-10-26T03:19:42+07:00,49285,18,35,22.6,89
2024-10-26T03:20:04+07:00,49286,18,34,22.6,89
2024-10-26T03:20:26+07:00,49287,18,34,22.6,89
2024-10-26T03:20:48+07:00,49288,17,34,22.6,89
2024-10-26T03:21:10+07:00,49289,18,35,22.6,89
2024-10-26T03:21:32+07:00,49290,17,33,22.6,89
2024-10-26T03:21:54+07:00,49291,18,35,22.6,89
2024-10-26T03:22:17+07:00,49292,17,35,22.6,89
2024-10-26T03:22:39+07:00,49293,18,33,22.6,89
2024-10-26T03:23:01+07:00,49294,18,34,22.6,89
2024-10-26T03:23:23+07:00,49295,18,34,22.6,89
2024-10-26T03:23:45+07:00,49296,18,34,22.6,89
2024-10-26T03:24:08+07:00,49297,17,35,22.6,89
2024-10-26T03:24:30+07:00,49298,18,33,22.6,89
2024-10-26T03:24:53+07:00,49299,18,35,22.6,89
2024-10-26T03:25:15+07:00,49300,17,34,22.6,89
2024-10-26T03:25:37+07:00,49301,16,34,22.6,88
2024-10-26T03:25:59+07:00,49302,18,35,22.6,87
2024-10-26T03:26:21+07:00,49303,18,33,22.6,88
2024-10-26T03:26:43+07:00,49304,17,35,22.6,88
2024-10-26T03:27:05+07:00,49305,18,34,22.6,88
2024-10-26T03:27:27+07:00,49306,17,34,22.6,88
2024-10-26T03:27:50+07:00,49307,18,33,22.6,88
2024-10-26T03:28:12+07:00,49308,17,35,22.6,88
2024-10-26T03:28:34+07:00,49309,18,34,22.6,88
2024-10-26T03:28:57+07:00,49310,18,34,22.6,88
2024-10-26T03:29:19+07:00,49311,17,33,22.6,88
2024-10-26T03:29:41+07:00,49312,18,34,22.6,88
2024-10-26T03:30:03+07:00,49313,18,34,22.6,88
2024-10-26T03:30:25+07:00,49314,17,35,22.6,89
2024-10-26T03:30:47+07:00,49315,18,34,22.6,89
2024-10-26T03:31:10+07:00,49316,17,34,22.6,89
2024-10-26T03:31:32+07:00,49317,17,35,22.6,89
2024-10-26T03:31:55+07:00,49318,17,34,22.6,89
2024-10-26T03:32:17+07:00,49319,18,35,22.6,89
2024-10-26T03:32:39+07:00,49320,17,34,22.6,89
2024-10-26T03:33:01+07:00,49321,18,33,22.6,89
2024-10-26T03:33:23+07:00,49322,18,34,22.6,88
2024-10-26T03:33:45+07:00,49323,17,35,22.6,89
2024-10-26T03:34:08+07:00,49324,18,34,22.6,89
2024-10-26T03:34:30+07:00,49325,18,33,22.6,89
2024-10-26T03:34:52+07:00,49326,17,33,22.6,89
2024-10-26T03:35:14+07:00,49327,16,34,22.6,89
2024-10-26T03:35:36+07:00,49328,17,35,22.6,89
2024-10-26T03:35:58+07:00,49329,17,33,22.6,89
2024-10-26T03:36:20+07:00,49330,18,33,22.6,89
2024-10-26T03:36:42+07:00,49331,17,35,22.6,89
2024-10-26T03:37:04+07:00,49332,17,35,22.6,89
2024-10-26T03:37:26+07:00,49333,17,35,22.6,89
2024-10-26T03:37:49+07:00,49334,17,32,22.6,90
2024-10-26T03:38:11+07:00,49335,17,33,22.6,89
2024-10-26T03:38:33+07:00,49336,18,35,22.6,89
2024-10-26T03:38:55+07:00,49337,18,34,22.6,89
2024-10-26T03:39:17+07:00,49338,17,35,22.6,89
2024-10-26T03:39:39+07:00,49339,18,34,22.6,89
2024-10-26T03:40:01+07:00,49340,17,35,22.6,89
2024-10-26T03:40:23+07:00,49341,17,34,22.6,89
2024-10-26T03:40:45+07:00,49342,17,33,22.6,89
2024-10-26T03:41:07+07:00,49343,16,33,22.6,89
2024-10-26T03:41:29+07:00,49344,18,33,22.6,89
2024-10-26T03:41:52+07:00,49345,17,34,22.6,89
2024-10-26T03:42:14+07:00,49346,17,34,22.6,89
2024-10-26T03:42:36+07:00,49347,18,33,22.6,89
2024-10-26T03:42:58+07:00,49348,17,34,22.6,89
2024-10-26T03:43:20+07:00,49349,18,33,22.6,89
2024-10-26T03:43:43+07:00,49350,19,33,22.6,89
2024-10-26T03:44:06+07:00,49351,17,34,22.6,89
2024-10-26T03:44:27+07:00,49352,17,33,22.6,89
2024-10-26T03:44:50+07:00,49353,18,35,22.6,89
2024-10-26T03:45:12+07:00,49354,17,33,22.6,89
2024-10-26T03:45:34+07:00,49355,17,35,22.6,89
2024-10-26T03:45:56+07:00,49356,18,34,22.6,89
2024-10-26T03:46:18+07:00,49357,18,34,22.6,89
2024-10-26T03:46:40+07:00,49358,17,35,22.6,89
2024-10-26T03:47:02+07:00,49359,18,34,22.6,89
2024-10-26T03:47:24+07:00,49360,18,34,22.6,89
2024-10-26T03:47:46+07:00,49361,17,35,22.6,89
2024-10-26T03:48:08+07:00,49362,17,34,22.6,89
2024-10-26T03:48:30+07:00,49363,18,35,22.6,89
2024-10-26T03:48:52+07:00,49364,17,33,22.6,89
2024-10-26T03:49:14+07:00,49365,18,35,22.6,90
2024-10-26T03:49:36+07:00,49366,18,33,22.6,90
2024-10-26T03:49:58+07:00,49367,17,34,22.6,90
2024-10-26T03:50:20+07:00,49368,17,34,22.6,90
2024-10-26T03:50:42+07:00,49369,17,33,22.6,90
2024-10-26T03:51:04+07:00,49370,18,35,22.3,89
2024-10-26T03:51:26+07:00,49371,18,33,22.3,89
2024-10-26T03:51:49+07:00,49372,18,35,22.2,89
2024-10-26T03:52:11+07:00,49373,18,34,22.2,89
2024-10-26T03:52:33+07:00,49374,17,34,22.2,89
2024-10-26T03:52:55+07:00,49375,18,35,22.3,89
2024-10-26T03:53:17+07:00,49376,17,33,22.2,89
2024-10-26T03:53:39+07:00,49377,18,34,22.2,89
2024-10-26T03:54:01+07:00,49378,18,33,22.2,89
2024-10-26T03:54:23+07:00,49379,18,34,22.2,90
2024-10-26T03:54:45+07:00,49380,18,34,22.2,90
2024-10-26T03:55:07+07:00,49381,18,34,22.2,90
2024-10-26T03:55:29+07:00,49382,17,34,22.2,90
2024-10-26T03:55:51+07:00,49383,18,34,22.2,91
2024-10-26T03:56:13+07:00,49384,17,34,22.2,91
2024-10-26T03:56:35+07:00,49385,18,33,22.2,91
2024-10-26T03:56:57+07:00,49386,18,35,22.2,92
2024-10-26T03:57:20+07:00,49387,18,35,22.2,92
2024-10-26T03:57:41+07:00,49388,18,35,22.2,92
2024-10-26T03:58:04+07:00,49389,17,33,22.2,92
2024-10-26T03:58:26+07:00,49390,18,35,22.2,92
2024-10-26T03:58:48+07:00,49391,17,35,22.2,92
2024-10-26T03:59:10+07:00,49392,17,35,22.2,92
2024-10-26T03:59:32+07:00,49393,17,35,22.2,92
2024-10-26T03:59:54+07:00,49394,18,34,22.2,92
2024-10-26T04:00:16+07:00,49395,17,33,22.2,92
2024-10-26T04:00:37+07:00,49396,18,33,22.2,92
2024-10-26T04:01:00+07:00,49397,17,33,22.2,92
2024-10-26T04:01:22+07:00,49398,17,34,22.2,92
2024-10-26T04:01:44+07:00,49399,17,35,22.2,92
2024-10-26T04:02:06+07:00,49400,17,34,22.2,92
2024-10-26T04:02:28+07:00,49401,18,34,22.2,92
2024-10-26T04:02:50+07:00,49402,18,35,22.2,92
2024-10-26T04:03:12+07:00,49403,17,36,22.3,92
2024-10-26T04:03:34+07:00,49404,18,34,22.2,92
2024-10-26T04:03:56+07:00,49405,17,33,22.2,92
2024-10-26T04:04:18+07:00,49406,17,33,22.2,92
2024-10-26T04:04:40+07:00,49407,17,32,22.2,92
2024-10-26T04:05:02+07:00,49408,17,33,22.2,92
2024-10-26T04:05:24+07:00,49409,18,35,22.2,92
2024-10-26T04:05:46+07:00,49410,17,34,22.2,92
2024-10-26T04:06:08+07:00,49411,18,34,22.2,92
2024-10-26T04:06:31+07:00,49412,17,35,22.2,92
2024-10-26T04:06:53+07:00,49413,18,34,22.2,92
2024-10-26T04:07:15+07:00,49414,17,34,22.2,92
2024-10-26T04:07:37+07:00,49415,18,35,22.2,92
2024-10-26T04:07:59+07:00,49416,17,34,22.2,92
2024-10-26T04:08:21+07:00,49417,18,33,22.2,92
2024-10-26T04:08:43+07:00,49418,17,34,22.2,92
2024-10-26T04:09:05+07:00,49419,18,32,22.2,92
2024-10-26T04:09:27+07:00,49420,17,34,22.2,91
2024-10-26T04:09:49+07:00,49421,18,34,22.2,91
2024-10-26T04:10:11+07:00,49422,17,34,22.2,91
2024-10-26T04:10:33+07:00,49423,17,33,22.2,91
2024-10-26T04:10:55+07:00,49424,18,34,22.2,91
2024-10-26T04:11:17+07:00,49425,17,36,22.2,91
2024-10-26T04:11:39+07:00,49426,18,34,22.2,91
2024-10-26T04:12:01+07:00,49427,18,35,22.2,91
2024-10-26T04:12:23+07:00,49428,17,33,22.2,91
2024-10-26T04:12:45+07:00,49429,18,33,22.2,91
2024-10-26T04:13:07+07:00,49430,17,32,22.2,90
2024-10-26T04:13:29+07:00,49431,17,33,22.2,90
2024-10-26T04:13:52+07:00,49432,17,34,22.2,90
2024-10-26T04:14:14+07:00,49433,17,33,22.2,90
2024-10-26T04:14:36+07:00,49434,17,35,22.2,90
2024-10-26T04:14:58+07:00,49435,18,35,22.2,90
2024-10-26T04:15:20+07:00,49436,18,34,22.2,91
2024-10-26T04:15:42+07:00,49437,17,35,22.2,90
2024-10-26T04:16:04+07:00,49438,18,34,22.2,90
2024-10-26T04:16:26+07:00,49439,18,34,22.2,90
2024-10-26T04:16:48+07:00,49440,17,33,22.2,90
2024-10-26T04:17:10+07:00,49441,18,33,22.2,91
2024-10-26T04:17:32+07:00,49442,17,35,22.2,91
2024-10-26T04:17:54+07:00,49443,17,33,22.2,91
2024-10-26T04:18:16+07:00,49444,18,33,22.2,91
2024-10-26T04:18:38+07:00,49445,17,33,22.2,91
2024-10-26T04:19:00+07:00,49446,17,34,22.2,91
2024-10-26T04:19:22+07:00,49447,17,34,22.2,92
2024-10-26T04:19:44+07:00,49448,17,35,22.2,91
2024-10-26T04:20:06+07:00,49449,18,33,22.2,91
2024-10-26T04:20:28+07:00,49450,17,33,22.2,91
2024-10-26T04:20:50+07:00,49451,17,34,22.2,91
2024-10-26T04:21:12+07:00,49452,18,33,22.2,91
2024-10-26T04:21:34+07:00,49453,17,33,22.2,91
2024-10-26T04:21:56+07:00,49454,17,34,22.2,90
2024-10-26T04:22:19+07:00,49455,17,33,22.2,90
2024-10-26T04:22:41+07:00,49456,17,33,22.2,90
2024-10-26T04:23:03+07:00,49457,18,34,22.2,90
2024-10-26T04:23:25+07:00,49458,18,35,22.2,90
2024-10-26T04:23:47+07:00,49459,17,33,22.2,90
2024-10-26T04:24:09+07:00,49460,17,34,22.2,90
2024-10-26T04:24:31+07:00,49461,17,35,22.2,90
2024-10-26T04:24:53+07:00,49462,17,33,22.2,90
2024-10-26T04:25:15+07:00,49463,18,34,22.2,90
2024-10-26T04:25:37+07:00,49464,18,33,22.2,90
2024-10-26T04:25:59+07:00,49465,17,34,22.2,90
2024-10-26T04:26:21+07:00,49466,17,33,22.2,90
2024-10-26T04:26:43+07:00,49467,17,33,22.2,90
2024-10-26T04:27:05+07:00,49468,18,33,22.2,90
2024-10-26T04:27:27+07:00,49469,18,35,22.2,90
2024-10-26T04:27:49+07:00,49470,17,34,22.2,90
2024-10-26T04:28:11+07:00,49471,17,34,22.2,91
2024-10-26T04:28:33+07:00,49472,18,33,22.2,91
2024-10-26T04:28:55+07:00,49473,17,33,22.2,91
2024-10-26T04:29:17+07:00,49474,16,33,22.2,91
2024-10-26T04:29:39+07:00,49475,17,34,22.2,91
2024-10-26T04:30:01+07:00,49476,18,34,22.2,91
2024-10-26T04:30:23+07:00,49477,18,33,22.2,90
2024-10-26T04:30:45+07:00,49478,17,34,22.2,90
2024-10-26T04:31:07+07:00,49479,17,33,22.2,90
2024-10-26T04:31:30+07:00,49480,17,33,22.2,90
2024-10-26T04:31:52+07:00,49481,17,33,22.2,90
2024-10-26T04:32:14+07:00,49482,17,34,22.2,90
2024-10-26T04:32:36+07:00,49483,17,33,22.2,90
2024-10-26T04:32:58+07:00,49484,18,33,22.2,90
2024-10-26T04:33:20+07:00,49485,18,33,22.2,90
2024-10-26T04:33:42+07:00,49486,17,35,22.2,90
2024-10-26T04:34:04+07:00,49487,17,34,22.2,90
2024-10-26T04:34:26+07:00,49488,18,35,22.2,90
2024-10-26T04:34:48+07:00,49489,18,33,22.2,90
2024-10-26T04:35:10+07:00,49490,17,33,22.2,90
2024-10-26T04:35:32+07:00,49491,18,33,22.2,90
2024-10-26T04:35:54+07:00,49492,16,35,22.2,90
2024-10-26T04:36:16+07:00,49493,17,34,22.2,90
2024-10-26T04:36:38+07:00,49494,17,33,22.2,91
2024-10-26T04:37:00+07:00,49495,17,34,22.2,91
2024-10-26T04:37:22+07:00,49496,18,33,22.2,90
2024-10-26T04:37:44+07:00,49497,18,33,22.2,90
2024-10-26T04:38:07+07:00,49498,18,33,22.2,90
2024-10-26T04:38:29+07:00,49499,16,35,22.2,90
2024-10-26T04:38:51+07:00,49500,17,34,22.2,89
2024-10-26T04:39:13+07:00,49501,18,32,22.2,90
2024-10-26T04:39:35+07:00,49502,18,33,22.2,90
2024-10-26T04:39:57+07:00,49503,18,35,22.2,90
2024-10-26T04:40:19+07:00,49504,17,34,22.2,90
2024-10-26T04:40:41+07:00,49505,17,34,22.2,90
2024-10-26T04:41:03+07:00,49506,17,35,22.2,90
2024-10-26T04:41:25+07:00,49507,17,34,22.2,90
2024-10-26T04:41:47+07:00,49508,17,34,22.2,90
2024-10-26T04:42:09+07:00,49509,17,35,22.2,91
2024-10-26T04:42:31+07:00,49510,18,34,22.2,91
2024-10-26T04:42:53+07:00,49511,17,33,22.2,91
2024-10-26T04:43:15+07:00,49512,18,34,22.2,92
2024-10-26T04:43:37+07:00,49513,18,34,22.2,92
2024-10-26T04:43:59+07:00,49514,18,34,22.2,92
2024-10-26T04:44:21+07:00,49515,18,34,22.2,92
2024-10-26T04:44:43+07:00,49516,17,34,22.2,92
2024-10-26T04:45:05+07:00,49517,17,35,22.2,92
2024-10-26T04:45:28+07:00,49518,18,34,22.2,92
2024-10-26T04:45:50+07:00,49519,17,34,22.2,92
2024-10-26T04:46:12+07:00,49520,18,33,22.2,92
2024-10-26T04:46:34+07:00,49521,17,33,22.2,93
2024-10-26T04:46:56+07:00,49522,17,33,22.2,93
2024-10-26T04:47:17+07:00,49523,17,33,22.2,93
2024-10-26T04:47:39+07:00,49524,17,33,22.2,93
2024-10-26T04:48:01+07:00,49525,17,33,22.2,93
2024-10-26T04:48:24+07:00,49526,17,34,22.2,93
2024-10-26T04:48:46+07:00,49527,17,33,22.2,93
2024-10-26T04:49:08+07:00,49528,17,34,22.2,93
2024-10-26T04:49:30+07:00,49529,18,34,22.2,93
2024-10-26T04:49:52+07:00,49530,17,33,22.2,93
2024-10-26T04:50:14+07:00,49531,18,33,22.2,93
2024-10-26T04:50:36+07:00,49532,17,33,22.2,93
2024-10-26T04:50:58+07:00,49533,17,33,22.2,93
2024-10-26T04:51:20+07:00,49534,17,34,22.2,93
2024-10-26T04:51:42+07:00,49535,17,34,22.2,93
2024-10-26T04:52:04+07:00,49536,17,34,22.2,93
2024-10-26T04:52:26+07:00,49537,17,34,22.2,93
2024-10-26T04:52:48+07:00,49538,16,33,22.2,93
2024-10-26T04:53:10+07:00,49539,17,33,22.2,93
2024-10-26T04:53:32+07:00,49540,17,33,22.2,93
2024-10-26T04:53:54+07:00,49541,18,35,22.2,93
2024-10-26T04:54:16+07:00,49542,16,33,22.2,93
2024-10-26T04:54:38+07:00,49543,17,35,22.2,93
2024-10-26T04:55:00+07:00,49544,17,35,22.2,93
2024-10-26T04:55:22+07:00,49545,17,33,22.2,93
2024-10-26T04:55:44+07:00,49546,18,34,22.2,93
2024-10-26T04:56:06+07:00,49547,18,33,22.2,93
2024-10-26T04:56:28+07:00,49548,17,34,22.2,93
2024-10-26T04:56:50+07:00,49549,18,34,22.2,93
2024-10-26T04:57:12+07:00,49550,18,32,22.2,93
2024-10-26T04:57:34+07:00,49551,17,34,22.2,93
2024-10-26T04:57:56+07:00,49552,18,34,22.2,93
2024-10-26T04:58:18+07:00,49553,17,34,22.2,93
2024-10-26T04:58:40+07:00,49554,17,34,22.2,93
2024-10-26T04:59:02+07:00,49555,18,33,22.2,94
2024-10-26T04:59:24+07:00,49556,18,35,22.2,93
2024-10-26T04:59:46+07:00,49557,16,32,22.2,94
2024-10-26T05:00:08+07:00,49558,17,34,22.2,94
2024-10-26T05:00:31+07:00,49559,17,33,22.2,94
2024-10-26T05:00:53+07:00,49560,18,35,22.2,94
2024-10-26T05:01:14+07:00,49561,17,35,22.2,94
2024-10-26T05:01:36+07:00,49562,18,34,21.9,94
2024-10-26T05:01:58+07:00,49563,17,35,21.9,94
2024-10-26T05:02:20+07:00,49564,18,33,21.9,94
2024-10-26T05:02:43+07:00,49565,17,33,21.9,94
2024-10-26T05:03:05+07:00,49566,17,33,21.9,94
2024-10-26T05:03:27+07:00,49567,17,32,22,94
2024-10-26T05:03:49+07:00,49568,17,35,22.2,94
2024-10-26T05:04:11+07:00,49569,17,32,22.2,94
2024-10-26T05:04:33+07:00,49570,17,34,22.2,94
2024-10-26T05:04:55+07:00,49571,18,35,21.9,94
2024-10-26T05:05:17+07:00,49572,18,34,21.9,94
2024-10-26T05:05:39+07:00,49573,18,33,21.9,94
2024-10-26T05:06:01+07:00,49574,17,35,21.9,94
2024-10-26T05:06:23+07:00,49575,19,34,21.9,94
2024-10-26T05:06:45+07:00,49576,17,34,21.8,94
2024-10-26T05:07:07+07:00,49577,18,32,21.9,94
2024-10-26T05:07:29+07:00,49578,18,32,21.8,94
2024-10-26T05:07:51+07:00,49579,18,34,21.8,94
2024-10-26T05:08:13+07:00,49580,17,34,21.8,94
2024-10-26T05:08:35+07:00,49581,17,33,21.8,94
2024-10-26T05:08:57+07:00,49582,17,36,21.8,94
2024-10-26T05:09:19+07:00,49583,18,33,21.8,94
2024-10-26T05:09:42+07:00,49584,18,32,21.8,94
2024-10-26T05:10:04+07:00,49585,18,33,21.8,94
2024-10-26T05:10:26+07:00,49586,17,34,21.8,94
2024-10-26T05:10:48+07:00,49587,18,35,21.8,94
2024-10-26T05:11:10+07:00,49588,19,33,21.9,94
2024-10-26T05:11:32+07:00,49589,17,35,21.8,94
2024-10-26T05:11:54+07:00,49590,17,32,21.8,94
2024-10-26T05:12:16+07:00,49591,18,33,21.8,94
2024-10-26T05:12:38+07:00,49592,17,33,21.8,94
2024-10-26T05:13:00+07:00,49593,18,34,21.8,94
2024-10-26T05:13:22+07:00,49594,17,33,21.8,94
2024-10-26T05:13:43+07:00,49595,17,35,21.8,94
2024-10-26T05:14:06+07:00,49596,18,35,21.8,94
2024-10-26T05:14:27+07:00,49597,17,33,21.8,94
2024-10-26T05:14:50+07:00,49598,17,34,21.8,94
2024-10-26T05:15:12+07:00,49599,17,32,21.8,94
2024-10-26T05:15:34+07:00,49600,18,34,21.8,94
2024-10-26T05:15:56+07:00,49601,16,34,21.8,94
2024-10-26T05:16:18+07:00,49602,18,34,21.9,94
2024-10-26T05:16:40+07:00,49603,18,34,21.8,94
2024-10-26T05:17:02+07:00,49604,17,35,21.9,94
2024-10-26T05:17:24+07:00,49605,17,31,21.9,94
2024-10-26T05:17:46+07:00,49606,17,36,21.9,94
2024-10-26T05:18:08+07:00,49607,17,35,22.1,94
2024-10-26T05:18:30+07:00,49608,17,33,22.2,94
2024-10-26T05:18:51+07:00,49609,18,31,22.2,94
2024-10-26T05:19:14+07:00,49610,18,33,22.2,94
2024-10-26T05:19:36+07:00,49611,18,33,21.9,94
2024-10-26T05:19:58+07:00,49612,18,35,21.9,94
2024-10-26T05:20:20+07:00,49613,18,34,21.9,94
2024-10-26T05:20:42+07:00,49614,17,35,21.9,94
2024-10-26T05:21:04+07:00,49615,16,34,21.9,94
2024-10-26T05:21:26+07:00,49616,18,32,21.9,94
2024-10-26T05:21:48+07:00,49617,18,34,21.9,94
2024-10-26T05:22:10+07:00,49618,17,33,21.9,94
2024-10-26T05:22:32+07:00,49619,18,34,21.9,94
2024-10-26T05:22:54+07:00,49620,18,34,21.9,94
2024-10-26T05:23:16+07:00,49621,16,33,21.9,94
2024-10-26T05:23:38+07:00,49622,17,33,21.9,94
2024-10-26T05:24:00+07:00,49623,18,34,21.9,94
2024-10-26T05:24:22+07:00,49624,18,34,21.8,94
2024-10-26T05:24:44+07:00,49625,18,33,21.8,94
2024-10-26T05:25:06+07:00,49626,16,33,21.8,93
2024-10-26T05:25:28+07:00,49627,18,33,21.8,93
2024-10-26T05:25:50+07:00,49628,17,34,21.8,93
2024-10-26T05:26:12+07:00,49629,18,32,21.8,93
2024-10-26T05:26:34+07:00,49630,18,32,21.8,93
2024-10-26T05:26:56+07:00,49631,17,33,21.8,93
2024-10-26T05:27:18+07:00,49632,17,32,21.9,93
2024-10-26T05:27:40+07:00,49633,18,34,21.8,94
2024-10-26T05:28:02+07:00,49634,18,32,21.8,94
2024-10-26T05:28:24+07:00,49635,18,33,21.8,94
2024-10-26T05:28:46+07:00,49636,17,34,21.8,94
2024-10-26T05:29:08+07:00,49637,17,32,21.8,94
2024-10-26T05:29:30+07:00,49638,17,33,21.8,94
2024-10-26T05:29:52+07:00,49639,18,34,21.8,94
2024-10-26T05:30:14+07:00,49640,17,33,21.8,94
2024-10-26T05:30:36+07:00,49641,17,33,21.8,94
2024-10-26T05:30:58+07:00,49642,17,32,21.8,94
2024-10-26T05:31:20+07:00,49643,17,34,21.8,94
2024-10-26T05:31:42+07:00,49644,17,35,21.8,94
2024-10-26T05:32:04+07:00,49645,18,33,21.8,94
2024-10-26T05:32:26+07:00,49646,18,34,21.8,94
2024-10-26T05:32:48+07:00,49647,19,35,21.8,94
2024-10-26T05:33:11+07:00,49648,17,33,21.8,94
2024-10-26T05:33:33+07:00,49649,17,33,21.8,94
2024-10-26T05:33:54+07:00,49650,18,33,21.8,94
2024-10-26T05:34:16+07:00,49651,18,35,21.8,94
2024-10-26T05:34:38+07:00,49652,18,34,21.8,94
2024-10-26T05:35:01+07:00,49653,17,34,21.8,94
2024-10-26T05:35:23+07:00,49654,18,34,21.8,94
2024-10-26T05:35:45+07:00,49655,18,34,21.8,94
2024-10-26T05:36:07+07:00,49656,18,36,21.8,94
2024-10-26T05:36:29+07:00,49657,16,34,21.8,94
2024-10-26T05:36:51+07:00,49658,18,33,21.8,94
2024-10-26T05:37:13+07:00,49659,17,33,21.8,94
2024-10-26T05:37:35+07:00,49660,17,35,21.9,94
2024-10-26T05:37:57+07:00,49661,17,33,21.8,94
2024-10-26T05:38:19+07:00,49662,16,31,21.9,94
2024-10-26T05:38:41+07:00,49663,18,33,21.8,94
2024-10-26T05:39:03+07:00,49664,16,34,21.9,94
2024-10-26T05:39:25+07:00,49665,18,32,21.9,94
2024-10-26T05:39:47+07:00,49666,17,34,21.9,94
2024-10-26T05:40:10+07:00,49667,17,34,21.9,94
2024-10-26T05:40:32+07:00,49668,17,35,21.9,94
2024-10-26T05:40:54+07:00,49669,17,33,21.9,94
2024-10-26T05:41:16+07:00,49670,17,33,21.9,94
2024-10-26T05:41:38+07:00,49671,18,33,21.8,94
2024-10-26T05:42:00+07:00,49672,18,33,21.9,93
2024-10-26T05:42:22+07:00,49673,18,32,21.9,94
2024-10-26T05:42:44+07:00,49674,18,31,21.9,94
2024-10-26T05:43:06+07:00,49675,18,34,21.9,94
2024-10-26T05:43:27+07:00,49676,18,34,21.9,93
2024-10-26T05:43:49+07:00,49677,17,33,22.2,93
2024-10-26T05:44:11+07:00,49678,18,34,22.2,93
2024-10-26T05:44:34+07:00,49679,17,33,22.2,93
2024-10-26T05:44:56+07:00,49680,17,33,22.2,93
2024-10-26T05:45:18+07:00,49681,17,32,22.2,93
2024-10-26T05:45:40+07:00,49682,18,33,22.2,93
2024-10-26T05:46:02+07:00,49683,17,34,22.2,93
2024-10-26T05:46:24+07:00,49684,17,35,22.2,93
2024-10-26T05:46:46+07:00,49685,18,33,22.2,93
2024-10-26T05:47:08+07:00,49686,16,32,22.2,93
2024-10-26T05:47:30+07:00,49687,17,31,22.2,93
2024-10-26T05:47:52+07:00,49688,17,32,22.2,93
2024-10-26T05:48:14+07:00,49689,17,31,22.2,93
2024-10-26T05:48:36+07:00,49690,17,33,22.2,93
2024-10-26T05:48:58+07:00,49691,16,33,22.2,93
2024-10-26T05:49:20+07:00,49692,17,32,22.2,93
2024-10-26T05:49:42+07:00,49693,18,32,22.2,93
2024-10-26T05:50:04+07:00,49694,18,34,22.2,93
2024-10-26T05:50:26+07:00,49695,17,35,22.2,92
2024-10-26T05:50:48+07:00,49696,18,32,22.2,92
2024-10-26T05:51:11+07:00,49697,17,32,22.2,92
2024-10-26T05:51:33+07:00,49698,18,33,22.2,92
2024-10-26T05:51:55+07:00,49699,17,34,22.2,92
2024-10-26T05:52:17+07:00,49700,16,31,22.2,92
2024-10-26T05:52:39+07:00,49701,16,34,22.2,92
2024-10-26T05:53:01+07:00,49702,17,33,22.2,92
2024-10-26T05:53:23+07:00,49703,17,32,22.2,92
2024-10-26T05:53:45+07:00,49704,17,33,22.2,92
2024-10-26T05:54:07+07:00,49705,16,32,22.2,92
2024-10-26T05:54:29+07:00,49706,17,35,22.2,93
2024-10-26T05:54:51+07:00,49707,17,33,22.2,93
2024-10-26T05:55:13+07:00,49708,18,34,22.2,93
2024-10-26T05:55:35+07:00,49709,18,32,22.3,92
2024-10-26T05:55:57+07:00,49710,17,33,22.3,92
2024-10-26T05:56:18+07:00,49711,18,32,22.3,92
2024-10-26T05:56:40+07:00,49712,17,34,22.5,92
2024-10-26T05:57:03+07:00,49713,18,34,22.6,92
2024-10-26T05:57:25+07:00,49714,17,33,22.6,92
2024-10-26T05:57:47+07:00,49715,17,32,22.6,92
2024-10-26T05:58:09+07:00,49716,16,33,22.6,91
2024-10-26T05:58:31+07:00,49717,16,35,22.6,91
2024-10-26T05:58:53+07:00,49718,17,35,22.6,91
2024-10-26T05:59:15+07:00,49719,17,32,22.6,91
2024-10-26T05:59:37+07:00,49720,16,34,22.6,91
2024-10-26T05:59:59+07:00,49721,17,34,22.6,90
2024-10-26T06:00:21+07:00,49722,17,34,22.6,90
2024-10-26T06:00:43+07:00,49723,16,35,22.6,90
2024-10-26T06:01:05+07:00,49724,16,34,22.6,90
2024-10-26T06:01:27+07:00,49725,17,35,22.6,90
2024-10-26T06:01:49+07:00,49726,17,33,22.6,90
2024-10-26T06:02:11+07:00,49727,16,34,22.6,91
2024-10-26T06:02:33+07:00,49728,16,34,22.7,91
2024-10-26T06:02:55+07:00,49729,17,34,22.6,90
2024-10-26T06:03:18+07:00,49730,17,33,22.7,90
2024-10-26T06:03:40+07:00,49731,17,32,22.7,90
2024-10-26T06:04:02+07:00,49732,17,33,22.7,90
2024-10-26T06:04:24+07:00,49733,18,35,23,89
2024-10-26T06:04:46+07:00,49734,17,33,22.9,89
2024-10-26T06:05:08+07:00,49735,16,35,23,89
2024-10-26T06:05:30+07:00,49736,17,33,23,88
2024-10-26T06:05:52+07:00,49737,17,34,23,87
2024-10-26T06:06:14+07:00,49738,16,34,23,87
2024-10-26T06:06:36+07:00,49739,16,33,23,87
2024-10-26T06:06:58+07:00,49740,18,35,23,87
2024-10-26T06:07:20+07:00,49741,17,34,23,86
2024-10-26T06:07:42+07:00,49742,17,33,23,87
2024-10-26T06:08:04+07:00,49743,16,34,23,86
2024-10-26T06:08:26+07:00,49744,17,35,23,85
2024-10-26T06:08:48+07:00,49745,17,34,23,85
2024-10-26T06:09:10+07:00,49746,17,35,23,85
2024-10-26T06:09:32+07:00,49747,17,35,23,84
2024-10-26T06:09:54+07:00,49748,19,33,23,83
2024-10-26T06:10:16+07:00,49749,17,33,23,84
2024-10-26T06:10:38+07:00,49750,17,35,23,84
2024-10-26T06:11:00+07:00,49751,16,35,23,84
2024-10-26T06:11:22+07:00,49752,18,35,23,85
2024-10-26T06:11:44+07:00,49753,16,33,23,85
2024-10-26T06:12:06+07:00,49754,17,34,23,85
2024-10-26T06:12:28+07:00,49755,17,33,23,84
2024-10-26T06:12:50+07:00,49756,16,31,23,83
2024-10-26T06:13:12+07:00,49757,16,34,23,82
2024-10-26T06:13:34+07:00,49758,17,32,23,82
2024-10-26T06:13:56+07:00,49759,16,35,23,82
2024-10-26T06:14:18+07:00,49760,17,33,23,82
2024-10-26T06:14:40+07:00,49761,18,33,23,82
2024-10-26T06:15:02+07:00,49762,16,33,23,82
2024-10-26T06:15:25+07:00,49763,17,33,23,82
2024-10-26T06:15:46+07:00,49764,17,35,23,81
2024-10-26T06:16:08+07:00,49765,17,33,23,81
2024-10-26T06:16:31+07:00,49766,17,34,23,82
2024-10-26T06:16:53+07:00,49767,16,34,23,82
2024-10-26T06:17:14+07:00,49768,16,32,23,82
2024-10-26T06:17:37+07:00,49769,17,33,23,82
2024-10-26T06:17:59+07:00,49770,18,34,23,82
2024-10-26T06:18:21+07:00,49771,17,36,23,81
2024-10-26T06:18:43+07:00,49772,17,31,23,81
2024-10-26T06:19:05+07:00,49773,16,34,23,81
2024-10-26T06:19:27+07:00,49774,17,34,23,82
2024-10-26T06:19:49+07:00,49775,17,35,23,82
2024-10-26T06:20:11+07:00,49776,16,33,23,82
2024-10-26T06:20:33+07:00,49777,17,34,23,83
2024-10-26T06:20:55+07:00,49778,16,33,23,82
2024-10-26T06:21:17+07:00,49779,17,34,23,82
2024-10-26T06:21:39+07:00,49780,17,34,23,81
2024-10-26T06:22:01+07:00,49781,17,35,23,81
2024-10-26T06:22:24+07:00,49782,16,34,23,81
2024-10-26T06:22:46+07:00,49783,17,34,23,81
2024-10-26T06:23:08+07:00,49784,18,35,23,81
2024-10-26T06:23:30+07:00,49785,16,33,23,81
2024-10-26T06:23:52+07:00,49786,17,34,23,81
2024-10-26T06:24:14+07:00,49787,16,36,23,81
2024-10-26T06:24:36+07:00,49788,17,35,23,81
2024-10-26T06:24:58+07:00,49789,16,34,23,81
2024-10-26T06:25:20+07:00,49790,16,33,23,81
2024-10-26T06:25:43+07:00,49791,17,34,23,81
2024-10-26T06:26:05+07:00,49792,17,33,23,81
2024-10-26T06:26:27+07:00,49793,16,34,23,81
2024-10-26T06:26:49+07:00,49794,16,36,23,81
2024-10-26T06:27:11+07:00,49795,18,34,23,81
2024-10-26T06:27:34+07:00,49796,16,35,23,81
2024-10-26T06:27:56+07:00,49797,18,35,23,80
2024-10-26T06:28:19+07:00,49798,17,33,23,81
2024-10-26T06:28:43+07:00,49799,18,34,23,80
2024-10-26T06:29:06+07:00,49800,16,32,23,79
2024-10-26T06:29:28+07:00,49801,17,35,23,80
2024-10-26T06:29:50+07:00,49802,17,36,23,79
2024-10-26T06:30:12+07:00,49803,17,34,22.7,79
2024-10-26T06:30:47+07:00,49804,16,34,22.7,79
2024-10-26T06:31:10+07:00,49805,18,33,22.7,79
2024-10-26T06:31:32+07:00,49806,17,34,22.6,80
2024-10-26T06:31:54+07:00,49807,16,34,22.7,80
2024-10-26T06:32:16+07:00,49808,17,34,22.6,80
2024-10-26T06:32:38+07:00,49809,17,34,22.7,80
2024-10-26T06:33:00+07:00,49810,19,36,22.6,81
2024-10-26T06:33:22+07:00,49811,16,34,22.7,81
2024-10-26T06:33:45+07:00,49812,17,33,23,81
2024-10-26T06:34:07+07:00,49813,16,35,23,81
2024-10-26T06:34:30+07:00,49814,16,35,23,81
2024-10-26T06:34:52+07:00,49815,16,34,23,81
2024-10-26T06:35:15+07:00,49816,18,33,23,81
2024-10-26T06:35:38+07:00,49817,18,35,23,81
2024-10-26T06:36:02+07:00,49818,18,35,23,81
2024-10-26T06:36:25+07:00,49819,18,36,23,81
2024-10-26T06:36:47+07:00,49820,16,33,23,81
2024-10-26T06:37:10+07:00,49821,17,35,23.4,81
2024-10-26T06:37:35+07:00,49822,17,34,23.4,81
2024-10-26T06:37:58+07:00,49823,17,33,23.4,81
2024-10-26T06:38:20+07:00,49824,16,35,23.4,81
2024-10-26T06:38:43+07:00,49825,16,35,23.4,81
2024-10-26T06:39:06+07:00,49826,17,33,23.4,81
2024-10-26T06:39:30+07:00,49827,16,35,23.4,81
2024-10-26T06:39:54+07:00,49828,17,33,23.4,81
2024-10-26T06:40:10+07:00,49829,15,34,23.7,81
2024-10-26T06:40:33+07:00,49830,17,33,23.8,81
2024-10-26T06:40:55+07:00,49831,16,34,23.8,81
2024-10-26T06:41:17+07:00,49832,16,33,23.8,81
2024-10-26T06:41:53+07:00,49833,15,32,23.8,81
2024-10-26T06:42:17+07:00,49834,17,35,23.8,81
2024-10-26T06:42:39+07:00,49835,16,36,23.8,81
2024-10-26T06:43:02+07:00,49836,17,33,23.8,81
2024-10-26T06:43:25+07:00,49837,17,35,23.8,81
2024-10-26T06:43:47+07:00,49838,15,34,23.8,81
2024-10-26T06:44:11+07:00,49839,16,33,23.8,80
2024-10-26T06:44:27+07:00,49840,16,34,23.8,80
2024-10-26T06:44:50+07:00,49841,17,35,23.8,80
2024-10-26T06:45:12+07:00,49842,16,35,24,81
2024-10-26T06:45:35+07:00,49843,17,34,24.1,81
2024-10-26T06:45:58+07:00,49844,16,34,24.1,81
2024-10-26T06:46:21+07:00,49845,17,36,24.1,81
2024-10-26T06:46:43+07:00,49846,16,36,24.1,81
2024-10-26T06:47:05+07:00,49847,17,32,24.1,81
2024-10-26T06:47:27+07:00,49848,17,35,24.1,81
2024-10-26T06:47:50+07:00,49849,16,35,24.1,81
2024-10-26T06:48:13+07:00,49850,16,35,24.1,81
2024-10-26T06:48:35+07:00,49851,16,35,24.1,81
2024-10-26T06:48:57+07:00,49852,16,35,24.1,81
2024-10-26T06:49:20+07:00,49853,16,33,24.1,81
2024-10-26T06:49:42+07:00,49854,17,35,24.2,80
2024-10-26T06:50:04+07:00,49855,15,34,24.2,80
2024-10-26T06:50:27+07:00,49856,16,36,24.2,81
2024-10-26T06:50:49+07:00,49857,15,36,24.5,81
2024-10-26T06:51:11+07:00,49858,15,35,24.5,81
2024-10-26T06:51:33+07:00,49859,16,34,24.5,81
2024-10-26T06:51:56+07:00,49860,15,35,24.5,81
2024-10-26T06:52:19+07:00,49861,16,36,24.5,81
2024-10-26T06:52:41+07:00,49862,16,33,24.5,81
2024-10-26T06:53:03+07:00,49863,16,36,24.5,81
2024-10-26T06:53:25+07:00,49864,15,35,24.5,81
2024-10-26T06:53:47+07:00,49865,16,35,24.5,80
2024-10-26T06:54:10+07:00,49866,16,36,24.5,80
2024-10-26T06:54:32+07:00,49867,15,35,24.5,80
2024-10-26T06:54:54+07:00,49868,16,34,24.5,80
2024-10-26T06:55:16+07:00,49869,17,37,24.5,80
2024-10-26T06:55:39+07:00,49870,16,35,24.5,80
2024-10-26T06:56:01+07:00,49871,17,35,24.5,79
2024-10-26T06:56:23+07:00,49872,16,35,24.5,79
2024-10-26T06:56:45+07:00,49873,17,35,24.5,80
2024-10-26T06:57:08+07:00,49874,16,35,24.5,80
2024-10-26T06:57:30+07:00,49875,15,34,24.5,80
2024-10-26T06:57:52+07:00,49876,16,35,24.5,80
2024-10-26T06:58:15+07:00,49877,16,36,24.5,80
2024-10-26T06:58:37+07:00,49878,16,34,24.5,79
2024-10-26T06:58:59+07:00,49879,15,35,24.5,79
2024-10-26T06:59:22+07:00,49880,15,35,24.5,79
2024-10-26T06:59:44+07:00,49881,16,35,24.5,79
2024-10-26T07:00:07+07:00,49882,16,34,24.5,79
2024-10-26T07:00:29+07:00,49883,16,37,24.5,79
2024-10-26T07:00:51+07:00,49884,16,35,24.5,79
2024-10-26T07:01:14+07:00,49885,16,34,24.5,79
2024-10-26T07:01:36+07:00,49886,16,35,24.8,79
2024-10-26T07:01:59+07:00,49887,15,34,24.8,79
2024-10-26T07:02:21+07:00,49888,16,35,24.8,78
2024-10-26T07:02:43+07:00,49889,15,34,24.8,78
2024-10-26T07:03:06+07:00,49890,16,34,24.8,77
2024-10-26T07:03:28+07:00,49891,16,34,24.5,77
2024-10-26T07:03:51+07:00,49892,16,35,24.5,77
2024-10-26T07:04:13+07:00,49893,15,35,24.5,78
2024-10-26T07:04:35+07:00,49894,15,36,24.5,78
2024-10-26T07:04:58+07:00,49895,16,36,24.5,77
2024-10-26T07:05:20+07:00,49896,16,33,24.5,77
2024-10-26T07:05:42+07:00,49897,16,35,24.5,78
2024-10-26T07:06:05+07:00,49898,16,35,24.5,78
2024-10-26T07:06:27+07:00,49899,17,36,24.5,78
2024-10-26T07:06:49+07:00,49900,15,33,24.5,78
2024-10-26T07:07:11+07:00,49901,16,36,24.5,78
2024-10-26T07:07:33+07:00,49902,16,35,24.5,77
2024-10-26T07:07:56+07:00,49903,16,36,24.5,77
2024-10-26T07:08:18+07:00,49904,16,36,24.8,78
2024-10-26T07:08:40+07:00,49905,16,34,24.8,78
2024-10-26T07:09:02+07:00,49906,16,35,24.8,78
2024-10-26T07:09:25+07:00,49907,16,35,24.8,78
2024-10-26T07:09:47+07:00,49908,16,35,24.8,78
2024-10-26T07:10:09+07:00,49909,16,37,24.8,78
2024-10-26T07:10:32+07:00,49910,16,35,24.8,78
2024-10-26T07:10:54+07:00,49911,15,34,24.8,77
2024-10-26T07:11:16+07:00,49912,16,36,24.8,77
2024-10-26T07:11:38+07:00,49913,15,35,24.8,78
2024-10-26T07:12:01+07:00,49914,17,35,24.8,78
2024-10-26T07:12:23+07:00,49915,16,34,24.8,77
2024-10-26T07:12:45+07:00,49916,16,35,24.8,77
2024-10-26T07:13:07+07:00,49917,16,35,24.9,78
2024-10-26T07:13:29+07:00,49918,16,35,24.8,77
2024-10-26T07:13:51+07:00,49919,16,35,24.8,77
2024-10-26T07:14:14+07:00,49920,15,35,24.8,78
2024-10-26T07:14:36+07:00,49921,16,35,24.8,78
2024-10-26T07:14:58+07:00,49922,17,36,24.8,77
2024-10-26T07:15:20+07:00,49923,16,35,24.8,77
2024-10-26T07:15:43+07:00,49924,16,35,24.8,77
2024-10-26T07:16:05+07:00,49925,15,35,24.8,77
2024-10-26T07:16:28+07:00,49926,15,37,24.9,77
2024-10-26T07:16:50+07:00,49927,15,36,24.9,77
2024-10-26T07:17:12+07:00,49928,16,36,24.9,77
2024-10-26T07:17:35+07:00,49929,16,35,24.9,77
2024-10-26T07:17:57+07:00,49930,16,35,24.9,77
2024-10-26T07:18:19+07:00,49931,15,34,24.9,77
2024-10-26T07:18:41+07:00,49932,15,36,25.2,77
2024-10-26T07:19:03+07:00,49933,16,37,25.2,77
2024-10-26T07:19:25+07:00,49934,15,36,25.3,77
2024-10-26T07:19:47+07:00,49935,15,36,25.3,77
2024-10-26T07:20:10+07:00,49936,16,37,25.3,77
2024-10-26T07:20:32+07:00,49937,15,36,25.3,77
2024-10-26T07:20:54+07:00,49938,16,36,25.3,77
2024-10-26T07:21:16+07:00,49939,16,37,25.3,77
2024-10-26T07:21:38+07:00,49940,15,36,25.3,78
2024-10-26T07:22:00+07:00,49941,16,36,25.3,77
2024-10-26T07:22:23+07:00,49942,16,37,25.3,77
2024-10-26T07:22:45+07:00,49943,16,36,25.3,77
2024-10-26T07:23:07+07:00,49944,16,37,25.3,77
2024-10-26T07:23:30+07:00,49945,16,36,25.3,77
2024-10-26T07:23:52+07:00,49946,15,37,25.3,78
2024-10-26T07:24:14+07:00,49947,16,35,25.3,79
2024-10-26T07:24:37+07:00,49948,17,35,25.3,79
2024-10-26T07:24:59+07:00,49949,16,35,25.3,79
2024-10-26T07:25:22+07:00,49950,15,35,25.3,79
2024-10-26T07:25:44+07:00,49951,16,34,25.3,78
2024-10-26T07:26:06+07:00,49952,16,37,25.3,78
2024-10-26T07:26:28+07:00,49953,16,35,25.3,77
2024-10-26T07:26:50+07:00,49954,15,36,25.3,78
2024-10-26T07:27:13+07:00,49955,16,35,25.3,78
2024-10-26T07:27:35+07:00,49956,15,33,25.3,78
2024-10-26T07:27:57+07:00,49957,14,36,25.3,78
2024-10-26T07:28:19+07:00,49958,15,36,25.3,78
2024-10-26T07:28:41+07:00,49959,15,37,25.3,78
2024-10-26T07:29:04+07:00,49960,15,35,25.7,78
2024-10-26T07:29:26+07:00,49961,16,36,25.8,77
2024-10-26T07:29:48+07:00,49962,15,39,25.8,77
2024-10-26T07:30:10+07:00,49963,15,36,25.7,77
2024-10-26T07:30:32+07:00,49964,16,37,25.8,78
2024-10-26T07:30:55+07:00,49965,16,38,25.8,78
2024-10-26T07:31:17+07:00,49966,17,36,25.8,78
2024-10-26T07:31:39+07:00,49967,14,34,25.8,77
2024-10-26T07:32:01+07:00,49968,16,34,25.8,77
2024-10-26T07:32:24+07:00,49969,16,35,25.8,77
2024-10-26T07:32:46+07:00,49970,16,36,25.8,77
2024-10-26T07:33:08+07:00,49971,15,35,25.8,77
2024-10-26T07:33:31+07:00,49972,16,38,25.8,77
2024-10-26T07:33:52+07:00,49973,16,34,25.8,77
2024-10-26T07:34:15+07:00,49974,16,35,25.8,77
2024-10-26T07:34:38+07:00,49975,16,38,25.8,77
2024-10-26T07:35:00+07:00,49976,16,36,25.8,77
2024-10-26T07:35:23+07:00,49977,16,36,25.8,77
2024-10-26T07:35:45+07:00,49978,14,36,25.8,77
2024-10-26T07:36:08+07:00,49979,16,37,25.8,77
2024-10-26T07:36:30+07:00,49980,16,37,25.8,77
2024-10-26T07:36:52+07:00,49981,16,36,25.8,77
2024-10-26T07:37:14+07:00,49982,15,36,25.8,75
2024-10-26T07:37:37+07:00,49983,15,36,25.8,74
2024-10-26T07:37:59+07:00,49984,15,35,25.8,75
2024-10-26T07:38:22+07:00,49985,16,35,25.8,76
2024-10-26T07:38:44+07:00,49986,14,36,25.8,76
2024-10-26T07:39:06+07:00,49987,16,36,25.8,77
2024-10-26T07:39:28+07:00,49988,15,37,25.8,77
2024-10-26T07:39:51+07:00,49989,15,36,25.8,77
2024-10-26T07:40:13+07:00,49990,16,37,25.8,77
2024-10-26T07:40:35+07:00,49991,16,36,25.8,77
2024-10-26T07:40:58+07:00,49992,14,37,25.8,77
2024-10-26T07:41:21+07:00,49993,15,35,25.8,77
2024-10-26T07:41:43+07:00,49994,15,36,25.8,77
2024-10-26T07:42:05+07:00,49995,15,37,25.8,77
2024-10-26T07:42:28+07:00,49996,16,36,25.8,77
2024-10-26T07:42:50+07:00,49997,16,36,25.8,77
2024-10-26T07:43:13+07:00,49998,16,36,25.8,77
2024-10-26T07:43:35+07:00,49999,16,38,25.8,77
2024-10-26T07:43:57+07:00,50000,15,37,25.8,77
2024-10-26T07:44:20+07:00,50001,15,36,25.8,77
2024-10-26T07:44:42+07:00,50002,15,36,25.8,76
2024-10-26T07:45:04+07:00,50003,14,36,25.8,76
2024-10-26T07:45:27+07:00,50004,15,36,25.8,75
2024-10-26T07:45:49+07:00,50005,15,36,25.8,74
2024-10-26T07:46:12+07:00,50006,16,37,25.8,76
2024-10-26T07:46:34+07:00,50007,16,37,25.8,77
2024-10-26T07:46:56+07:00,50008,15,36,25.8,76
2024-10-26T07:47:19+07:00,50009,15,36,25.8,75
2024-10-26T07:47:42+07:00,50010,16,36,26.2,75
2024-10-26T07:48:04+07:00,50011,15,36,26.2,75
2024-10-26T07:48:26+07:00,50012,16,35,26.2,74
2024-10-26T07:48:49+07:00,50013,15,37,26.2,75
2024-10-26T07:49:11+07:00,50014,15,37,26.2,76
2024-10-26T07:49:34+07:00,50015,14,37,26.2,77
2024-10-26T07:49:56+07:00,50016,16,36,26.2,76
2024-10-26T07:50:18+07:00,50017,15,36,26.2,76
2024-10-26T07:50:41+07:00,50018,16,36,26.2,76
2024-10-26T07:51:03+07:00,50019,15,36,26.2,76
2024-10-26T07:51:26+07:00,50020,14,37,26.2,77
2024-10-26T07:51:48+07:00,50021,15,36,26.3,77
2024-10-26T07:52:10+07:00,50022,15,37,26.2,77
2024-10-26T07:52:33+07:00,50023,15,36,26.2,77
2024-10-26T07:52:55+07:00,50024,15,35,26.2,75
2024-10-26T07:53:17+07:00,50025,15,36,26.2,74
2024-10-26T07:53:39+07:00,50026,15,35,26.2,75
2024-10-26T07:54:02+07:00,50027,16,36,26.3,75
2024-10-26T07:54:24+07:00,50028,14,37,26.2,74
2024-10-26T07:54:46+07:00,50029,14,37,26.2,74
2024-10-26T07:55:08+07:00,50030,16,35,26.2,74
2024-10-26T07:55:31+07:00,50031,16,37,26.2,75
2024-10-26T07:55:54+07:00,50032,16,35,26.2,74
2024-10-26T07:56:16+07:00,50033,15,37,26.2,74
2024-10-26T07:56:38+07:00,50034,16,37,26.2,75
2024-10-26T07:57:00+07:00,50035,15,37,26.2,76
2024-10-26T07:57:23+07:00,50036,15,36,26.2,74
2024-10-26T07:57:45+07:00,50037,16,36,26.2,73
2024-10-26T07:58:08+07:00,50038,16,36,26.3,74
2024-10-26T07:58:30+07:00,50039,15,36,26.2,75
2024-10-26T07:58:52+07:00,50040,15,35,26.2,74
2024-10-26T07:59:14+07:00,50041,14,37,26.2,73
2024-10-26T07:59:37+07:00,50042,15,36,26.3,73
2024-10-26T07:59:59+07:00,50043,16,37,26.2,73
2024-10-26T08:00:21+07:00,50044,15,35,26.3,73
2024-10-26T08:00:43+07:00,50045,15,37,26.2,73
2024-10-26T08:01:06+07:00,50046,15,36,26.2,73
2024-10-26T08:01:28+07:00,50047,15,36,26.2,73
2024-10-26T08:01:50+07:00,50048,15,37,26.2,73
2024-10-26T08:02:12+07:00,50049,16,35,26.2,72
2024-10-26T08:02:35+07:00,50050,16,38,26.2,72
2024-10-26T08:02:57+07:00,50051,16,38,26.2,73
2024-10-26T08:03:19+07:00,50052,16,36,26.2,73
2024-10-26T08:03:42+07:00,50053,15,36,26.2,73
2024-10-26T08:04:04+07:00,50054,16,37,26.3,73
2024-10-26T08:04:27+07:00,50055,15,36,26.3,73
2024-10-26T08:05:05+07:00,50056,15,36,26.3,73
2024-10-26T08:05:27+07:00,50057,14,35,26.3,73
2024-10-26T08:05:50+07:00,50058,15,36,26.6,73
2024-10-26T08:06:12+07:00,50059,15,37,26.7,73
2024-10-26T08:06:34+07:00,50060,14,35,26.7,73
2024-10-26T08:06:56+07:00,50061,14,36,26.7,73
2024-10-26T08:07:19+07:00,50062,15,36,26.7,73
2024-10-26T08:07:41+07:00,50063,15,36,26.7,73
2024-10-26T08:08:03+07:00,50064,15,37,26.7,73
2024-10-26T08:08:25+07:00,50065,15,35,26.7,73
2024-10-26T08:08:48+07:00,50066,15,36,26.7,73
2024-10-26T08:09:10+07:00,50067,15,37,26.7,73
2024-10-26T08:09:33+07:00,50068,15,37,26.7,73
2024-10-26T08:09:55+07:00,50069,15,36,26.7,72
2024-10-26T08:10:17+07:00,50070,14,36,26.7,72
2024-10-26T08:10:39+07:00,50071,14,36,26.7,72
2024-10-26T08:11:01+07:00,50072,14,36,26.7,72
2024-10-26T08:11:24+07:00,50073,15,37,26.7,73
2024-10-26T08:11:47+07:00,50074,15,35,26.7,72
2024-10-26T08:12:10+07:00,50075,15,35,26.7,72
2024-10-26T08:12:32+07:00,50076,16,36,26.7,71
2024-10-26T08:12:54+07:00,50077,15,36,26.7,70
2024-10-26T08:13:17+07:00,50078,16,36,26.7,70
2024-10-26T08:13:44+07:00,50079,15,36,26.7,71
2024-10-26T08:14:11+07:00,50080,14,37,26.7,71
2024-10-26T08:14:33+07:00,50081,15,36,26.7,71
2024-10-26T08:14:56+07:00,50082,16,36,26.7,71
2024-10-26T08:15:19+07:00,50083,14,35,26.7,70
2024-10-26T08:15:41+07:00,50084,15,37,26.7,71
2024-10-26T08:16:04+07:00,50085,15,37,26.7,71
2024-10-26T08:16:26+07:00,50086,15,37,26.7,72
2024-10-26T08:16:49+07:00,50087,15,37,26.7,71
2024-10-26T08:17:11+07:00,50088,15,37,26.7,71
2024-10-26T08:17:33+07:00,50089,14,35,26.7,71
2024-10-26T08:17:56+07:00,50090,16,36,26.7,70
2024-10-26T08:18:18+07:00,50091,16,36,26.7,70
2024-10-26T08:18:40+07:00,50092,15,36,26.7,72
2024-10-26T08:19:03+07:00,50093,16,36,26.7,72
2024-10-26T08:19:25+07:00,50094,14,36,26.7,71
2024-10-26T08:19:47+07:00,50095,14,36,26.7,71
2024-10-26T08:20:10+07:00,50096,15,37,26.7,72
2024-10-26T08:20:32+07:00,50097,14,36,26.9,72
2024-10-26T08:20:54+07:00,50098,15,37,27,71
2024-10-26T08:21:17+07:00,50099,15,35,27.1,71
2024-10-26T08:21:39+07:00,50100,15,35,27.1,72
2024-10-26T08:22:01+07:00,50101,14,34,27.1,72
2024-10-26T08:22:23+07:00,50102,15,37,27.1,72
2024-10-26T08:22:46+07:00,50103,16,36,27.1,72
2024-10-26T08:23:09+07:00,50104,15,38,27.1,72
2024-10-26T08:23:31+07:00,50105,15,36,27.1,71
2024-10-26T08:23:53+07:00,50106,15,35,27.1,71
2024-10-26T08:24:16+07:00,50107,15,36,27.1,71
2024-10-26T08:24:38+07:00,50108,14,37,27.1,71
2024-10-26T08:25:00+07:00,50109,14,37,27.1,70
2024-10-26T08:25:23+07:00,50110,14,37,27.1,71
2024-10-26T08:25:46+07:00,50111,14,35,27.1,71
2024-10-26T08:26:09+07:00,50112,15,35,27.1,71
2024-10-26T08:26:31+07:00,50113,14,38,27.1,71
2024-10-26T08:26:53+07:00,50114,15,37,27.1,71
2024-10-26T08:27:16+07:00,50115,15,36,27.1,71
2024-10-26T08:27:38+07:00,50116,14,36,27.1,71
2024-10-26T08:28:00+07:00,50117,14,37,27.1,71
2024-10-26T08:28:23+07:00,50118,14,37,27.1,71
2024-10-26T08:28:46+07:00,50119,14,38,27.1,73
2024-10-26T08:29:08+07:00,50120,15,37,26.7,77
2024-10-26T08:29:31+07:00,50121,14,35,26.2,81
2024-10-26T08:29:54+07:00,50122,14,37,25.8,84
2024-10-26T08:30:16+07:00,50123,14,37,25.6,85
2024-10-26T08:30:39+07:00,50124,14,37,25.3,86
2024-10-26T08:31:02+07:00,50125,15,38,24.8,88
2024-10-26T08:31:25+07:00,50126,14,37,24.5,89
2024-10-26T08:31:49+07:00,50127,15,37,24.5,90
2024-10-26T08:32:13+07:00,50128,15,38,24.5,91
2024-10-26T08:32:37+07:00,50129,15,37,24.2,92
2024-10-26T08:33:00+07:00,50130,15,38,24.1,92
2024-10-26T08:33:24+07:00,50131,14,37,24.1,92
2024-10-26T08:33:48+07:00,50132,15,36,23.8,93
2024-10-26T08:34:14+07:00,50133,15,36,23.8,93
2024-10-26T08:34:40+07:00,50134,15,36,23.8,93
2024-10-26T08:35:05+07:00,50135,16,36,23.8,94
2024-10-26T08:35:33+07:00,50136,14,36,23.8,94
2024-10-26T08:35:59+07:00,50137,15,36,23.8,94
2024-10-26T08:36:14+07:00,50138,14,37,23.8,94
2024-10-26T08:36:38+07:00,50139,15,37,23.8,94
2024-10-26T08:37:01+07:00,50140,15,37,23.8,94
2024-10-26T08:37:23+07:00,50141,15,37,23.8,94
2024-10-26T08:37:46+07:00,50142,14,36,23.8,94
2024-10-26T08:38:09+07:00,50143,15,39,23.8,94
2024-10-26T08:38:32+07:00,50144,15,37,24.1,94
2024-10-26T08:38:54+07:00,50145,16,37,24.1,94
2024-10-26T08:39:17+07:00,50146,16,37,24.1,94
2024-10-26T08:39:40+07:00,50147,15,35,24.1,94
2024-10-26T08:40:03+07:00,50148,16,37,24.1,94
2024-10-26T08:40:25+07:00,50149,15,37,24.1,94
2024-10-26T08:40:48+07:00,50150,14,36,24.2,94
2024-10-26T08:41:10+07:00,50151,15,38,24.2,94
2024-10-26T08:41:33+07:00,50152,15,37,24.5,95
2024-10-26T08:41:56+07:00,50153,14,37,24.5,95
2024-10-26T08:42:18+07:00,50154,15,36,24.5,95
2024-10-26T08:42:40+07:00,50155,15,37,24.5,95
2024-10-26T08:43:03+07:00,50156,15,37,24.5,95
2024-10-26T08:43:25+07:00,50157,16,38,24.5,95
2024-10-26T08:43:51+07:00,50158,14,37,24.5,95
2024-10-26T08:44:14+07:00,50159,14,35,24.5,94
2024-10-26T08:44:39+07:00,50160,15,37,24.8,94
2024-10-26T08:45:03+07:00,50161,14,37,24.8,94
2024-10-26T08:45:18+07:00,50162,14,37,24.8,94
2024-10-26T08:45:41+07:00,50163,14,36,24.8,94
2024-10-26T08:46:03+07:00,50164,16,36,24.8,94
2024-10-26T08:46:26+07:00,50165,15,34,24.8,94
2024-10-26T08:46:48+07:00,50166,15,37,24.8,93
2024-10-26T08:47:11+07:00,50167,16,36,24.8,93
2024-10-26T08:47:34+07:00,50168,15,35,24.9,93
2024-10-26T08:47:59+07:00,50169,14,37,24.9,93
2024-10-26T08:48:21+07:00,50170,15,37,24.9,93
2024-10-26T08:48:44+07:00,50171,15,35,24.9,92
2024-10-26T08:49:06+07:00,50172,15,37,24.9,92
2024-10-26T08:49:29+07:00,50173,14,37,25.3,92
2024-10-26T08:49:52+07:00,50174,15,37,25.3,92
2024-10-26T08:50:14+07:00,50175,14,37,25.3,93
2024-10-26T08:50:37+07:00,50176,15,37,25.3,92
2024-10-26T08:51:00+07:00,50177,15,35,25.3,92
2024-10-26T08:51:23+07:00,50178,15,36,25.3,90
2024-10-26T08:51:46+07:00,50179,14,36,25.3,90
2024-10-26T08:52:08+07:00,50180,14,37,25.3,90
2024-10-26T08:52:31+07:00,50181,14,36,25.3,90
2024-10-26T08:52:54+07:00,50182,15,36,25.3,92
2024-10-26T08:53:16+07:00,50183,15,34,25.3,92
2024-10-26T08:53:39+07:00,50184,15,37,25.3,93
2024-10-26T08:54:01+07:00,50185,14,37,25.3,92
2024-10-26T08:54:24+07:00,50186,14,38,25.3,90
2024-10-26T08:54:46+07:00,50187,15,36,25.3,88
2024-10-26T08:55:09+07:00,50188,15,36,25.8,88
2024-10-26T08:55:31+07:00,50189,14,37,25.8,91
2024-10-26T08:55:54+07:00,50190,14,36,25.8,90
2024-10-26T08:56:16+07:00,50191,15,38,25.8,90
2024-10-26T08:56:39+07:00,50192,14,38,25.8,92
2024-10-26T08:57:01+07:00,50193,15,37,25.8,92
2024-10-26T08:57:24+07:00,50194,14,37,25.8,90
2024-10-26T08:57:46+07:00,50195,15,36,25.8,90
2024-10-26T08:58:09+07:00,50196,15,37,25.8,92
2024-10-26T08:58:32+07:00,50197,14,36,25.8,92
2024-10-26T08:58:54+07:00,50198,15,37,25.8,90
2024-10-26T08:59:16+07:00,50199,15,35,25.8,89
2024-10-26T08:59:39+07:00,50200,14,36,25.8,88
2024-10-26T09:00:02+07:00,50201,14,74,25.8,89
2024-10-26T09:00:25+07:00,50202,15,57,25.8,89
2024-10-26T09:00:47+07:00,50203,15,54,25.8,88
2024-10-26T09:01:10+07:00,50204,15,53,25.8,86
2024-10-26T09:01:32+07:00,50205,14,52,25.8,87
2024-10-26T09:01:54+07:00,50206,14,51,25.8,88
2024-10-26T09:02:17+07:00,50207,15,53,25.8,87
2024-10-26T09:02:39+07:00,50208,14,51,25.8,86
2024-10-26T09:03:02+07:00,50209,14,52,25.8,85
2024-10-26T09:03:25+07:00,50210,14,74,26,84
2024-10-26T09:03:48+07:00,50211,15,72,26.2,84
2024-10-26T09:04:11+07:00,50212,15,68,26.2,83
2024-10-26T09:04:33+07:00,50213,15,69,26.2,84
2024-10-26T09:04:56+07:00,50214,15,66,26.2,85
2024-10-26T09:05:19+07:00,50215,15,63,26.2,85
2024-10-26T09:05:41+07:00,50216,14,63,26.2,85
2024-10-26T09:06:04+07:00,50217,14,61,26.2,85
2024-10-26T09:06:27+07:00,50218,14,62,26.2,86
2024-10-26T09:06:49+07:00,50219,16,60,26.2,85
2024-10-26T09:07:12+07:00,50220,14,59,26.2,80
2024-10-26T09:07:35+07:00,50221,15,58,26.2,81
2024-10-26T09:08:11+07:00,50222,15,56,26.2,81
2024-10-26T09:08:34+07:00,50223,14,56,26.2,81
2024-10-26T09:08:56+07:00,50224,15,55,26.2,81
2024-10-26T09:09:19+07:00,50225,14,55,26.2,81
2024-10-26T09:09:41+07:00,50226,16,55,26.2,81
2024-10-26T09:10:04+07:00,50227,15,55,26.2,79
2024-10-26T09:10:26+07:00,50228,15,55,26.2,80
2024-10-26T09:10:48+07:00,50229,15,56,26.2,79
2024-10-26T09:11:11+07:00,50230,15,53,26.2,80
2024-10-26T09:11:34+07:00,50231,14,53,26.2,80
2024-10-26T09:11:57+07:00,50232,15,53,26.2,77
2024-10-26T09:12:20+07:00,50233,16,54,26.2,75
2024-10-26T09:12:42+07:00,50234,15,55,26.2,73
2024-10-26T09:13:05+07:00,50235,16,54,26.2,73
2024-10-26T09:13:27+07:00,50236,14,53,25.8,72
2024-10-26T09:13:50+07:00,50237,16,53,25.8,73
2024-10-26T09:14:12+07:00,50238,16,54,25.8,75
2024-10-26T09:14:34+07:00,50239,15,54,26.2,77
2024-10-26T09:14:57+07:00,50240,15,51,26.2,78
2024-10-26T09:15:20+07:00,50241,14,53,26.2,80
2024-10-26T09:15:42+07:00,50242,15,53,26.2,81
2024-10-26T09:16:04+07:00,50243,16,54,26.2,81
2024-10-26T09:16:27+07:00,50244,15,53,26.2,81
2024-10-26T09:16:50+07:00,50245,14,50,26.2,81
2024-10-26T09:17:12+07:00,50246,14,52,26.3,81
2024-10-26T09:17:34+07:00,50247,14,52,26.3,81
2024-10-26T09:17:57+07:00,50248,16,51,26.7,81
2024-10-26T09:18:20+07:00,50249,15,52,26.7,76
2024-10-26T09:18:43+07:00,50250,15,53,26.7,77
2024-10-26T09:19:05+07:00,50251,14,51,26.7,78
2024-10-26T09:19:27+07:00,50252,15,50,26.7,78
2024-10-26T09:19:50+07:00,50253,14,53,26.7,79
2024-10-26T09:20:12+07:00,50254,14,51,26.7,78
2024-10-26T09:20:34+07:00,50255,14,50,26.7,77
2024-10-26T09:20:57+07:00,50256,14,49,27.1,76
2024-10-26T09:21:19+07:00,50257,15,50,27.1,76
2024-10-26T09:21:42+07:00,50258,14,51,27.1,76
2024-10-26T09:22:04+07:00,50259,15,50,27.1,75
2024-10-26T09:22:26+07:00,50260,14,51,27.1,73
2024-10-26T09:22:49+07:00,50261,15,51,27.1,73
2024-10-26T09:23:11+07:00,50262,16,50,27.1,75
2024-10-26T09:23:34+07:00,50263,13,51,27.1,75
2024-10-26T09:23:56+07:00,50264,14,50,27.2,76
2024-10-26T09:24:19+07:00,50265,14,50,27.1,76
2024-10-26T09:24:42+07:00,50266,14,49,27.1,76
2024-10-26T09:25:05+07:00,50267,15,49,27.1,77
2024-10-26T09:25:28+07:00,50268,14,50,27.1,77
2024-10-26T09:25:51+07:00,50269,13,51,27.1,77
2024-10-26T09:26:13+07:00,50270,16,49,27.1,78
2024-10-26T09:26:37+07:00,50271,13,50,27.1,72
2024-10-26T09:27:01+07:00,50272,15,48,27.6,73
2024-10-26T09:27:23+07:00,50273,14,48,27.6,75
2024-10-26T09:27:46+07:00,50274,14,48,27.6,76
2024-10-26T09:28:08+07:00,50275,14,48,27.6,75
2024-10-26T09:28:30+07:00,50276,14,48,27.6,76
2024-10-26T09:28:53+07:00,50277,15,50,27.6,76
2024-10-26T09:29:15+07:00,50278,15,47,27.6,75
2024-10-26T09:29:37+07:00,50279,14,48,27.6,75
2024-10-26T09:29:59+07:00,50280,15,48,27.6,75
2024-10-26T09:30:22+07:00,50281,14,49,27.6,73
2024-10-26T09:30:45+07:00,50282,13,48,27.6,73
2024-10-26T09:31:07+07:00,50283,15,49,27.6,73
2024-10-26T09:31:30+07:00,50284,15,48,27.6,76
2024-10-26T09:31:52+07:00,50285,14,48,27.6,74
2024-10-26T09:32:15+07:00,50286,15,48,27.6,73
2024-10-26T09:32:37+07:00,50287,15,49,27.6,74
2024-10-26T09:32:59+07:00,50288,14,48,27.6,75
2024-10-26T09:33:21+07:00,50289,15,51,27.6,76
2024-10-26T09:33:43+07:00,50290,14,48,27.6,76
2024-10-26T09:34:06+07:00,50291,14,48,28,76
2024-10-26T09:34:28+07:00,50292,14,47,28,76
2024-10-26T09:34:50+07:00,50293,13,50,28,76
2024-10-26T09:35:13+07:00,50294,14,49,28,74
2024-10-26T09:35:36+07:00,50295,13,49,28,75
2024-10-26T09:35:58+07:00,50296,14,49,28,76
2024-10-26T09:36:21+07:00,50297,14,48,28,73
2024-10-26T09:36:44+07:00,50298,15,48,28,72
2024-10-26T09:37:06+07:00,50299,14,48,27.6,71
2024-10-26T09:37:29+07:00,50300,15,46,27.6,72
2024-10-26T09:37:51+07:00,50301,15,48,27.6,72
2024-10-26T09:38:13+07:00,50302,15,50,27.6,73
2024-10-26T09:38:35+07:00,50303,14,50,27.6,74
2024-10-26T09:38:58+07:00,50304,13,49,27.6,76
2024-10-26T09:39:20+07:00,50305,14,46,27.6,77
2024-10-26T09:39:42+07:00,50306,15,49,28,76
2024-10-26T09:40:05+07:00,50307,14,48,28,76
2024-10-26T09:40:28+07:00,50308,13,48,28,74
2024-10-26T09:40:50+07:00,50309,15,48,28,74
2024-10-26T09:41:12+07:00,50310,14,49,28,75
2024-10-26T09:41:35+07:00,50311,15,47,28.5,76
2024-10-26T09:41:57+07:00,50312,13,47,28.5,76
2024-10-26T09:42:19+07:00,50313,14,47,28.5,72
2024-10-26T09:42:43+07:00,50314,13,47,28.5,72
2024-10-26T09:43:05+07:00,50315,14,48,28.5,72
2024-10-26T09:43:27+07:00,50316,14,50,28.5,72
2024-10-26T09:43:50+07:00,50317,14,48,28.5,72
2024-10-26T09:44:12+07:00,50318,13,48,28.5,73
2024-10-26T09:44:34+07:00,50319,14,47,28.5,72
2024-10-26T09:44:56+07:00,50320,14,48,28.5,72
2024-10-26T09:45:18+07:00,50321,14,48,28.5,72
2024-10-26T09:45:41+07:00,50322,14,47,28.5,70
2024-10-26T09:46:03+07:00,50323,14,49,28.5,71
2024-10-26T09:46:26+07:00,50324,15,48,28.4,71
2024-10-26T09:46:49+07:00,50325,13,50,28.1,72
2024-10-26T09:47:11+07:00,50326,16,49,28.5,72
2024-10-26T09:47:33+07:00,50327,14,48,28.5,72
2024-10-26T09:47:56+07:00,50328,14,47,28.5,72
2024-10-26T09:48:18+07:00,50329,15,48,28.5,69
2024-10-26T09:48:40+07:00,50330,14,47,28.5,71
2024-10-26T09:49:03+07:00,50331,13,47,28.5,71
2024-10-26T09:49:26+07:00,50332,14,48,28.5,71
2024-10-26T09:49:48+07:00,50333,14,48,28.5,71
2024-10-26T09:50:10+07:00,50334,15,47,28.5,69
2024-10-26T09:50:32+07:00,50335,14,48,28.9,69
2024-10-26T09:50:55+07:00,50336,14,48,28.9,70
2024-10-26T09:51:17+07:00,50337,14,49,28.9,70
2024-10-26T09:51:39+07:00,50338,13,46,28.9,71
2024-10-26T09:52:01+07:00,50339,14,50,28.9,71
2024-10-26T09:52:24+07:00,50340,13,47,28.9,71
2024-10-26T09:52:46+07:00,50341,14,48,28.9,69
2024-10-26T09:53:08+07:00,50342,14,47,28.9,69
2024-10-26T09:53:30+07:00,50343,14,47,28.9,70
2024-10-26T09:53:52+07:00,50344,14,48,28.9,71
2024-10-26T09:54:14+07:00,50345,15,48,28.9,70
2024-10-26T09:54:37+07:00,50346,14,48,28.9,70
2024-10-26T09:54:59+07:00,50347,13,47,28.9,72
2024-10-26T09:55:21+07:00,50348,14,47,29,71
2024-10-26T09:55:43+07:00,50349,14,48,29.1,70
2024-10-26T09:56:06+07:00,50350,14,47,29.3,68
2024-10-26T09:56:28+07:00,50351,14,48,29,68
2024-10-26T09:56:50+07:00,50352,14,47,29,68
2024-10-26T09:57:12+07:00,50353,14,49,29,66
2024-10-26T09:57:35+07:00,50354,14,47,28.9,64
2024-10-26T09:57:57+07:00,50355,15,48,28.9,65
2024-10-26T09:58:19+07:00,50356,14,49,28.9,63
2024-10-26T09:58:42+07:00,50357,15,47,28.5,62
2024-10-26T09:59:04+07:00,50358,15,49,28.5,62
2024-10-26T09:59:26+07:00,50359,14,47,28.5,63
2024-10-26T09:59:49+07:00,50360,14,47,28.5,64
2024-10-26T10:00:11+07:00,50361,14,48,28.5,67
2024-10-26T10:00:34+07:00,50362,15,49,28.5,68
2024-10-26T10:00:56+07:00,50363,14,48,28.9,67
2024-10-26T10:01:19+07:00,50364,13,47,28.9,67
2024-10-26T10:01:41+07:00,50365,14,48,29,68
2024-10-26T10:02:04+07:00,50366,14,47,29.3,69
2024-10-26T10:02:26+07:00,50367,13,47,29.3,70
2024-10-26T10:02:48+07:00,50368,15,49,29.4,70
2024-10-26T10:03:10+07:00,50369,14,47,29.8,69
2024-10-26T10:03:33+07:00,50370,14,48,29.8,68
2024-10-26T10:03:55+07:00,50371,14,49,29.8,67
2024-10-26T10:04:17+07:00,50372,14,48,29.8,65
2024-10-26T10:04:39+07:00,50373,14,49,29.8,67
2024-10-26T10:05:02+07:00,50374,13,47,29.8,67
2024-10-26T10:05:24+07:00,50375,13,48,29.8,63
2024-10-26T10:05:47+07:00,50376,13,50,29.8,63
2024-10-26T10:06:09+07:00,50377,13,48,30.2,67
2024-10-26T10:06:32+07:00,50378,14,48,30.2,67
2024-10-26T10:06:54+07:00,50379,13,47,30.2,66
2024-10-26T10:07:17+07:00,50380,13,49,30.8,65
2024-10-26T10:07:39+07:00,50381,13,48,30.8,65
2024-10-26T10:08:02+07:00,50382,13,46,31.3,67
2024-10-26T10:08:24+07:00,50383,13,47,31.3,66
2024-10-26T10:08:46+07:00,50384,13,47,31.8,62
2024-10-26T10:09:09+07:00,50385,13,47,31.8,60
2024-10-26T10:09:31+07:00,50386,14,50,32.3,62
2024-10-26T10:09:53+07:00,50387,14,49,32.8,65
2024-10-26T10:10:16+07:00,50388,14,50,33.3,63
2024-10-26T10:10:38+07:00,50389,13,48,33.3,65
2024-10-26T10:11:00+07:00,50390,13,47,33.8,63
2024-10-26T10:11:22+07:00,50391,13,48,34.6,61
2024-10-26T10:11:45+07:00,50392,13,46,35.2,60
2024-10-26T10:12:07+07:00,50393,14,47,35.6,62
2024-10-26T10:12:30+07:00,50394,13,48,36.3,61
2024-10-26T10:12:52+07:00,50395,13,48,36.9,62
2024-10-26T10:13:14+07:00,50396,13,49,37.4,62
2024-10-26T10:13:37+07:00,50397,13,48,38,57
2024-10-26T10:13:59+07:00,50398,13,47,39,56
2024-10-26T10:14:22+07:00,50399,14,48,39.3,53
2024-10-26T10:14:44+07:00,50400,14,49,40.1,56
2024-10-26T10:15:06+07:00,50401,13,48,40.6,55
2024-10-26T10:15:29+07:00,50402,13,47,41.1,55
2024-10-26T10:15:51+07:00,50403,13,46,41.6,56
2024-10-26T10:16:13+07:00,50404,13,46,41.6,46
2024-10-26T10:16:36+07:00,50405,14,47,41.2,45
2024-10-26T10:16:58+07:00,50406,14,46,41.4,46
2024-10-26T10:17:20+07:00,50407,12,49,41.6,52
2024-10-26T10:17:42+07:00,50408,14,48,42,53
2024-10-26T10:18:05+07:00,50409,14,48,42.5,53
2024-10-26T10:18:27+07:00,50410,13,49,43,48
2024-10-26T10:18:50+07:00,50411,14,48,43,49
2024-10-26T10:19:12+07:00,50412,12,47,43.5,51
2024-10-26T10:19:35+07:00,50413,13,48,43.9,49
2024-10-26T10:19:57+07:00,50414,12,48,44.3,50
2024-10-26T10:20:20+07:00,50415,14,46,44.4,46
2024-10-26T10:20:42+07:00,50416,13,46,44.4,44
2024-10-26T10:21:04+07:00,50417,13,47,44.8,47
2024-10-26T10:21:26+07:00,50418,12,47,44.8,47
2024-10-26T10:21:49+07:00,50419,12,47,45.3,46
2024-10-26T10:22:11+07:00,50420,12,48,45.3,41
2024-10-26T10:22:33+07:00,50421,13,48,45.3,39
2024-10-26T10:22:56+07:00,50422,12,47,44.8,40
2024-10-26T10:23:19+07:00,50423,12,46,44.8,40
2024-10-26T10:23:42+07:00,50424,14,47,44.6,42
2024-10-26T10:24:04+07:00,50425,12,50,44.8,48
2024-10-26T10:24:27+07:00,50426,11,48,45.3,46
2024-10-26T10:24:49+07:00,50427,12,49,45.7,45
2024-10-26T10:25:11+07:00,50428,12,48,45.7,41
2024-10-26T10:25:34+07:00,50429,12,48,45.7,42
2024-10-26T10:25:57+07:00,50430,12,49,45.7,46
2024-10-26T10:26:19+07:00,50431,11,49,46.2,45
2024-10-26T10:26:42+07:00,50432,12,50,46.2,43
2024-10-26T10:27:04+07:00,50433,12,47,45.8,41
2024-10-26T10:27:27+07:00,50434,12,47,45.7,45
2024-10-26T10:27:49+07:00,50435,12,47,45.7,40
2024-10-26T10:28:13+07:00,50436,11,49,45.3,38
2024-10-26T10:28:36+07:00,50437,12,46,44.8,37
2024-10-26T10:28:59+07:00,50438,11,47,44.4,39
2024-10-26T10:29:22+07:00,50439,12,49,44,37
2024-10-26T10:29:46+07:00,50440,12,48,43.9,42
2024-10-26T10:30:09+07:00,50441,12,47,44,41
2024-10-26T10:30:34+07:00,50442,12,47,44.1,44
2024-10-26T10:31:01+07:00,50443,12,46,44.4,44
2024-10-26T10:31:25+07:00,50444,11,48,44.8,42
2024-10-26T10:31:48+07:00,50445,12,49,45.3,40
2024-10-26T10:32:12+07:00,50446,12,49,45.3,42
2024-10-26T10:32:36+07:00,50447,12,48,45.3,46
2024-10-26T10:33:01+07:00,50448,11,48,45.4,47
2024-10-26T10:33:24+07:00,50449,12,48,45.7,45
2024-10-26T10:33:47+07:00,50450,12,47,45.7,44
2024-10-26T10:34:11+07:00,50451,12,47,45.7,45
2024-10-26T10:34:33+07:00,50452,11,47,45.6,46
2024-10-26T10:34:56+07:00,50453,13,48,45.3,46
2024-10-26T10:35:20+07:00,50454,11,49,44.8,36
2024-10-26T10:35:43+07:00,50455,12,46,44.4,38
2024-10-26T10:36:06+07:00,50456,12,49,43.9,40
2024-10-26T10:36:29+07:00,50457,12,48,43.5,36
2024-10-26T10:36:53+07:00,50458,12,48,43,40
2024-10-26T10:37:16+07:00,50459,12,47,42.6,46
2024-10-26T10:37:40+07:00,50460,12,49,42.5,48
2024-10-26T10:38:10+07:00,50461,12,48,42,42
2024-10-26T10:38:33+07:00,50462,12,48,41.1,42
2024-10-26T10:38:57+07:00,50463,12,46,40.6,44
2024-10-26T10:39:19+07:00,50464,13,47,40.6,49
2024-10-26T10:39:43+07:00,50465,13,48,40.1,47
2024-10-26T10:40:07+07:00,50466,12,48,39.5,51
2024-10-26T10:40:30+07:00,50467,12,49,39.5,52
2024-10-26T10:40:53+07:00,50468,13,48,39,53
2024-10-26T10:41:15+07:00,50469,11,47,39,54
2024-10-26T10:41:39+07:00,50470,13,49,38.5,52
2024-10-26T10:42:03+07:00,50471,13,49,38,47
2024-10-26T10:42:26+07:00,50472,12,47,37.4,50
2024-10-26T10:42:48+07:00,50473,13,47,37.4,50
2024-10-26T10:43:11+07:00,50474,12,49,36.9,54
2024-10-26T10:43:33+07:00,50475,13,48,36.9,53
2024-10-26T10:43:57+07:00,50476,12,47,36.4,48
2024-10-26T10:44:20+07:00,50477,12,50,36.3,52
2024-10-26T10:44:44+07:00,50478,13,48,35.6,47
2024-10-26T10:45:07+07:00,50479,12,49,35.2,47
2024-10-26T10:45:31+07:00,50480,13,48,35.2,48
2024-10-26T10:45:54+07:00,50481,14,49,34.7,50
2024-10-26T10:46:17+07:00,50482,12,47,34.7,51
2024-10-26T10:46:40+07:00,50483,13,49,34.7,49
2024-10-26T10:47:03+07:00,50484,12,46,34.7,50
2024-10-26T10:47:27+07:00,50485,13,47,34.6,53
2024-10-26T10:47:50+07:00,50486,12,46,34.2,48
2024-10-26T10:48:12+07:00,50487,13,48,34.2,51
2024-10-26T10:48:36+07:00,50488,13,49,34.2,49
2024-10-26T10:48:58+07:00,50489,13,47,34.2,51
2024-10-26T10:49:21+07:00,50490,13,47,34.2,51
2024-10-26T10:49:43+07:00,50491,13,49,34.2,50
2024-10-26T10:50:07+07:00,50492,12,49,34.2,51
2024-10-26T10:50:30+07:00,50493,13,47,33.8,50
2024-10-26T10:50:53+07:00,50494,13,47,33.8,53
2024-10-26T10:51:16+07:00,50495,12,46,33.8,55
2024-10-26T10:51:39+07:00,50496,12,49,33.8,52
2024-10-26T10:52:01+07:00,50497,12,48,33.8,53
2024-10-26T10:52:24+07:00,50498,13,49,33.8,54
2024-10-26T10:52:47+07:00,50499,12,49,33.8,53
2024-10-26T10:53:09+07:00,50500,13,49,33.3,50
2024-10-26T10:53:32+07:00,50501,12,48,33.3,51
2024-10-26T10:53:54+07:00,50502,13,47,33.3,51
2024-10-26T10:54:17+07:00,50503,13,49,33.3,54
2024-10-26T10:54:39+07:00,50504,12,47,33.3,51
2024-10-26T10:55:02+07:00,50505,13,48,33.3,51
2024-10-26T10:55:24+07:00,50506,12,48,33.3,51
2024-10-26T10:55:46+07:00,50507,12,47,32.8,51
2024-10-26T10:56:09+07:00,50508,12,47,32.8,52
2024-10-26T10:56:32+07:00,50509,12,49,32.8,51
2024-10-26T10:56:55+07:00,50510,13,49,32.8,53
2024-10-26T10:57:17+07:00,50511,12,48,32.3,52
2024-10-26T10:57:40+07:00,50512,13,48,32.3,51
2024-10-26T10:58:03+07:00,50513,12,49,32.3,52
2024-10-26T10:58:25+07:00,50514,13,48,32.3,53
2024-10-26T10:58:48+07:00,50515,13,47,32.3,53
2024-10-26T10:59:11+07:00,50516,13,48,32,52
2024-10-26T10:59:33+07:00,50517,12,49,31.8,55
2024-10-26T10:59:56+07:00,50518,13,49,31.8,56
2024-10-26T11:00:18+07:00,50519,12,47,31.8,55
2024-10-26T11:00:40+07:00,50520,13,48,31.8,56
2024-10-26T11:01:03+07:00,50521,13,48,31.8,56
2024-10-26T11:01:25+07:00,50522,13,48,31.8,55
2024-10-26T11:01:48+07:00,50523,13,47,31.8,56
2024-10-26T11:02:11+07:00,50524,12,48,31.8,59
2024-10-26T11:02:33+07:00,50525,13,46,31.8,60
2024-10-26T11:02:56+07:00,50526,12,49,31.8,58
2024-10-26T11:03:18+07:00,50527,12,49,31.8,56
2024-10-26T11:03:40+07:00,50528,13,49,31.8,56
2024-10-26T11:04:02+07:00,50529,13,50,31.8,55
2024-10-26T11:04:25+07:00,50530,12,49,31.8,56
2024-10-26T11:04:47+07:00,50531,13,49,31.8,58
2024-10-26T11:05:10+07:00,50532,12,49,31.8,57
2024-10-26T11:05:33+07:00,50533,13,47,31.8,55
2024-10-26T11:05:55+07:00,50534,12,48,31.8,57
2024-10-26T11:06:18+07:00,50535,13,48,31.8,58
2024-10-26T11:06:40+07:00,50536,13,47,31.3,55
2024-10-26T11:07:02+07:00,50537,12,47,31.3,52
2024-10-26T11:07:25+07:00,50538,14,47,31.3,50
2024-10-26T11:07:48+07:00,50539,13,48,30.8,51
2024-10-26T11:08:11+07:00,50540,13,48,30.8,51
2024-10-26T11:08:35+07:00,50541,13,49,30.2,52
2024-10-26T11:08:58+07:00,50542,13,49,30.2,55
2024-10-26T11:09:20+07:00,50543,13,48,30.2,55
2024-10-26T11:09:43+07:00,50544,14,49,30.2,53
2024-10-26T11:10:05+07:00,50545,13,48,30.8,53
2024-10-26T11:10:27+07:00,50546,12,48,30.8,53
2024-10-26T11:10:49+07:00,50547,12,48,30.8,51
2024-10-26T11:11:12+07:00,50548,12,48,30.3,51
2024-10-26T11:11:34+07:00,50549,12,47,30.2,50
2024-10-26T11:11:56+07:00,50550,13,49,30.2,51
2024-10-26T11:12:19+07:00,50551,13,47,30.2,52
2024-10-26T11:12:42+07:00,50552,13,47,30.2,54
2024-10-26T11:13:04+07:00,50553,13,48,29.8,53
2024-10-26T11:13:26+07:00,50554,12,47,29.8,52
2024-10-26T11:13:49+07:00,50555,13,49,29.8,53
2024-10-26T11:14:11+07:00,50556,14,48,29.8,56
2024-10-26T11:14:34+07:00,50557,12,47,29.8,55
2024-10-26T11:14:56+07:00,50558,12,49,29.8,56
2024-10-26T11:15:18+07:00,50559,12,47,29.8,55
2024-10-26T11:15:41+07:00,50560,14,48,29.8,57
2024-10-26T11:16:03+07:00,50561,13,49,29.8,57
2024-10-26T11:16:25+07:00,50562,13,49,29.8,57
2024-10-26T11:16:47+07:00,50563,14,49,29.8,57
2024-10-26T11:17:09+07:00,50564,12,47,30.2,54
2024-10-26T11:17:32+07:00,50565,12,49,30.2,54
2024-10-26T11:17:54+07:00,50566,13,49,30.2,55
2024-10-26T11:18:16+07:00,50567,13,47,30.2,53
2024-10-26T11:18:39+07:00,50568,13,47,30.2,54
2024-10-26T11:19:02+07:00,50569,12,49,30.2,55
2024-10-26T11:19:24+07:00,50570,13,46,30.2,54
2024-10-26T11:19:47+07:00,50571,12,47,30.2,54
2024-10-26T11:20:10+07:00,50572,13,49,30.2,54
2024-10-26T11:20:32+07:00,50573,13,48,30.2,54
2024-10-26T11:20:55+07:00,50574,12,49,30.2,55
2024-10-26T11:21:17+07:00,50575,13,48,30.1,55
2024-10-26T11:21:39+07:00,50576,13,47,30.2,56
2024-10-26T11:22:02+07:00,50577,12,47,30.1,52
2024-10-26T11:22:25+07:00,50578,13,48,30.2,51
2024-10-26T11:22:49+07:00,50579,13,48,30.2,54
2024-10-26T11:23:13+07:00,50580,12,48,30.2,52
2024-10-26T11:23:37+07:00,50581,13,46,30.2,55
2024-10-26T11:24:02+07:00,50582,12,49,30.2,56
2024-10-26T11:24:27+07:00,50583,12,49,30.2,57
2024-10-26T11:24:43+07:00,50584,13,48,30.2,57
2024-10-26T11:25:08+07:00,50585,12,48,30.2,58
2024-10-26T11:25:31+07:00,50586,14,47,30.2,60
2024-10-26T11:25:54+07:00,50587,12,49,30.2,59
2024-10-26T11:26:17+07:00,50588,12,49,30.2,58
2024-10-26T11:26:39+07:00,50589,12,48,30.2,57
2024-10-26T11:27:02+07:00,50590,13,48,30.2,59
2024-10-26T11:27:24+07:00,50591,14,47,30.2,60
2024-10-26T11:27:47+07:00,50592,13,47,30.2,59
2024-10-26T11:28:09+07:00,50593,13,47,30.2,58
2024-10-26T11:28:31+07:00,50594,12,48,30.2,60
2024-10-26T11:28:55+07:00,50595,14,46,30.2,58
2024-10-26T11:29:18+07:00,50596,13,49,29.8,58
2024-10-26T11:29:40+07:00,50597,13,46,29.8,59
2024-10-26T11:30:03+07:00,50598,13,49,29.8,60
2024-10-26T11:30:25+07:00,50599,13,48,29.8,58
2024-10-26T11:30:48+07:00,50600,13,48,29.8,57
2024-10-26T11:31:10+07:00,50601,13,46,29.8,57
2024-10-26T11:31:32+07:00,50602,12,49,29.8,56
2024-10-26T11:31:55+07:00,50603,12,48,29.8,57
2024-10-26T11:32:17+07:00,50604,13,48,29.8,56
2024-10-26T11:32:40+07:00,50605,14,49,30.2,56
2024-10-26T11:33:02+07:00,50606,12,47,30.2,57
2024-10-26T11:33:25+07:00,50607,13,47,30.2,55
2024-10-26T11:33:47+07:00,50608,12,48,30.2,53
2024-10-26T11:34:10+07:00,50609,13,48,30.2,55
2024-10-26T11:34:33+07:00,50610,13,47,30.2,55
2024-10-26T11:34:55+07:00,50611,12,48,30.2,53
2024-10-26T11:35:18+07:00,50612,14,48,30,53
2024-10-26T11:35:44+07:00,50613,13,47,29.8,56
2024-10-26T11:36:08+07:00,50614,12,50,29.8,55
2024-10-26T11:36:33+07:00,50615,13,47,29.8,53
2024-10-26T11:36:58+07:00,50616,13,47,29.8,54
2024-10-26T11:37:21+07:00,50617,12,45,29.8,57
2024-10-26T11:37:45+07:00,50618,12,48,29.8,56
2024-10-26T11:38:10+07:00,50619,13,48,29.8,56
2024-10-26T11:38:35+07:00,50620,14,48,29.8,55
2024-10-26T11:39:01+07:00,50621,12,47,29.8,55
2024-10-26T11:39:25+07:00,50622,12,47,29.8,52
2024-10-26T11:39:50+07:00,50623,13,46,29.8,54
2024-10-26T11:40:14+07:00,50624,14,47,29.8,57
2024-10-26T11:40:37+07:00,50625,13,46,29.8,56
2024-10-26T11:40:59+07:00,50626,12,46,29.8,57
2024-10-26T11:41:22+07:00,50627,13,47,29.8,57
2024-10-26T11:41:44+07:00,50628,14,46,29.8,55
2024-10-26T11:42:06+07:00,50629,12,47,29.8,57
2024-10-26T11:42:29+07:00,50630,12,48,29.8,60
2024-10-26T11:42:52+07:00,50631,12,47,29.8,60
2024-10-26T11:43:14+07:00,50632,14,47,29.8,57
2024-10-26T11:43:37+07:00,50633,12,47,29.8,57
2024-10-26T11:43:59+07:00,50634,13,46,29.8,59
2024-10-26T11:44:21+07:00,50635,13,48,29.8,61
2024-10-26T11:44:43+07:00,50636,12,47,29.8,60
2024-10-26T11:45:06+07:00,50637,13,46,29.8,57
2024-10-26T11:45:28+07:00,50638,12,45,29.8,58
2024-10-26T11:45:50+07:00,50639,12,47,29.8,57
2024-10-26T11:46:12+07:00,50640,13,47,29.8,58
2024-10-26T11:46:35+07:00,50641,12,46,29.8,58
2024-10-26T11:46:57+07:00,50642,13,46,29.8,58
2024-10-26T11:47:20+07:00,50643,13,46,29.8,56
2024-10-26T11:47:42+07:00,50644,13,48,29.8,57
2024-10-26T11:48:04+07:00,50645,13,46,29.8,57
2024-10-26T11:48:27+07:00,50646,12,48,29.8,58
2024-10-26T11:48:49+07:00,50647,12,47,29.8,57
2024-10-26T11:49:11+07:00,50648,13,47,29.8,57
2024-10-26T11:49:34+07:00,50649,12,47,29.8,56
2024-10-26T11:49:56+07:00,50650,13,47,29.8,55
2024-10-26T11:50:18+07:00,50651,12,47,29.8,57
2024-10-26T11:50:41+07:00,50652,14,46,29.8,55
2024-10-26T11:51:03+07:00,50653,13,47,29.7,54
2024-10-26T11:51:25+07:00,50654,12,47,29.8,55
2024-10-26T11:51:47+07:00,50655,12,46,29.8,58
2024-10-26T11:52:10+07:00,50656,13,48,29.8,58
2024-10-26T11:52:32+07:00,50657,12,47,29.4,57
2024-10-26T11:52:55+07:00,50658,13,46,29.4,56
2024-10-26T11:53:17+07:00,50659,14,47,29.4,57
2024-10-26T11:53:40+07:00,50660,13,48,29.8,59
2024-10-26T11:54:04+07:00,50661,13,47,29.5,57
2024-10-26T11:54:27+07:00,50662,13,46,29.5,57
2024-10-26T11:54:49+07:00,50663,13,48,29.8,56
2024-10-26T11:55:11+07:00,50664,14,47,29.8,56
2024-10-26T11:55:33+07:00,50665,13,46,29.8,56
2024-10-26T11:55:55+07:00,50666,13,47,29.7,57
2024-10-26T11:56:18+07:00,50667,12,48,29.4,58
2024-10-26T11:56:40+07:00,50668,12,46,29.4,57
2024-10-26T11:57:02+07:00,50669,12,46,29.3,57
2024-10-26T11:57:25+07:00,50670,13,47,29.4,57
2024-10-26T11:57:47+07:00,50671,13,47,29.3,57
2024-10-26T11:58:11+07:00,50672,13,46,29.3,54
2024-10-26T11:58:34+07:00,50673,12,46,29.4,56
2024-10-26T11:58:57+07:00,50674,13,48,29.7,55
2024-10-26T11:59:19+07:00,50675,14,47,29.8,54
2024-10-26T11:59:42+07:00,50676,12,44,29.8,57
2024-10-26T12:00:04+07:00,50677,12,48,29.8,59
2024-10-26T12:00:26+07:00,50678,12,47,29.8,61
2024-10-26T12:00:49+07:00,50679,13,47,29.8,57
2024-10-26T12:01:11+07:00,50680,13,45,29.8,55
2024-10-26T12:01:34+07:00,50681,13,47,29.7,56
2024-10-26T12:01:56+07:00,50682,12,45,29.7,57
2024-10-26T12:02:19+07:00,50683,13,46,29.4,58
2024-10-26T12:02:41+07:00,50684,13,47,29.4,59
2024-10-26T12:03:03+07:00,50685,12,47,29.4,59
2024-10-26T12:03:26+07:00,50686,12,46,29.4,59
2024-10-26T12:03:48+07:00,50687,11,46,29.4,59
2024-10-26T12:04:10+07:00,50688,14,48,29.3,58
2024-10-26T12:04:33+07:00,50689,12,46,29.3,59
2024-10-26T12:04:55+07:00,50690,12,47,29.3,61
2024-10-26T12:05:18+07:00,50691,12,46,29.3,62
2024-10-26T12:05:40+07:00,50692,12,46,29.3,62
2024-10-26T12:06:02+07:00,50693,12,47,29.3,57
2024-10-26T12:06:25+07:00,50694,14,47,29.3,58
2024-10-26T12:06:47+07:00,50695,12,45,29.3,59
2024-10-26T12:07:09+07:00,50696,12,47,29.3,58
2024-10-26T12:07:32+07:00,50697,13,47,29.3,58
2024-10-26T12:07:54+07:00,50698,12,47,29.3,57
2024-10-26T12:08:16+07:00,50699,14,47,29.3,56
2024-10-26T12:08:38+07:00,50700,13,48,29.3,56
2024-10-26T12:09:00+07:00,50701,14,49,29.3,56
2024-10-26T12:09:23+07:00,50702,12,47,29.3,57
2024-10-26T12:09:46+07:00,50703,13,45,29.3,57
2024-10-26T12:10:09+07:00,50704,12,45,29.3,55
2024-10-26T12:10:32+07:00,50705,12,46,29.3,56
2024-10-26T12:10:54+07:00,50706,13,44,29.3,57
2024-10-26T12:11:17+07:00,50707,13,45,29.3,55
2024-10-26T12:11:39+07:00,50708,13,44,29.3,54
2024-10-26T12:12:01+07:00,50709,13,47,29.3,53
2024-10-26T12:12:24+07:00,50710,12,47,29.3,53
2024-10-26T12:12:47+07:00,50711,12,47,29.3,54
2024-10-26T12:13:09+07:00,50712,13,46,29.3,55
2024-10-26T12:13:31+07:00,50713,13,47,29.3,53
2024-10-26T12:13:54+07:00,50714,12,47,29,54
2024-10-26T12:14:16+07:00,50715,13,45,29,56
2024-10-26T12:14:38+07:00,50716,13,47,29,54
2024-10-26T12:15:01+07:00,50717,13,45,28.9,53
2024-10-26T12:15:23+07:00,50718,13,46,28.9,52
2024-10-26T12:15:47+07:00,50719,13,47,28.9,53
2024-10-26T12:16:09+07:00,50720,13,47,28.9,54
2024-10-26T12:16:32+07:00,50721,13,44,28.9,54
2024-10-26T12:16:55+07:00,50722,13,45,28.9,55
2024-10-26T12:17:18+07:00,50723,12,45,28.9,54
2024-10-26T12:17:40+07:00,50724,13,46,28.9,53
2024-10-26T12:18:03+07:00,50725,12,45,28.9,52
2024-10-26T12:18:25+07:00,50726,13,46,28.9,53
2024-10-26T12:18:48+07:00,50727,14,47,28.9,54
2024-10-26T12:19:10+07:00,50728,13,46,28.9,55
2024-10-26T12:19:32+07:00,50729,13,47,28.9,55
2024-10-26T12:19:55+07:00,50730,12,46,28.9,57
2024-10-26T12:20:18+07:00,50731,13,46,28.9,57
2024-10-26T12:20:41+07:00,50732,12,45,28.9,55
2024-10-26T12:21:03+07:00,50733,14,48,28.5,53
2024-10-26T12:21:25+07:00,50734,13,45,28.5,51
2024-10-26T12:21:48+07:00,50735,13,45,28.5,51
2024-10-26T12:22:11+07:00,50736,12,45,28.5,51
2024-10-26T12:22:35+07:00,50737,12,45,28.1,53
2024-10-26T12:23:00+07:00,50738,14,47,28.1,54
2024-10-26T12:23:24+07:00,50739,12,48,28.5,55
2024-10-26T12:23:47+07:00,50740,13,46,28.5,56
2024-10-26T12:24:09+07:00,50741,13,46,28.5,57
2024-10-26T12:24:32+07:00,50742,12,45,28.5,55
2024-10-26T12:24:55+07:00,50743,14,46,28.5,55
2024-10-26T12:25:17+07:00,50744,12,44,28.5,55
2024-10-26T12:25:41+07:00,50745,11,45,28.5,53
2024-10-26T12:26:04+07:00,50746,13,45,28.5,54
2024-10-26T12:26:27+07:00,50747,14,46,28.9,56
2024-10-26T12:26:51+07:00,50748,12,45,28.9,57
2024-10-26T12:27:18+07:00,50749,12,47,28.9,54
2024-10-26T12:27:41+07:00,50750,14,45,28.9,56
2024-10-26T12:28:03+07:00,50751,13,43,28.9,57
2024-10-26T12:28:26+07:00,50752,12,45,28.9,57
2024-10-26T12:28:49+07:00,50753,12,46,28.9,57
2024-10-26T12:29:12+07:00,50754,13,45,28.9,57
2024-10-26T12:29:34+07:00,50755,12,46,28.9,55
2024-10-26T12:29:57+07:00,50756,12,47,28.9,54
2024-10-26T12:30:19+07:00,50757,13,45,28.9,53
2024-10-26T12:30:41+07:00,50758,13,45,28.9,53
2024-10-26T12:31:04+07:00,50759,13,46,28.9,54
2024-10-26T12:31:26+07:00,50760,14,44,28.9,54
2024-10-26T12:31:48+07:00,50761,13,46,29,54
2024-10-26T12:32:11+07:00,50762,13,45,29,53
2024-10-26T12:32:33+07:00,50763,13,45,29,53
2024-10-26T12:32:56+07:00,50764,13,45,29,52
2024-10-26T12:33:19+07:00,50765,13,44,29.3,53
2024-10-26T12:33:41+07:00,50766,12,45,29,53
2024-10-26T12:34:03+07:00,50767,12,45,29,54
2024-10-26T12:34:25+07:00,50768,13,45,28.9,54
2024-10-26T12:34:47+07:00,50769,12,45,28.9,53
2024-10-26T12:35:10+07:00,50770,12,45,28.9,52
2024-10-26T12:35:32+07:00,50771,13,44,28.9,51
2024-10-26T12:35:54+07:00,50772,13,45,28.9,51
2024-10-26T12:36:16+07:00,50773,13,46,29,54
2024-10-26T12:36:38+07:00,50774,11,46,28.9,54
2024-10-26T12:37:01+07:00,50775,13,45,28.9,56
2024-10-26T12:37:23+07:00,50776,12,46,28.9,57
2024-10-26T12:37:45+07:00,50777,13,45,28.9,56
2024-10-26T12:38:07+07:00,50778,14,43,28.9,56
2024-10-26T12:38:29+07:00,50779,13,45,28.9,55
2024-10-26T12:38:51+07:00,50780,12,43,28.9,54
2024-10-26T12:39:13+07:00,50781,12,47,28.5,51
2024-10-26T12:39:36+07:00,50782,13,46,28.5,50
2024-10-26T12:39:59+07:00,50783,14,46,28.5,50
2024-10-26T12:40:21+07:00,50784,13,46,28.3,51
2024-10-26T12:40:43+07:00,50785,12,45,28,51
2024-10-26T12:41:05+07:00,50786,13,45,28,51
2024-10-26T12:41:27+07:00,50787,13,44,28,51
2024-10-26T12:41:50+07:00,50788,13,44,28,51
2024-10-26T12:42:12+07:00,50789,13,44,28,51
2024-10-26T12:42:34+07:00,50790,14,44,28,51
2024-10-26T12:42:56+07:00,50791,14,45,28,52
2024-10-26T12:43:19+07:00,50792,12,46,28,52
2024-10-26T12:43:41+07:00,50793,13,46,28,51
2024-10-26T12:44:03+07:00,50794,12,45,28,51
2024-10-26T12:44:25+07:00,50795,14,46,28,51
2024-10-26T12:44:47+07:00,50796,12,43,27.7,52
2024-10-26T12:45:09+07:00,50797,12,44,27.6,53
2024-10-26T12:45:31+07:00,50798,14,46,27.6,53
2024-10-26T12:45:54+07:00,50799,11,45,27.6,54
2024-10-26T12:46:16+07:00,50800,13,45,27.6,55
2024-10-26T12:46:38+07:00,50801,14,42,27.6,54
2024-10-26T12:47:00+07:00,50802,13,43,27.6,55
2024-10-26T12:47:23+07:00,50803,12,45,27.6,56
2024-10-26T12:47:45+07:00,50804,14,45,27.6,56
2024-10-26T12:48:07+07:00,50805,14,44,27.6,54
2024-10-26T12:48:30+07:00,50806,13,44,27.6,55
2024-10-26T12:48:52+07:00,50807,14,45,27.6,55
2024-10-26T12:49:14+07:00,50808,12,45,27.6,56
2024-10-26T12:49:37+07:00,50809,12,45,27.6,55
2024-10-26T12:49:59+07:00,50810,14,44,27.6,55
2024-10-26T12:50:21+07:00,50811,14,45,27.6,55
2024-10-26T12:50:43+07:00,50812,13,43,27.6,55
2024-10-26T12:51:05+07:00,50813,13,44,27.6,54
2024-10-26T12:51:27+07:00,50814,12,43,27.6,54
2024-10-26T12:51:50+07:00,50815,13,44,27.6,54
2024-10-26T12:52:12+07:00,50816,14,44,27.6,54
2024-10-26T12:52:34+07:00,50817,13,45,27.6,56
2024-10-26T12:52:57+07:00,50818,13,43,27.6,59
2024-10-26T12:53:19+07:00,50819,13,45,27.6,59
2024-10-26T12:53:41+07:00,50820,13,47,27.6,61
2024-10-26T12:54:03+07:00,50821,13,45,27.8,62
2024-10-26T12:54:25+07:00,50822,12,44,28,60
2024-10-26T12:54:47+07:00,50823,13,43,28,58
2024-10-26T12:55:09+07:00,50824,12,45,28,57
2024-10-26T12:55:31+07:00,50825,14,44,27.7,57
2024-10-26T12:55:53+07:00,50826,13,46,28,58
2024-10-26T12:56:16+07:00,50827,13,44,28,58
2024-10-26T12:56:38+07:00,50828,13,44,28,59
2024-10-26T12:57:00+07:00,50829,13,43,28,58
2024-10-26T12:57:23+07:00,50830,13,44,28,57
2024-10-26T12:57:45+07:00,50831,14,44,28.1,55
2024-10-26T12:58:07+07:00,50832,12,44,28.2,55
2024-10-26T12:58:30+07:00,50833,13,45,28.5,57
2024-10-26T12:58:52+07:00,50834,14,46,28.5,58
2024-10-26T12:59:14+07:00,50835,13,43,28.5,58
2024-10-26T12:59:36+07:00,50836,13,43,28.5,58
2024-10-26T12:59:59+07:00,50837,12,44,28.5,58
2024-10-26T13:00:21+07:00,50838,12,43,28.5,58
2024-10-26T13:00:43+07:00,50839,12,42,28.5,56
2024-10-26T13:01:05+07:00,50840,12,44,28.9,55
2024-10-26T13:01:28+07:00,50841,14,46,28.9,55
2024-10-26T13:01:50+07:00,50842,13,43,28.9,56
2024-10-26T13:02:12+07:00,50843,12,45,28.9,56
2024-10-26T13:02:34+07:00,50844,13,42,28.9,56
2024-10-26T13:02:57+07:00,50845,12,44,28.9,56
2024-10-26T13:03:19+07:00,50846,13,45,28.9,57
2024-10-26T13:03:42+07:00,50847,13,43,28.9,58
2024-10-26T13:04:04+07:00,50848,12,44,28.9,56
2024-10-26T13:04:26+07:00,50849,12,43,28.9,56
2024-10-26T13:04:49+07:00,50850,12,44,28.9,56
2024-10-26T13:05:11+07:00,50851,13,44,28.9,56
2024-10-26T13:05:33+07:00,50852,13,44,28.9,55
2024-10-26T13:05:55+07:00,50853,12,44,28.9,56
2024-10-26T13:06:17+07:00,50854,12,43,28.9,55
2024-10-26T13:06:39+07:00,50855,12,44,28.9,56
2024-10-26T13:07:02+07:00,50856,12,44,28.9,56
2024-10-26T13:07:23+07:00,50857,12,44,28.9,56
2024-10-26T13:07:46+07:00,50858,12,44,28.9,57
2024-10-26T13:08:08+07:00,50859,12,44,28.9,57
2024-10-26T13:08:30+07:00,50860,12,45,28.9,56
2024-10-26T13:08:53+07:00,50861,13,45,28.9,55
2024-10-26T13:09:15+07:00,50862,14,46,28.9,56
2024-10-26T13:09:37+07:00,50863,12,43,28.9,57
2024-10-26T13:09:59+07:00,50864,12,44,28.9,57
2024-10-26T13:10:22+07:00,50865,11,44,28.9,57
2024-10-26T13:10:43+07:00,50866,12,43,28.9,57
2024-10-26T13:11:06+07:00,50867,13,44,28.9,57
2024-10-26T13:11:28+07:00,50868,13,44,28.9,57
2024-10-26T13:11:50+07:00,50869,12,44,28.9,58
2024-10-26T13:12:12+07:00,50870,13,44,29,58
2024-10-26T13:12:34+07:00,50871,12,45,28.9,57
2024-10-26T13:12:56+07:00,50872,12,44,28.9,58
2024-10-26T13:13:19+07:00,50873,12,45,28.9,58
2024-10-26T13:13:41+07:00,50874,13,44,28.9,57
2024-10-26T13:14:03+07:00,50875,12,44,28.9,56
2024-10-26T13:14:25+07:00,50876,12,45,28.9,56
2024-10-26T13:14:48+07:00,50877,12,45,28.9,57
2024-10-26T13:15:10+07:00,50878,13,45,28.9,58
2024-10-26T13:15:33+07:00,50879,13,43,28.9,59
2024-10-26T13:15:55+07:00,50880,14,44,28.9,59
2024-10-26T13:16:18+07:00,50881,12,45,28.9,58
2024-10-26T13:16:40+07:00,50882,13,44,28.9,57
2024-10-26T13:17:03+07:00,50883,12,43,28.9,58
2024-10-26T13:17:25+07:00,50884,13,44,28.9,59
2024-10-26T13:17:47+07:00,50885,12,43,28.9,59
2024-10-26T13:18:09+07:00,50886,12,44,28.9,60
2024-10-26T13:18:31+07:00,50887,12,45,28.9,59
2024-10-26T13:18:54+07:00,50888,11,44,28.9,58
2024-10-26T13:19:16+07:00,50889,12,46,28.9,58
2024-10-26T13:19:38+07:00,50890,12,44,28.9,55
2024-10-26T13:20:00+07:00,50891,12,45,28.9,55
2024-10-26T13:20:23+07:00,50892,12,44,28.9,56
2024-10-26T13:20:45+07:00,50893,11,44,28.9,57
2024-10-26T13:21:08+07:00,50894,12,44,28.9,57
2024-10-26T13:21:30+07:00,50895,11,43,28.9,57
2024-10-26T13:21:52+07:00,50896,11,42,28.9,57
2024-10-26T13:22:15+07:00,50897,12,43,29,56
2024-10-26T13:22:38+07:00,50898,13,44,29.3,58
2024-10-26T13:23:01+07:00,50899,11,44,29.3,58
2024-10-26T13:23:23+07:00,50900,11,44,29.3,58
2024-10-26T13:23:45+07:00,50901,12,41,29.3,59
2024-10-26T13:24:08+07:00,50902,13,43,29.3,60
2024-10-26T13:24:31+07:00,50903,12,44,29.3,61
2024-10-26T13:24:53+07:00,50904,12,45,29.3,62
2024-10-26T13:25:15+07:00,50905,12,43,29,63
2024-10-26T13:25:38+07:00,50906,12,43,28.9,61
2024-10-26T13:26:00+07:00,50907,13,45,28.9,60
2024-10-26T13:26:23+07:00,50908,11,43,28.9,59
2024-10-26T13:26:45+07:00,50909,13,44,28.9,62
2024-10-26T13:27:07+07:00,50910,12,44,28.9,62
2024-10-26T13:27:29+07:00,50911,13,43,29,63
2024-10-26T13:27:52+07:00,50912,11,44,28.9,62
2024-10-26T13:28:14+07:00,50913,12,43,28.9,61
2024-10-26T13:28:37+07:00,50914,13,43,28.9,62
2024-10-26T13:29:00+07:00,50915,11,45,28.9,60
2024-10-26T13:29:22+07:00,50916,12,43,28.9,60
2024-10-26T13:29:45+07:00,50917,12,43,28.9,60
2024-10-26T13:30:07+07:00,50918,11,45,28.9,61
2024-10-26T13:30:29+07:00,50919,14,44,28.9,62
2024-10-26T13:30:52+07:00,50920,11,44,28.9,62
2024-10-26T13:31:15+07:00,50921,13,43,28.6,63
2024-10-26T13:31:37+07:00,50922,13,43,28.5,63
2024-10-26T13:32:00+07:00,50923,13,43,28.5,62
2024-10-26T13:32:23+07:00,50924,13,43,28.5,63
2024-10-26T13:32:46+07:00,50925,13,43,28.5,61
2024-10-26T13:33:09+07:00,50926,12,43,28.5,59
2024-10-26T13:33:32+07:00,50927,13,43,28.5,58
2024-10-26T13:33:55+07:00,50928,14,42,28.5,58
2024-10-26T13:34:18+07:00,50929,14,45,28.5,58
2024-10-26T13:34:40+07:00,50930,13,43,28.1,58
2024-10-26T13:35:04+07:00,50931,13,44,28,58
2024-10-26T13:35:26+07:00,50932,13,43,28,58
2024-10-26T13:35:49+07:00,50933,12,44,28,58
2024-10-26T13:36:11+07:00,50934,12,44,28,58
2024-10-26T13:36:34+07:00,50935,12,42,28,58
2024-10-26T13:36:57+07:00,50936,13,42,28,57
2024-10-26T13:37:19+07:00,50937,12,43,28,56
2024-10-26T13:37:42+07:00,50938,12,45,28,57
2024-10-26T13:38:07+07:00,50939,14,43,27.9,59
2024-10-26T13:38:29+07:00,50940,13,44,27.7,59
2024-10-26T13:38:52+07:00,50941,13,42,27.7,59
2024-10-26T13:39:14+07:00,50942,12,43,28,57
2024-10-26T13:39:36+07:00,50943,12,42,28,57
2024-10-26T13:39:59+07:00,50944,14,42,28,57
2024-10-26T13:40:21+07:00,50945,13,42,28,57
2024-10-26T13:40:43+07:00,50946,14,45,28,57
2024-10-26T13:41:06+07:00,50947,14,43,28,57
2024-10-26T13:41:29+07:00,50948,12,44,28,58
2024-10-26T13:41:51+07:00,50949,13,43,28,58
2024-10-26T13:42:14+07:00,50950,13,43,28,57
2024-10-26T13:42:36+07:00,50951,13,43,28,58
2024-10-26T13:42:59+07:00,50952,12,44,28,58
2024-10-26T13:43:21+07:00,50953,13,42,28,58
2024-10-26T13:43:44+07:00,50954,13,42,28,58
2024-10-26T13:44:06+07:00,50955,13,44,28,58
2024-10-26T13:44:30+07:00,50956,13,42,28,58
2024-10-26T13:44:52+07:00,50957,12,42,28,58
2024-10-26T13:45:14+07:00,50958,12,43,28,58
2024-10-26T13:45:36+07:00,50959,12,43,28,58
2024-10-26T13:45:59+07:00,50960,12,42,28,58
2024-10-26T13:46:21+07:00,50961,13,43,28,58
2024-10-26T13:46:44+07:00,50962,12,41,28,58
2024-10-26T13:47:07+07:00,50963,14,44,27.7,59
2024-10-26T13:47:29+07:00,50964,12,44,27.7,59
2024-10-26T13:47:52+07:00,50965,13,43,27.6,59
2024-10-26T13:48:14+07:00,50966,13,43,27.6,59
2024-10-26T13:48:36+07:00,50967,13,43,27.6,59
2024-10-26T13:48:59+07:00,50968,12,43,27.6,59
2024-10-26T13:49:21+07:00,50969,13,44,27.6,61
2024-10-26T13:49:44+07:00,50970,12,43,27.6,61
2024-10-26T13:50:06+07:00,50971,13,44,27.6,62
2024-10-26T13:50:29+07:00,50972,13,44,27.6,61
2024-10-26T13:50:51+07:00,50973,14,42,27.6,61
2024-10-26T13:51:14+07:00,50974,12,41,27.6,61
2024-10-26T13:51:37+07:00,50975,13,43,27.6,62
2024-10-26T13:51:59+07:00,50976,12,43,27.6,63
2024-10-26T13:52:21+07:00,50977,12,43,27.6,63
2024-10-26T13:52:44+07:00,50978,14,43,27.6,63
2024-10-26T13:53:07+07:00,50979,12,42,27.6,61
2024-10-26T13:53:29+07:00,50980,13,42,27.6,60
2024-10-26T13:53:51+07:00,50981,14,43,27.6,59
2024-10-26T13:54:14+07:00,50982,13,41,27.6,60
2024-10-26T13:54:36+07:00,50983,14,43,27.6,60
2024-10-26T13:54:58+07:00,50984,12,43,27.6,60
2024-10-26T13:55:21+07:00,50985,13,43,27.6,60
2024-10-26T13:55:43+07:00,50986,12,43,27.6,60
2024-10-26T13:56:06+07:00,50987,14,41,27.6,61
2024-10-26T13:56:28+07:00,50988,13,41,27.6,61
2024-10-26T13:56:51+07:00,50989,13,42,27.6,61
2024-10-26T13:57:13+07:00,50990,13,43,27.6,61
2024-10-26T13:57:35+07:00,50991,13,42,27.6,61
2024-10-26T13:57:57+07:00,50992,13,43,27.6,62
2024-10-26T13:58:20+07:00,50993,13,44,27.6,63
2024-10-26T13:58:42+07:00,50994,12,42,27.6,63
2024-10-26T13:59:04+07:00,50995,12,42,27.6,64
2024-10-26T13:59:27+07:00,50996,13,44,27.6,65
2024-10-26T13:59:49+07:00,50997,12,43,28,66
2024-10-26T14:00:12+07:00,50998,12,43,28,67
2024-10-26T14:00:35+07:00,50999,12,43,28,66
2024-10-26T14:00:57+07:00,51000,13,41,28,65
2024-10-26T14:01:19+07:00,51001,14,43,28,66
2024-10-26T14:01:41+07:00,51002,14,44,28,66
2024-10-26T14:02:04+07:00,51003,12,43,28,65
2024-10-26T14:02:26+07:00,51004,13,42,28,65
2024-10-26T14:02:49+07:00,51005,12,43,28,65
2024-10-26T14:03:11+07:00,51006,13,43,28,64
2024-10-26T14:03:33+07:00,51007,12,42,28,62
2024-10-26T14:03:56+07:00,51008,12,44,28,61
2024-10-26T14:04:18+07:00,51009,13,43,28,60
2024-10-26T14:04:40+07:00,51010,13,43,28,60
2024-10-26T14:05:03+07:00,51011,14,42,28,62
2024-10-26T14:05:25+07:00,51012,13,43,28,63
2024-10-26T14:05:48+07:00,51013,12,41,28,63
2024-10-26T14:06:11+07:00,51014,12,43,28,61
2024-10-26T14:06:33+07:00,51015,12,44,28,60
2024-10-26T14:06:55+07:00,51016,13,43,27.6,61
2024-10-26T14:07:18+07:00,51017,12,43,27.6,62
2024-10-26T14:07:40+07:00,51018,13,42,27.6,63
2024-10-26T14:08:03+07:00,51019,12,42,27.6,63
2024-10-26T14:08:25+07:00,51020,13,45,27.6,64
2024-10-26T14:08:48+07:00,51021,13,44,27.6,64
2024-10-26T14:09:10+07:00,51022,13,43,27.6,65
2024-10-26T14:09:32+07:00,51023,12,43,27.6,68
2024-10-26T14:09:54+07:00,51024,12,43,27.6,69
2024-10-26T14:10:16+07:00,51025,12,42,27.6,69
2024-10-26T14:10:38+07:00,51026,13,42,27.6,69
2024-10-26T14:11:00+07:00,51027,12,43,27.6,69
2024-10-26T14:11:22+07:00,51028,13,43,27.6,69
2024-10-26T14:11:45+07:00,51029,12,43,27.6,69
2024-10-26T14:12:23+07:00,51030,13,42,27.6,69
2024-10-26T14:12:45+07:00,51031,13,42,27.6,69
2024-10-26T14:13:08+07:00,51032,13,43,27.6,68
2024-10-26T14:13:30+07:00,51033,12,44,28,68
2024-10-26T14:13:53+07:00,51034,13,43,28,68
2024-10-26T14:14:15+07:00,51035,12,43,28,69
2024-10-26T14:14:37+07:00,51036,12,45,28,68
2024-10-26T14:14:59+07:00,51037,13,42,28,69
2024-10-26T14:15:21+07:00,51038,13,44,28,68
2024-10-26T14:15:44+07:00,51039,12,43,28,69
2024-10-26T14:16:06+07:00,51040,13,41,28,70
2024-10-26T14:16:28+07:00,51041,13,43,28,70
2024-10-26T14:16:51+07:00,51042,12,44,28,69
2024-10-26T14:17:14+07:00,51043,13,42,28,69
2024-10-26T14:17:36+07:00,51044,12,43,28,70
2024-10-26T14:17:58+07:00,51045,12,43,28,69
2024-10-26T14:18:20+07:00,51046,12,43,28,69
2024-10-26T14:18:43+07:00,51047,13,41,28,70
2024-10-26T14:19:05+07:00,51048,13,44,28,70
2024-10-26T14:19:29+07:00,51049,13,42,28,70
2024-10-26T14:19:51+07:00,51050,12,42,28,69
2024-10-26T14:20:13+07:00,51051,12,43,28,69
2024-10-26T14:20:35+07:00,51052,12,43,28,68
2024-10-26T14:20:57+07:00,51053,12,43,28,69
2024-10-26T14:21:19+07:00,51054,13,43,28.1,69
2024-10-26T14:21:41+07:00,51055,12,42,28,70
2024-10-26T14:22:03+07:00,51056,13,44,28,70
2024-10-26T14:22:26+07:00,51057,13,42,28.1,71
2024-10-26T14:22:48+07:00,51058,12,42,28,71
2024-10-26T14:23:10+07:00,51059,13,43,28,72
2024-10-26T14:23:32+07:00,51060,13,41,28.1,70
2024-10-26T14:23:55+07:00,51061,13,43,28,71
2024-10-26T14:24:17+07:00,51062,12,43,28,70
2024-10-26T14:24:40+07:00,51063,12,41,28.1,68
2024-10-26T14:25:02+07:00,51064,13,44,28.1,68
2024-10-26T14:25:24+07:00,51065,12,42,28.4,69
2024-10-26T14:25:47+07:00,51066,13,42,28.5,70
2024-10-26T14:26:09+07:00,51067,11,42,28.5,70
2024-10-26T14:26:31+07:00,51068,12,43,28.5,70
2024-10-26T14:26:53+07:00,51069,13,44,28.1,68
2024-10-26T14:27:15+07:00,51070,12,44,28.1,67
2024-10-26T14:27:37+07:00,51071,13,43,28.1,68
2024-10-26T14:27:59+07:00,51072,12,42,28.1,68
2024-10-26T14:28:22+07:00,51073,12,45,28.1,68
2024-10-26T14:28:44+07:00,51074,11,43,28.1,68
2024-10-26T14:29:06+07:00,51075,13,42,28.1,68
2024-10-26T14:29:29+07:00,51076,13,41,28.1,69
2024-10-26T14:29:51+07:00,51077,12,43,28,68
2024-10-26T14:30:13+07:00,51078,12,43,28,67
2024-10-26T14:30:36+07:00,51079,12,42,28.1,68
2024-10-26T14:30:58+07:00,51080,12,43,28,69
2024-10-26T14:31:20+07:00,51081,13,43,28,69
2024-10-26T14:31:46+07:00,51082,12,44,28,69
2024-10-26T14:32:09+07:00,51083,12,43,28,68
2024-10-26T14:32:31+07:00,51084,12,43,28,66
2024-10-26T14:32:54+07:00,51085,12,43,28,67
2024-10-26T14:33:16+07:00,51086,13,43,28,68
2024-10-26T14:33:39+07:00,51087,12,44,28,68
2024-10-26T14:34:01+07:00,51088,12,42,28,69
2024-10-26T14:34:23+07:00,51089,12,42,28,69
2024-10-26T14:34:45+07:00,51090,12,43,28,70
2024-10-26T14:35:07+07:00,51091,13,45,28,71
2024-10-26T14:35:29+07:00,51092,12,43,28,70
2024-10-26T14:35:52+07:00,51093,11,42,28,69
2024-10-26T14:36:14+07:00,51094,12,42,28,68
2024-10-26T14:36:36+07:00,51095,13,43,28,67
2024-10-26T14:36:58+07:00,51096,12,44,28,66
2024-10-26T14:37:20+07:00,51097,12,42,28,67
2024-10-26T14:37:42+07:00,51098,13,43,28,67
2024-10-26T14:38:07+07:00,51099,12,42,28.4,68
2024-10-26T14:38:29+07:00,51100,14,42,28.5,67
2024-10-26T14:38:51+07:00,51101,14,43,28.1,65
2024-10-26T14:39:14+07:00,51102,12,41,28.1,64
2024-10-26T14:39:36+07:00,51103,12,44,28,62
2024-10-26T14:39:59+07:00,51104,11,42,28,63
2024-10-26T14:40:21+07:00,51105,12,41,28,63
2024-10-26T14:40:43+07:00,51106,12,43,27.6,64
2024-10-26T14:41:05+07:00,51107,13,42,27.7,65
2024-10-26T14:41:27+07:00,51108,13,43,28,67
2024-10-26T14:41:49+07:00,51109,13,42,28,68
2024-10-26T14:42:12+07:00,51110,12,43,28,69
2024-10-26T14:42:34+07:00,51111,12,43,28,70
2024-10-26T14:42:56+07:00,51112,13,42,28,70
2024-10-26T14:43:19+07:00,51113,13,44,27.8,70
2024-10-26T14:43:41+07:00,51114,12,43,27.6,69
2024-10-26T14:44:03+07:00,51115,14,44,27.6,68
2024-10-26T14:44:25+07:00,51116,13,42,27.6,65
2024-10-26T14:44:47+07:00,51117,13,43,27.6,65
2024-10-26T14:45:10+07:00,51118,12,43,27.6,64
2024-10-26T14:45:32+07:00,51119,13,43,27.6,68
2024-10-26T14:45:54+07:00,51120,13,43,27.6,69
2024-10-26T14:46:16+07:00,51121,13,41,27.6,69
2024-10-26T14:46:39+07:00,51122,13,42,27.6,70
2024-10-26T14:47:01+07:00,51123,14,42,27.6,70
2024-10-26T14:47:24+07:00,51124,11,42,27.6,69
2024-10-26T14:47:46+07:00,51125,12,41,27.6,69
2024-10-26T14:48:08+07:00,51126,12,43,27.6,69
2024-10-26T14:48:30+07:00,51127,12,42,27.6,69
2024-10-26T14:48:53+07:00,51128,13,43,27.6,70
2024-10-26T14:49:15+07:00,51129,13,42,27.6,70
2024-10-26T14:49:38+07:00,51130,12,42,27.6,69
2024-10-26T14:50:00+07:00,51131,12,42,27.6,70
2024-10-26T14:50:22+07:00,51132,12,42,27.6,69
2024-10-26T14:50:45+07:00,51133,11,44,27.6,69
2024-10-26T14:51:07+07:00,51134,12,42,27.6,68
2024-10-26T14:51:29+07:00,51135,12,44,27.6,69
2024-10-26T14:51:51+07:00,51136,12,42,27.6,68
2024-10-26T14:52:14+07:00,51137,12,43,27.6,66
2024-10-26T14:52:37+07:00,51138,12,43,27.6,64
2024-10-26T14:52:59+07:00,51139,12,43,27.6,63
2024-10-26T14:53:21+07:00,51140,12,42,27.6,63
2024-10-26T14:53:43+07:00,51141,12,42,27.2,63
2024-10-26T14:54:05+07:00,51142,13,43,27.1,62
2024-10-26T14:54:28+07:00,51143,13,41,27.1,63
2024-10-26T14:54:50+07:00,51144,13,43,27.1,64
2024-10-26T14:55:12+07:00,51145,13,42,27.1,66
2024-10-26T14:55:35+07:00,51146,13,44,27.1,68
2024-10-26T14:55:57+07:00,51147,12,44,27.1,66
2024-10-26T14:56:19+07:00,51148,12,41,27.1,63
2024-10-26T14:56:41+07:00,51149,13,41,27.1,63
2024-10-26T14:57:04+07:00,51150,13,41,27.1,64
2024-10-26T14:57:27+07:00,51151,13,43,27.1,64
2024-10-26T14:57:50+07:00,51152,14,41,27.1,64
2024-10-26T14:58:12+07:00,51153,11,43,27.1,65
2024-10-26T14:58:34+07:00,51154,12,42,27.2,65
2024-10-26T14:58:56+07:00,51155,13,42,27.2,66
2024-10-26T14:59:18+07:00,51156,13,43,27.1,67
2024-10-26T14:59:40+07:00,51157,12,43,27.1,69
2024-10-26T15:00:03+07:00,51158,13,43,27.1,69
2024-10-26T15:00:25+07:00,51159,12,42,27.1,66
2024-10-26T15:00:48+07:00,51160,12,44,27.1,63
2024-10-26T15:01:10+07:00,51161,13,43,27.1,63
2024-10-26T15:01:32+07:00,51162,14,43,27.1,62
2024-10-26T15:01:54+07:00,51163,12,43,27.1,62
2024-10-26T15:02:16+07:00,51164,13,41,27.1,62
2024-10-26T15:02:38+07:00,51165,12,42,27.1,64
2024-10-26T15:03:01+07:00,51166,13,42,27.1,64
2024-10-26T15:03:23+07:00,51167,14,44,27.1,63
2024-10-26T15:03:45+07:00,51168,13,42,27.1,62
2024-10-26T15:04:08+07:00,51169,13,42,27.1,62
2024-10-26T15:04:30+07:00,51170,13,41,27.1,63
2024-10-26T15:04:53+07:00,51171,13,43,27.1,62
2024-10-26T15:05:14+07:00,51172,12,41,27.1,62
2024-10-26T15:05:36+07:00,51173,13,42,27.1,62
2024-10-26T15:05:58+07:00,51174,14,42,27.1,61
2024-10-26T15:06:21+07:00,51175,12,43,27.1,61
2024-10-26T15:06:43+07:00,51176,13,43,27.1,61
2024-10-26T15:07:05+07:00,51177,13,43,27.1,61
2024-10-26T15:07:27+07:00,51178,13,42,27.1,61
2024-10-26T15:07:50+07:00,51179,14,42,27.1,62
2024-10-26T15:08:12+07:00,51180,13,42,27.1,62
2024-10-26T15:08:33+07:00,51181,13,42,27.1,63
2024-10-26T15:08:56+07:00,51182,13,43,27.1,62
2024-10-26T15:09:18+07:00,51183,12,43,27.1,62
2024-10-26T15:09:40+07:00,51184,13,43,27.1,61
2024-10-26T15:10:02+07:00,51185,14,43,27.1,62
2024-10-26T15:10:25+07:00,51186,13,43,27.1,62
2024-10-26T15:10:47+07:00,51187,14,42,27.1,62
2024-10-26T15:11:09+07:00,51188,13,44,27.1,62
2024-10-26T15:11:31+07:00,51189,14,42,27.1,61
2024-10-26T15:11:54+07:00,51190,12,42,27.1,61
2024-10-26T15:12:16+07:00,51191,12,42,27.1,62
2024-10-26T15:12:39+07:00,51192,11,43,27.1,63
2024-10-26T15:13:01+07:00,51193,13,43,27.1,63
2024-10-26T15:13:23+07:00,51194,12,43,27.1,64
2024-10-26T15:13:46+07:00,51195,12,42,27.1,64
2024-10-26T15:14:08+07:00,51196,13,40,27.6,67
2024-10-26T15:14:30+07:00,51197,13,42,27.6,68
2024-10-26T15:14:52+07:00,51198,12,41,27.6,68
2024-10-26T15:15:15+07:00,51199,13,41,27.6,69
2024-10-26T15:15:37+07:00,51200,13,42,27.6,69
2024-10-26T15:15:59+07:00,51201,13,43,27.6,69
2024-10-26T15:16:21+07:00,51202,13,44,27.6,69
2024-10-26T15:16:43+07:00,51203,12,42,27.6,69
2024-10-26T15:17:05+07:00,51204,13,42,27.6,69
2024-10-26T15:17:27+07:00,51205,12,42,27.6,69
2024-10-26T15:17:50+07:00,51206,12,43,27.6,69
2024-10-26T15:18:12+07:00,51207,13,42,27.6,69
2024-10-26T15:18:35+07:00,51208,13,43,27.6,69
2024-10-26T15:18:57+07:00,51209,13,43,27.6,69
2024-10-26T15:19:20+07:00,51210,13,40,27.6,69
2024-10-26T15:19:42+07:00,51211,13,42,27.6,69
2024-10-26T15:20:04+07:00,51212,12,40,27.6,68
2024-10-26T15:20:26+07:00,51213,13,43,27.7,67
2024-10-26T15:20:48+07:00,51214,11,41,28,67
2024-10-26T15:21:10+07:00,51215,13,42,28,67
2024-10-26T15:21:33+07:00,51216,14,40,27.6,68
2024-10-26T15:21:55+07:00,51217,12,41,27.6,66
2024-10-26T15:22:17+07:00,51218,13,42,28,65
2024-10-26T15:22:39+07:00,51219,13,42,28,66
2024-10-26T15:23:02+07:00,51220,12,43,28,67
2024-10-26T15:23:25+07:00,51221,12,42,27.6,69
2024-10-26T15:23:47+07:00,51222,13,43,27.6,69
2024-10-26T15:24:09+07:00,51223,14,41,27.6,69
2024-10-26T15:24:33+07:00,51224,12,42,27.6,69
2024-10-26T15:24:57+07:00,51225,12,44,27.6,68
2024-10-26T15:25:20+07:00,51226,12,42,27.6,68
2024-10-26T15:25:43+07:00,51227,12,42,27.6,69
2024-10-26T15:26:05+07:00,51228,12,42,27.6,69
2024-10-26T15:26:29+07:00,51229,11,41,27.6,69
2024-10-26T15:26:51+07:00,51230,12,43,27.6,69
2024-10-26T15:27:14+07:00,51231,12,41,27.6,68
2024-10-26T15:27:36+07:00,51232,14,41,27.6,67
2024-10-26T15:27:58+07:00,51233,13,43,27.6,68
2024-10-26T15:28:21+07:00,51234,12,42,27.6,68
2024-10-26T15:28:44+07:00,51235,14,42,27.6,69
2024-10-26T15:29:06+07:00,51236,13,42,27.6,69
2024-10-26T15:29:28+07:00,51237,12,42,27.6,69
2024-10-26T15:29:51+07:00,51238,13,43,27.6,69
2024-10-26T15:30:14+07:00,51239,12,42,27.6,70
2024-10-26T15:30:36+07:00,51240,13,43,27.6,70
2024-10-26T15:30:58+07:00,51241,12,42,27.6,70
2024-10-26T15:31:21+07:00,51242,13,44,27.6,70
2024-10-26T15:31:43+07:00,51243,14,42,27.6,69
2024-10-26T15:32:05+07:00,51244,12,41,27.6,69
2024-10-26T15:32:27+07:00,51245,13,43,27.1,69
2024-10-26T15:32:49+07:00,51246,13,42,27.1,67
2024-10-26T15:33:12+07:00,51247,13,43,27.1,66
2024-10-26T15:33:34+07:00,51248,13,43,27.1,67
2024-10-26T15:33:56+07:00,51249,12,43,27.1,67
2024-10-26T15:34:18+07:00,51250,13,41,27.1,68
2024-10-26T15:34:40+07:00,51251,13,44,27.1,67
2024-10-26T15:35:02+07:00,51252,12,42,27.1,67
2024-10-26T15:35:25+07:00,51253,13,42,27.1,67
2024-10-26T15:35:47+07:00,51254,13,41,27.1,67
2024-10-26T15:36:09+07:00,51255,13,42,27.1,66
2024-10-26T15:36:31+07:00,51256,13,43,27.1,67
2024-10-26T15:37:07+07:00,51257,13,42,27.1,67
2024-10-26T15:37:30+07:00,51258,13,42,27.1,66
2024-10-26T15:37:52+07:00,51259,12,43,27.1,67
2024-10-26T15:38:14+07:00,51260,12,41,27.1,67
2024-10-26T15:38:36+07:00,51261,13,41,27.1,66
2024-10-26T15:38:59+07:00,51262,12,42,27.1,67
2024-10-26T15:39:21+07:00,51263,13,43,27.1,67
2024-10-26T15:39:43+07:00,51264,12,43,27.1,67
2024-10-26T15:40:06+07:00,51265,13,42,27.1,68
2024-10-26T15:40:28+07:00,51266,13,43,27.1,68
2024-10-26T15:40:50+07:00,51267,13,42,27.1,68
2024-10-26T15:41:13+07:00,51268,13,41,27.1,67
2024-10-26T15:41:36+07:00,51269,14,42,27.1,67
2024-10-26T15:41:58+07:00,51270,12,41,27.1,68
2024-10-26T15:42:20+07:00,51271,13,40,27.1,68
2024-10-26T15:42:42+07:00,51272,13,42,27.1,69
2024-10-26T15:43:04+07:00,51273,13,42,27.1,69
2024-10-26T15:43:27+07:00,51274,13,40,27.1,71
2024-10-26T15:43:49+07:00,51275,14,42,27.1,71
2024-10-26T15:44:11+07:00,51276,12,42,26.7,71
2024-10-26T15:44:33+07:00,51277,14,41,26.7,71
2024-10-26T15:44:55+07:00,51278,13,43,26.7,71
2024-10-26T15:45:17+07:00,51279,12,43,26.7,72
2024-10-26T15:45:40+07:00,51280,14,41,26.7,72
2024-10-26T15:46:02+07:00,51281,14,41,26.7,72
2024-10-26T15:46:24+07:00,51282,13,41,26.7,73
2024-10-26T15:46:47+07:00,51283,12,42,26.7,73
2024-10-26T15:47:09+07:00,51284,13,42,26.7,73
2024-10-26T15:47:31+07:00,51285,13,41,26.7,73
2024-10-26T15:47:53+07:00,51286,13,41,26.7,73
2024-10-26T15:48:15+07:00,51287,13,41,26.7,73
2024-10-26T15:48:38+07:00,51288,13,44,26.7,73
2024-10-26T15:49:00+07:00,51289,13,43,26.7,73
2024-10-26T15:49:22+07:00,51290,13,42,26.7,73
2024-10-26T15:49:44+07:00,51291,12,42,26.7,74
2024-10-26T15:50:06+07:00,51292,13,43,26.7,74
2024-10-26T15:50:28+07:00,51293,14,43,26.3,74
2024-10-26T15:50:50+07:00,51294,12,41,26.3,74
2024-10-26T15:51:13+07:00,51295,14,43,26.3,75
2024-10-26T15:51:35+07:00,51296,13,42,26.3,74
2024-10-26T15:51:57+07:00,51297,14,41,26.3,74
2024-10-26T15:52:19+07:00,51298,14,43,26.2,75
2024-10-26T15:52:41+07:00,51299,14,42,26.2,75
2024-10-26T15:53:03+07:00,51300,14,42,26.2,75
2024-10-26T15:53:25+07:00,51301,12,41,26.2,75
2024-10-26T15:53:47+07:00,51302,14,42,26.2,76
2024-10-26T15:54:09+07:00,51303,13,41,26.2,76
2024-10-26T15:54:31+07:00,51304,12,41,26.2,76
2024-10-26T15:54:53+07:00,51305,13,42,26.2,76
2024-10-26T15:55:15+07:00,51306,13,41,26.2,76
2024-10-26T15:55:37+07:00,51307,14,42,26.2,75
2024-10-26T15:55:59+07:00,51308,13,41,26.2,75
2024-10-26T15:56:22+07:00,51309,13,42,26.2,75
2024-10-26T15:56:44+07:00,51310,12,42,26.2,75
2024-10-26T15:57:06+07:00,51311,13,41,26.2,75
2024-10-26T15:57:28+07:00,51312,13,41,26.2,76
2024-10-26T15:57:50+07:00,51313,15,41,26.2,76
2024-10-26T15:58:12+07:00,51314,13,42,26.2,76
2024-10-26T15:58:34+07:00,51315,14,41,26.2,76
2024-10-26T15:58:57+07:00,51316,13,42,26.2,76
2024-10-26T15:59:19+07:00,51317,13,41,26.2,75
2024-10-26T15:59:40+07:00,51318,14,40,26.2,74
2024-10-26T16:00:02+07:00,51319,13,42,26.2,74
2024-10-26T16:00:24+07:00,51320,13,41,26.2,74
2024-10-26T16:00:46+07:00,51321,14,43,26.2,75
2024-10-26T16:01:09+07:00,51322,14,41,26.2,75
2024-10-26T16:01:31+07:00,51323,13,41,26.2,75
2024-10-26T16:01:53+07:00,51324,14,41,26.2,75
2024-10-26T16:02:16+07:00,51325,14,42,26.2,76
2024-10-26T16:02:38+07:00,51326,13,41,26.2,76
2024-10-26T16:03:00+07:00,51327,13,41,26.2,76
2024-10-26T16:03:22+07:00,51328,14,41,26.2,76
2024-10-26T16:03:44+07:00,51329,13,42,26.2,76
2024-10-26T16:04:06+07:00,51330,12,41,26.2,76
2024-10-26T16:04:28+07:00,51331,12,41,26.2,77
2024-10-26T16:04:50+07:00,51332,13,41,26.2,76
2024-10-26T16:05:12+07:00,51333,12,42,26.2,77
2024-10-26T16:05:34+07:00,51334,14,41,26.2,76
2024-10-26T16:05:56+07:00,51335,13,41,26.2,76
2024-10-26T16:06:19+07:00,51336,13,42,26.2,76
2024-10-26T16:06:41+07:00,51337,13,42,26.2,76
2024-10-26T16:07:03+07:00,51338,13,41,26.2,76
2024-10-26T16:07:25+07:00,51339,12,41,26.2,75
2024-10-26T16:07:47+07:00,51340,13,42,26.2,73
2024-10-26T16:08:10+07:00,51341,13,41,26.2,73
2024-10-26T16:08:32+07:00,51342,13,42,26.3,73
2024-10-26T16:08:54+07:00,51343,13,42,26.3,73
2024-10-26T16:09:16+07:00,51344,13,41,26.7,73
2024-10-26T16:09:38+07:00,51345,13,43,26.7,73
2024-10-26T16:10:00+07:00,51346,14,40,26.7,73
2024-10-26T16:10:22+07:00,51347,14,40,26.7,73
2024-10-26T16:10:44+07:00,51348,13,41,26.7,73
2024-10-26T16:11:06+07:00,51349,13,40,26.7,73
2024-10-26T16:11:28+07:00,51350,14,41,26.7,73
2024-10-26T16:11:50+07:00,51351,14,41,26.7,73
2024-10-26T16:12:12+07:00,51352,13,42,26.7,74
2024-10-26T16:12:34+07:00,51353,13,41,26.7,74
2024-10-26T16:12:56+07:00,51354,14,42,26.6,75
2024-10-26T16:13:19+07:00,51355,13,40,26.3,76
2024-10-26T16:13:41+07:00,51356,13,41,26.3,76
2024-10-26T16:14:03+07:00,51357,14,41,26.3,76
2024-10-26T16:14:25+07:00,51358,12,41,26.3,76
2024-10-26T16:14:47+07:00,51359,13,41,26.3,76
2024-10-26T16:15:09+07:00,51360,13,41,26.3,75
2024-10-26T16:15:32+07:00,51361,12,41,26.6,75
2024-10-26T16:15:54+07:00,51362,13,41,26.7,75
2024-10-26T16:16:16+07:00,51363,13,43,26.7,75
2024-10-26T16:16:38+07:00,51364,12,41,26.7,75
2024-10-26T16:17:00+07:00,51365,12,40,26.7,75
2024-10-26T16:17:23+07:00,51366,14,41,26.7,75
2024-10-26T16:17:46+07:00,51367,13,41,26.7,75
2024-10-26T16:18:08+07:00,51368,13,42,26.7,76
2024-10-26T16:18:30+07:00,51369,13,41,26.7,76
2024-10-26T16:18:52+07:00,51370,13,42,26.7,76
2024-10-26T16:19:14+07:00,51371,12,41,26.7,76
2024-10-26T16:19:36+07:00,51372,13,40,26.7,76
2024-10-26T16:19:59+07:00,51373,12,41,26.7,76
2024-10-26T16:20:20+07:00,51374,13,43,26.7,76
2024-10-26T16:20:43+07:00,51375,13,40,26.7,76
2024-10-26T16:21:05+07:00,51376,13,41,26.7,76
2024-10-26T16:21:27+07:00,51377,13,41,26.7,76
2024-10-26T16:21:49+07:00,51378,13,40,26.7,77
2024-10-26T16:22:12+07:00,51379,12,41,26.7,76
2024-10-26T16:22:34+07:00,51380,13,42,26.7,77
2024-10-26T16:22:56+07:00,51381,13,42,26.7,77
2024-10-26T16:23:18+07:00,51382,13,40,26.7,77
2024-10-26T16:23:40+07:00,51383,14,41,26.7,77
2024-10-26T16:24:03+07:00,51384,12,42,26.7,77
2024-10-26T16:24:25+07:00,51385,14,41,26.7,77
2024-10-26T16:24:47+07:00,51386,12,41,26.7,77
2024-10-26T16:25:09+07:00,51387,13,39,26.7,77
2024-10-26T16:25:31+07:00,51388,13,42,26.7,77
2024-10-26T16:25:53+07:00,51389,12,42,26.7,77
2024-10-26T16:26:16+07:00,51390,12,41,26.7,77
2024-10-26T16:26:38+07:00,51391,12,42,26.7,77
2024-10-26T16:27:00+07:00,51392,12,40,26.7,76
2024-10-26T16:27:22+07:00,51393,12,40,26.7,76
2024-10-26T16:27:44+07:00,51394,13,42,26.7,75
2024-10-26T16:28:07+07:00,51395,13,41,26.7,75
2024-10-26T16:28:29+07:00,51396,13,41,26.7,75
2024-10-26T16:28:51+07:00,51397,12,42,26.7,75
2024-10-26T16:29:13+07:00,51398,14,42,26.7,75
2024-10-26T16:29:35+07:00,51399,12,42,26.7,75
2024-10-26T16:29:57+07:00,51400,13,41,26.7,75
2024-10-26T16:30:19+07:00,51401,12,44,26.7,76
2024-10-26T16:30:41+07:00,51402,13,42,26.7,76
2024-10-26T16:31:03+07:00,51403,13,42,26.7,75
2024-10-26T16:31:26+07:00,51404,13,40,26.7,76
2024-10-26T16:31:49+07:00,51405,12,42,26.7,76
2024-10-26T16:32:11+07:00,51406,14,41,26.7,76
2024-10-26T16:32:33+07:00,51407,12,41,26.7,77
2024-10-26T16:32:55+07:00,51408,12,41,26.7,77
2024-10-26T16:33:18+07:00,51409,13,39,26.7,76
2024-10-26T16:33:40+07:00,51410,12,42,26.7,77
2024-10-26T16:34:02+07:00,51411,12,41,26.7,77
2024-10-26T16:34:24+07:00,51412,13,42,26.7,77
2024-10-26T16:34:47+07:00,51413,13,41,26.7,77
2024-10-26T16:35:08+07:00,51414,12,43,26.7,77
2024-10-26T16:35:30+07:00,51415,13,41,26.7,77
2024-10-26T16:35:52+07:00,51416,12,41,26.7,77
2024-10-26T16:36:15+07:00,51417,14,43,26.7,77
2024-10-26T16:36:37+07:00,51418,13,41,26.7,77
2024-10-26T16:36:59+07:00,51419,12,43,26.7,77
2024-10-26T16:37:21+07:00,51420,13,41,26.7,77
2024-10-26T16:37:43+07:00,51421,13,42,26.7,77
2024-10-26T16:38:06+07:00,51422,12,40,26.7,77
2024-10-26T16:38:28+07:00,51423,12,41,26.7,77
2024-10-26T16:38:50+07:00,51424,11,42,26.7,78
2024-10-26T16:39:12+07:00,51425,12,42,26.7,78
2024-10-26T16:39:34+07:00,51426,13,42,26.7,78
2024-10-26T16:39:56+07:00,51427,13,41,26.7,79
2024-10-26T16:40:19+07:00,51428,13,42,26.7,79
2024-10-26T16:40:41+07:00,51429,12,40,26.7,78
2024-10-26T16:41:03+07:00,51430,13,40,26.7,78
2024-10-26T16:41:25+07:00,51431,13,41,26.7,78
2024-10-26T16:41:47+07:00,51432,13,40,26.7,78
2024-10-26T16:42:09+07:00,51433,12,41,26.7,77
2024-10-26T16:42:31+07:00,51434,13,42,26.7,77
2024-10-26T16:42:54+07:00,51435,13,41,26.7,76
2024-10-26T16:43:16+07:00,51436,13,41,26.7,76
2024-10-26T16:43:38+07:00,51437,12,41,26.7,77
2024-10-26T16:44:00+07:00,51438,12,41,26.7,76
2024-10-26T16:44:23+07:00,51439,12,41,26.7,74
2024-10-26T16:44:45+07:00,51440,13,41,26.7,73
2024-10-26T16:45:07+07:00,51441,14,41,26.7,73
2024-10-26T16:45:29+07:00,51442,14,42,26.7,73
2024-10-26T16:45:51+07:00,51443,12,41,26.7,73
2024-10-26T16:46:13+07:00,51444,12,42,26.7,73
2024-10-26T16:46:35+07:00,51445,12,43,26.7,73
2024-10-26T16:46:57+07:00,51446,13,40,26.7,73
2024-10-26T16:47:19+07:00,51447,13,41,26.7,73
2024-10-26T16:47:41+07:00,51448,12,42,26.7,73
2024-10-26T16:48:03+07:00,51449,13,42,26.7,74
2024-10-26T16:48:26+07:00,51450,13,40,26.7,73
2024-10-26T16:48:48+07:00,51451,12,40,26.7,73
2024-10-26T16:49:10+07:00,51452,13,41,26.7,73
2024-10-26T16:49:32+07:00,51453,12,41,26.7,73
2024-10-26T16:49:54+07:00,51454,13,41,26.7,73
2024-10-26T16:50:17+07:00,51455,12,40,26.7,73
2024-10-26T16:50:39+07:00,51456,12,41,26.7,73
2024-10-26T16:51:01+07:00,51457,12,39,26.7,73
2024-10-26T16:51:23+07:00,51458,12,42,26.7,73
2024-10-26T16:51:45+07:00,51459,12,40,26.7,73
2024-10-26T16:52:07+07:00,51460,12,40,26.7,73
2024-10-26T16:52:29+07:00,51461,14,40,26.7,72
2024-10-26T16:52:51+07:00,51462,13,41,26.7,72
2024-10-26T16:53:14+07:00,51463,12,40,26.7,73
2024-10-26T16:53:36+07:00,51464,12,40,26.7,72
2024-10-26T16:53:58+07:00,51465,13,40,26.7,73
2024-10-26T16:54:20+07:00,51466,13,40,26.7,73
2024-10-26T16:54:42+07:00,51467,13,40,26.7,73
2024-10-26T16:55:04+07:00,51468,12,41,26.7,73
2024-10-26T16:55:26+07:00,51469,13,42,26.7,73
2024-10-26T16:55:48+07:00,51470,14,40,26.7,73
2024-10-26T16:56:10+07:00,51471,12,42,26.7,73
2024-10-26T16:56:33+07:00,51472,12,41,26.7,73
2024-10-26T16:56:55+07:00,51473,13,41,26.7,73
2024-10-26T16:57:17+07:00,51474,13,41,26.7,73
2024-10-26T16:57:39+07:00,51475,14,41,26.7,73
2024-10-26T16:58:01+07:00,51476,13,42,26.7,73
2024-10-26T16:58:23+07:00,51477,12,42,26.7,73
2024-10-26T16:58:45+07:00,51478,13,41,26.7,73
2024-10-26T16:59:08+07:00,51479,12,43,26.7,73
2024-10-26T16:59:30+07:00,51480,14,40,26.7,73
2024-10-26T16:59:52+07:00,51481,13,40,26.7,73
2024-10-26T17:00:14+07:00,51482,13,43,26.7,73
2024-10-26T17:00:36+07:00,51483,12,41,26.7,73
2024-10-26T17:00:58+07:00,51484,13,41,26.7,73
2024-10-26T17:01:20+07:00,51485,14,42,26.7,73
2024-10-26T17:01:42+07:00,51486,14,40,26.7,73
2024-10-26T17:02:04+07:00,51487,12,41,26.7,73
2024-10-26T17:02:26+07:00,51488,13,40,26.7,73
2024-10-26T17:02:49+07:00,51489,13,41,26.7,73
2024-10-26T17:03:11+07:00,51490,12,41,26.7,73
2024-10-26T17:03:33+07:00,51491,12,41,26.7,73
2024-10-26T17:03:55+07:00,51492,12,40,26.7,74
2024-10-26T17:04:17+07:00,51493,12,41,26.7,74
2024-10-26T17:04:39+07:00,51494,13,41,26.7,73
2024-10-26T17:05:01+07:00,51495,12,39,26.7,73
2024-10-26T17:05:23+07:00,51496,12,39,26.7,73
2024-10-26T17:05:46+07:00,51497,13,43,26.7,73
2024-10-26T17:06:08+07:00,51498,12,40,26.7,73
2024-10-26T17:06:30+07:00,51499,13,41,26.7,73
2024-10-26T17:06:52+07:00,51500,14,41,26.7,73
2024-10-26T17:07:14+07:00,51501,13,41,26.7,73
2024-10-26T17:07:36+07:00,51502,12,39,26.7,73
2024-10-26T17:07:58+07:00,51503,12,39,26.7,72
2024-10-26T17:08:20+07:00,51504,12,41,26.7,73
2024-10-26T17:08:42+07:00,51505,12,40,26.7,73
2024-10-26T17:09:04+07:00,51506,12,42,26.7,73
2024-10-26T17:09:27+07:00,51507,12,41,26.7,74
2024-10-26T17:09:49+07:00,51508,13,41,26.7,73
2024-10-26T17:10:11+07:00,51509,13,41,26.7,73
2024-10-26T17:10:33+07:00,51510,13,41,26.7,73
2024-10-26T17:10:55+07:00,51511,14,41,26.7,73
2024-10-26T17:11:17+07:00,51512,13,40,26.7,73
2024-10-26T17:11:39+07:00,51513,13,40,26.7,73
2024-10-26T17:12:01+07:00,51514,13,42,26.7,73
2024-10-26T17:12:23+07:00,51515,12,41,26.7,73
2024-10-26T17:12:45+07:00,51516,12,41,26.7,73
2024-10-26T17:13:07+07:00,51517,13,42,26.7,73
2024-10-26T17:13:29+07:00,51518,13,40,26.7,73
2024-10-26T17:13:51+07:00,51519,12,41,26.7,73
2024-10-26T17:14:13+07:00,51520,12,41,26.7,73
2024-10-26T17:14:36+07:00,51521,12,40,26.7,73
2024-10-26T17:14:58+07:00,51522,12,41,26.7,72
2024-10-26T17:15:20+07:00,51523,12,41,26.7,72
2024-10-26T17:15:42+07:00,51524,12,40,26.7,72
2024-10-26T17:16:04+07:00,51525,13,42,26.7,72
2024-10-26T17:16:26+07:00,51526,12,41,26.7,72
2024-10-26T17:16:48+07:00,51527,14,40,26.7,72
2024-10-26T17:17:10+07:00,51528,14,40,26.7,73
2024-10-26T17:17:33+07:00,51529,13,40,26.7,73
2024-10-26T17:17:54+07:00,51530,12,40,26.7,73
2024-10-26T17:18:16+07:00,51531,14,40,26.7,73
2024-10-26T17:18:39+07:00,51532,13,41,26.7,74
2024-10-26T17:19:01+07:00,51533,13,42,26.7,74
2024-10-26T17:19:23+07:00,51534,14,41,26.7,74
2024-10-26T17:19:45+07:00,51535,13,40,26.7,73
2024-10-26T17:20:07+07:00,51536,13,41,26.7,74
2024-10-26T17:20:29+07:00,51537,13,41,26.7,75
2024-10-26T17:20:51+07:00,51538,13,41,26.7,75
2024-10-26T17:21:13+07:00,51539,14,41,26.7,75
2024-10-26T17:21:35+07:00,51540,13,41,26.7,75
2024-10-26T17:21:58+07:00,51541,14,41,26.7,74
2024-10-26T17:22:19+07:00,51542,12,41,26.7,74
2024-10-26T17:22:41+07:00,51543,13,41,26.7,75
2024-10-26T17:23:04+07:00,51544,12,41,26.7,75
2024-10-26T17:23:26+07:00,51545,12,40,26.7,74
2024-10-26T17:23:47+07:00,51546,12,41,26.7,75
2024-10-26T17:24:10+07:00,51547,13,40,26.7,75
2024-10-26T17:24:32+07:00,51548,14,41,26.7,75
2024-10-26T17:24:54+07:00,51549,13,41,26.7,76
2024-10-26T17:25:16+07:00,51550,13,40,26.7,76
2024-10-26T17:25:38+07:00,51551,13,42,26.7,75
2024-10-26T17:26:00+07:00,51552,13,39,26.7,76
2024-10-26T17:26:22+07:00,51553,13,41,26.7,76
2024-10-26T17:26:45+07:00,51554,13,39,26.7,76
2024-10-26T17:27:07+07:00,51555,11,42,26.6,77
2024-10-26T17:27:29+07:00,51556,14,40,26.6,77
2024-10-26T17:27:51+07:00,51557,13,39,26.3,77
2024-10-26T17:28:13+07:00,51558,13,41,26.3,77
2024-10-26T17:28:36+07:00,51559,13,40,26.3,77
2024-10-26T17:28:58+07:00,51560,12,42,26.3,77
2024-10-26T17:29:20+07:00,51561,12,41,26.3,77
2024-10-26T17:29:42+07:00,51562,12,39,26.2,77
2024-10-26T17:30:04+07:00,51563,13,39,26.3,77
2024-10-26T17:30:26+07:00,51564,13,42,26.3,77
2024-10-26T17:30:48+07:00,51565,14,40,26.3,77
2024-10-26T17:31:10+07:00,51566,13,39,26.3,77
2024-10-26T17:31:32+07:00,51567,12,42,26.2,77
2024-10-26T17:31:55+07:00,51568,14,40,26.3,77
2024-10-26T17:32:17+07:00,51569,12,40,26.3,77
2024-10-26T17:32:39+07:00,51570,13,41,26.2,77
2024-10-26T17:33:01+07:00,51571,13,41,26.3,77
2024-10-26T17:33:23+07:00,51572,12,41,26.2,77
2024-10-26T17:33:45+07:00,51573,13,41,26.2,77
2024-10-26T17:34:08+07:00,51574,12,42,26.2,77
2024-10-26T17:34:30+07:00,51575,12,40,26.2,77
2024-10-26T17:34:52+07:00,51576,13,40,26.3,77
2024-10-26T17:35:14+07:00,51577,11,42,26.2,77
2024-10-26T17:35:36+07:00,51578,12,40,26.2,77
2024-10-26T17:35:58+07:00,51579,12,40,26.3,77
2024-10-26T17:36:20+07:00,51580,11,41,26.3,77
2024-10-26T17:36:42+07:00,51581,12,41,26.3,77
2024-10-26T17:37:04+07:00,51582,13,41,26.3,77
2024-10-26T17:37:26+07:00,51583,13,43,26.3,77
2024-10-26T17:37:48+07:00,51584,12,40,26.2,77
2024-10-26T17:38:10+07:00,51585,14,41,26.2,77
2024-10-26T17:38:32+07:00,51586,13,41,26.2,77
2024-10-26T17:38:55+07:00,51587,12,41,26.2,77
2024-10-26T17:39:17+07:00,51588,12,40,26.2,77
2024-10-26T17:39:39+07:00,51589,14,41,26.2,77
2024-10-26T17:40:01+07:00,51590,13,41,26.2,77
2024-10-26T17:40:24+07:00,51591,11,40,26.2,77
2024-10-26T17:40:46+07:00,51592,12,41,26.2,77
2024-10-26T17:41:08+07:00,51593,13,41,26.2,77
2024-10-26T17:41:30+07:00,51594,13,42,26.2,77
2024-10-26T17:41:52+07:00,51595,12,39,26,77
2024-10-26T17:42:15+07:00,51596,13,41,25.8,77
2024-10-26T17:42:37+07:00,51597,12,40,25.8,77
2024-10-26T17:42:59+07:00,51598,12,39,25.8,77
2024-10-26T17:43:21+07:00,51599,13,41,25.8,77
2024-10-26T17:43:43+07:00,51600,12,40,25.8,77
2024-10-26T17:44:05+07:00,51601,13,39,25.8,77
2024-10-26T17:44:27+07:00,51602,12,40,25.8,77
2024-10-26T17:44:49+07:00,51603,12,41,25.8,77
2024-10-26T17:45:11+07:00,51604,12,39,25.8,77
2024-10-26T17:45:33+07:00,51605,12,40,25.8,77
2024-10-26T17:45:56+07:00,51606,12,39,25.8,78
2024-10-26T17:46:18+07:00,51607,12,40,25.8,78
2024-10-26T17:46:40+07:00,51608,13,39,25.8,78
2024-10-26T17:47:03+07:00,51609,14,40,25.8,78
2024-10-26T17:47:24+07:00,51610,13,40,25.8,78
2024-10-26T17:47:46+07:00,51611,12,41,25.8,78
2024-10-26T17:48:09+07:00,51612,13,40,25.8,79
2024-10-26T17:48:31+07:00,51613,13,41,25.8,79
2024-10-26T17:48:53+07:00,51614,13,39,25.8,79
2024-10-26T17:49:15+07:00,51615,13,42,25.8,78
2024-10-26T17:49:37+07:00,51616,13,41,25.8,78
2024-10-26T17:49:59+07:00,51617,13,40,25.8,79
2024-10-26T17:50:22+07:00,51618,13,40,25.8,79
2024-10-26T17:50:44+07:00,51619,13,39,25.8,78
2024-10-26T17:51:07+07:00,51620,12,39,25.8,78
2024-10-26T17:51:29+07:00,51621,12,41,25.8,78
2024-10-26T17:51:51+07:00,51622,12,41,25.8,78
2024-10-26T17:52:14+07:00,51623,13,42,25.8,78
2024-10-26T17:52:36+07:00,51624,12,42,25.8,79
2024-10-26T17:52:58+07:00,51625,13,40,25.8,79
2024-10-26T17:53:20+07:00,51626,13,41,25.8,78
2024-10-26T17:53:42+07:00,51627,12,40,25.8,79
2024-10-26T17:54:04+07:00,51628,13,39,25.8,80
2024-10-26T17:54:26+07:00,51629,11,41,25.8,79
2024-10-26T17:54:49+07:00,51630,13,41,25.8,79
2024-10-26T17:55:11+07:00,51631,13,39,25.8,79
2024-10-26T17:55:33+07:00,51632,13,40,25.8,79
2024-10-26T17:55:55+07:00,51633,13,39,25.8,79
2024-10-26T17:56:17+07:00,51634,12,40,25.8,79
2024-10-26T17:56:40+07:00,51635,14,41,25.8,79
2024-10-26T17:57:02+07:00,51636,14,40,25.8,79
2024-10-26T17:57:24+07:00,51637,13,40,25.8,79
2024-10-26T17:57:47+07:00,51638,12,41,25.4,79
2024-10-26T17:58:09+07:00,51639,13,41,25.3,79
2024-10-26T17:58:31+07:00,51640,13,40,25.3,78
2024-10-26T17:58:54+07:00,51641,14,41,25.3,78
2024-10-26T17:59:16+07:00,51642,12,40,25.3,78
2024-10-26T17:59:38+07:00,51643,13,41,25.3,79
2024-10-26T18:00:01+07:00,51644,13,40,25.3,80
2024-10-26T18:00:23+07:00,51645,13,40,25.3,80
2024-10-26T18:00:45+07:00,51646,13,40,25.3,80
2024-10-26T18:01:08+07:00,51647,12,40,25.3,79
2024-10-26T18:01:30+07:00,51648,14,40,25.3,78
2024-10-26T18:01:53+07:00,51649,14,41,25.3,77
2024-10-26T18:02:15+07:00,51650,13,41,25.3,77
2024-10-26T18:02:37+07:00,51651,13,40,25.3,77
2024-10-26T18:03:00+07:00,51652,14,41,25.3,78
2024-10-26T18:03:23+07:00,51653,12,39,25.3,77
2024-10-26T18:03:45+07:00,51654,12,38,25.3,78
2024-10-26T18:04:08+07:00,51655,12,41,25.3,79
2024-10-26T18:04:30+07:00,51656,13,40,25.3,79
2024-10-26T18:04:52+07:00,51657,12,40,25.3,80
2024-10-26T18:05:15+07:00,51658,13,42,25.3,80
2024-10-26T18:05:37+07:00,51659,12,39,25.3,80
2024-10-26T18:05:59+07:00,51660,13,41,25.3,80
2024-10-26T18:06:21+07:00,51661,11,40,25.3,80
2024-10-26T18:06:43+07:00,51662,13,40,25.3,81
2024-10-26T18:07:06+07:00,51663,14,41,25.3,81
2024-10-26T18:07:28+07:00,51664,13,39,25.3,81
2024-10-26T18:07:51+07:00,51665,12,39,25.3,81
2024-10-26T18:08:13+07:00,51666,12,39,25.3,81
2024-10-26T18:08:36+07:00,51667,13,40,25.3,81
2024-10-26T18:08:58+07:00,51668,13,41,25.3,81
2024-10-26T18:09:21+07:00,51669,12,39,25.3,81
2024-10-26T18:09:44+07:00,51670,13,40,25.4,81
2024-10-26T18:10:06+07:00,51671,13,39,25.3,81
2024-10-26T18:10:28+07:00,51672,13,40,25.4,80
2024-10-26T18:10:51+07:00,51673,12,39,25.5,80
2024-10-26T18:11:13+07:00,51674,12,40,25.7,80
2024-10-26T18:11:35+07:00,51675,12,41,25.8,81
2024-10-26T18:11:58+07:00,51676,13,41,25.8,81
2024-10-26T18:12:21+07:00,51677,13,39,25.8,81
2024-10-26T18:12:43+07:00,51678,14,40,25.8,81
2024-10-26T18:13:05+07:00,51679,12,39,25.8,81
2024-10-26T18:13:28+07:00,51680,12,40,25.8,81
2024-10-26T18:13:50+07:00,51681,13,40,25.8,81
2024-10-26T18:14:13+07:00,51682,14,40,25.8,81
2024-10-26T18:14:35+07:00,51683,13,39,25.8,81
2024-10-26T18:14:57+07:00,51684,12,41,25.8,81
2024-10-26T18:15:20+07:00,51685,14,41,25.8,81
2024-10-26T18:15:43+07:00,51686,13,41,25.8,81
2024-10-26T18:16:05+07:00,51687,12,40,25.8,81
2024-10-26T18:16:27+07:00,51688,12,40,25.8,81
2024-10-26T18:16:50+07:00,51689,12,40,25.8,81
2024-10-26T18:17:12+07:00,51690,13,39,25.8,81
2024-10-26T18:17:35+07:00,51691,14,41,25.8,80
2024-10-26T18:17:58+07:00,51692,14,40,25.8,79
2024-10-26T18:18:20+07:00,51693,13,40,25.3,79
2024-10-26T18:18:42+07:00,51694,12,39,25.3,79
2024-10-26T18:19:05+07:00,51695,12,39,25.3,78
2024-10-26T18:19:27+07:00,51696,12,40,25.3,77
2024-10-26T18:19:50+07:00,51697,14,42,25.3,78
2024-10-26T18:20:12+07:00,51698,13,40,25.3,78
2024-10-26T18:20:35+07:00,51699,14,40,25.3,78
2024-10-26T18:20:57+07:00,51700,12,39,25.3,79
2024-10-26T18:21:19+07:00,51701,13,41,25.3,79
2024-10-26T18:21:42+07:00,51702,12,39,25.3,79
2024-10-26T18:22:05+07:00,51703,13,40,25.3,80
2024-10-26T18:22:27+07:00,51704,13,40,25.3,81
2024-10-26T18:22:50+07:00,51705,13,38,25.3,81
2024-10-26T18:23:13+07:00,51706,13,40,25.3,81
2024-10-26T18:23:35+07:00,51707,12,40,25.3,81
2024-10-26T18:23:57+07:00,51708,12,39,25.3,80
2024-10-26T18:24:20+07:00,51709,12,41,25.3,80
2024-10-26T18:24:43+07:00,51710,12,39,25.3,80
2024-10-26T18:25:05+07:00,51711,12,41,25.3,81
2024-10-26T18:25:28+07:00,51712,12,41,25.3,81
2024-10-26T18:25:50+07:00,51713,12,41,25.3,81
2024-10-26T18:26:12+07:00,51714,13,39,25.3,81
2024-10-26T18:26:35+07:00,51715,13,40,25.3,80
2024-10-26T18:26:57+07:00,51716,12,41,25.3,80
2024-10-26T18:27:20+07:00,51717,13,39,25.3,81
2024-10-26T18:27:42+07:00,51718,12,39,25.3,81
2024-10-26T18:28:05+07:00,51719,12,39,25.3,81
2024-10-26T18:28:27+07:00,51720,13,40,25.3,81
2024-10-26T18:28:50+07:00,51721,13,41,25.3,81
2024-10-26T18:29:12+07:00,51722,12,40,25.3,81
2024-10-26T18:29:35+07:00,51723,13,39,25.3,81
2024-10-26T18:29:57+07:00,51724,13,40,25.3,81
2024-10-26T18:30:20+07:00,51725,13,41,25.3,81
2024-10-26T18:30:42+07:00,51726,13,39,25.3,81
2024-10-26T18:31:04+07:00,51727,13,41,25.3,81
2024-10-26T18:31:27+07:00,51728,13,41,25.3,81
2024-10-26T18:31:49+07:00,51729,13,40,25.3,81
2024-10-26T18:32:12+07:00,51730,13,38,25.3,81
2024-10-26T18:32:34+07:00,51731,13,40,25.3,81
2024-10-26T18:32:57+07:00,51732,12,40,25.3,81
2024-10-26T18:33:19+07:00,51733,12,40,25.3,81
2024-10-26T18:33:41+07:00,51734,12,39,25.3,81
2024-10-26T18:34:04+07:00,51735,12,40,25.3,81
2024-10-26T18:34:27+07:00,51736,12,39,25.3,81
2024-10-26T18:34:49+07:00,51737,13,40,25.3,81
2024-10-26T18:35:12+07:00,51738,11,40,25.3,81
2024-10-26T18:35:34+07:00,51739,11,38,25.3,81
2024-10-26T18:35:56+07:00,51740,13,39,25.3,81
2024-10-26T18:36:19+07:00,51741,13,38,25.3,81
2024-10-26T18:36:41+07:00,51742,13,41,25.3,81
2024-10-26T18:37:04+07:00,51743,12,40,25.3,79
2024-10-26T18:37:26+07:00,51744,12,40,25.3,78
2024-10-26T18:37:48+07:00,51745,13,40,25.3,79
2024-10-26T18:38:11+07:00,51746,13,40,25.3,79
2024-10-26T18:38:34+07:00,51747,12,39,25.3,80
2024-10-26T18:38:56+07:00,51748,13,42,25.3,80
2024-10-26T18:39:18+07:00,51749,14,41,25.3,81
2024-10-26T18:39:40+07:00,51750,13,40,25.3,81
2024-10-26T18:40:03+07:00,51751,13,41,25.3,81
2024-10-26T18:40:26+07:00,51752,13,40,25.3,81
2024-10-26T18:40:48+07:00,51753,13,40,25.3,81
2024-10-26T18:41:11+07:00,51754,13,40,25.3,81
2024-10-26T18:41:33+07:00,51755,12,39,25.3,81
2024-10-26T18:41:56+07:00,51756,13,40,25.3,81
2024-10-26T18:42:18+07:00,51757,13,38,25.3,81
2024-10-26T18:42:41+07:00,51758,13,41,25.3,81
2024-10-26T18:43:04+07:00,51759,13,39,25.3,81
2024-10-26T18:43:26+07:00,51760,13,41,25.3,81
2024-10-26T18:43:49+07:00,51761,13,40,25.3,81
2024-10-26T18:44:11+07:00,51762,13,40,25.3,81
2024-10-26T18:44:34+07:00,51763,13,40,25.3,81
2024-10-26T18:44:56+07:00,51764,13,38,25.3,81
2024-10-26T18:45:19+07:00,51765,11,38,25.3,81
2024-10-26T18:45:41+07:00,51766,12,40,25.3,82
2024-10-26T18:46:03+07:00,51767,12,39,25.3,82
2024-10-26T18:46:26+07:00,51768,12,40,25.3,82
2024-10-26T18:46:48+07:00,51769,12,41,25.3,83
2024-10-26T18:47:10+07:00,51770,13,40,25.3,84
2024-10-26T18:47:32+07:00,51771,13,39,25.3,84
2024-10-26T18:47:55+07:00,51772,14,40,25.3,83
2024-10-26T18:48:17+07:00,51773,13,40,25.3,83
2024-10-26T18:48:40+07:00,51774,13,39,25.3,83
2024-10-26T18:49:02+07:00,51775,13,40,25.3,83
2024-10-26T18:49:24+07:00,51776,13,41,25.3,83
2024-10-26T18:49:47+07:00,51777,13,38,25.3,83
2024-10-26T18:50:09+07:00,51778,12,41,25.3,83
2024-10-26T18:50:32+07:00,51779,14,37,25.3,84
2024-10-26T18:50:55+07:00,51780,12,39,25.3,85
2024-10-26T18:51:18+07:00,51781,13,41,25.3,85
2024-10-26T18:51:40+07:00,51782,13,41,25.3,84
2024-10-26T18:52:03+07:00,51783,13,40,25.3,84
2024-10-26T18:52:26+07:00,51784,13,39,25.3,84
2024-10-26T18:52:48+07:00,51785,13,40,25.3,82
2024-10-26T18:53:10+07:00,51786,13,40,25.3,81
2024-10-26T18:53:33+07:00,51787,12,40,25.3,81
2024-10-26T18:53:55+07:00,51788,14,41,25.3,81
2024-10-26T18:54:18+07:00,51789,13,40,25.3,81
2024-10-26T18:54:41+07:00,51790,12,39,25.3,81
2024-10-26T18:55:03+07:00,51791,12,38,25.3,81
2024-10-26T18:55:25+07:00,51792,12,39,25.3,81
2024-10-26T18:55:48+07:00,51793,14,41,25.3,81
2024-10-26T18:56:11+07:00,51794,13,41,25.3,81
2024-10-26T18:56:33+07:00,51795,13,40,25.3,81
2024-10-26T18:56:56+07:00,51796,12,39,25.3,81
2024-10-26T18:57:18+07:00,51797,12,38,25.3,81
2024-10-26T18:57:41+07:00,51798,13,41,25.3,81
2024-10-26T18:58:04+07:00,51799,11,37,25.3,81
2024-10-26T18:58:26+07:00,51800,12,39,25.3,81
2024-10-26T18:58:49+07:00,51801,12,42,25.6,81
2024-10-26T18:59:11+07:00,51802,14,40,25.7,81
2024-10-26T18:59:33+07:00,51803,11,39,25.7,81
2024-10-26T18:59:56+07:00,51804,12,39,25.8,81
2024-10-26T19:00:19+07:00,51805,12,40,25.8,81
2024-10-26T19:00:41+07:00,51806,12,41,25.8,82
2024-10-26T19:01:04+07:00,51807,13,39,25.8,82
2024-10-26T19:01:27+07:00,51808,11,40,25.8,83
2024-10-26T19:01:49+07:00,51809,12,39,25.8,83
2024-10-26T19:02:12+07:00,51810,12,39,25.8,83
2024-10-26T19:02:34+07:00,51811,13,39,25.8,84
2024-10-26T19:02:57+07:00,51812,11,39,25.8,83
2024-10-26T19:03:20+07:00,51813,13,40,25.8,82
2024-10-26T19:03:42+07:00,51814,13,39,25.8,81
2024-10-26T19:04:05+07:00,51815,14,40,25.8,81
2024-10-26T19:04:28+07:00,51816,11,39,25.8,81
2024-10-26T19:04:50+07:00,51817,11,40,25.8,82
2024-10-26T19:05:12+07:00,51818,13,40,25.8,83
2024-10-26T19:05:35+07:00,51819,13,39,25.8,83
2024-10-26T19:05:57+07:00,51820,12,40,25.8,82
2024-10-26T19:06:20+07:00,51821,14,40,25.8,83
2024-10-26T19:06:42+07:00,51822,13,41,25.8,82
2024-10-26T19:07:05+07:00,51823,13,40,25.8,81
2024-10-26T19:07:27+07:00,51824,12,40,25.8,81
2024-10-26T19:07:50+07:00,51825,12,39,25.8,81
2024-10-26T19:08:12+07:00,51826,12,39,25.8,81
2024-10-26T19:08:35+07:00,51827,12,40,25.8,81
2024-10-26T19:08:58+07:00,51828,12,40,25.8,82
2024-10-26T19:09:20+07:00,51829,12,41,25.8,82
2024-10-26T19:09:43+07:00,51830,13,40,25.8,83
2024-10-26T19:10:05+07:00,51831,13,40,25.8,83
2024-10-26T19:10:28+07:00,51832,12,38,25.8,83
2024-10-26T19:10:51+07:00,51833,13,39,25.5,83
2024-10-26T19:11:13+07:00,51834,12,42,25.3,83
2024-10-26T19:11:36+07:00,51835,12,40,25.3,83
2024-10-26T19:11:59+07:00,51836,12,40,25.3,83
2024-10-26T19:12:21+07:00,51837,12,41,25.3,83
2024-10-26T19:12:43+07:00,51838,11,39,25.3,84
2024-10-26T19:13:06+07:00,51839,12,41,25.3,84
2024-10-26T19:13:28+07:00,51840,12,42,25.3,84
2024-10-26T19:13:51+07:00,51841,12,39,25.3,85
2024-10-26T19:14:14+07:00,51842,12,39,25.3,84
2024-10-26T19:14:36+07:00,51843,12,38,25.3,84
2024-10-26T19:14:58+07:00,51844,13,40,25.3,84
2024-10-26T19:15:21+07:00,51845,12,41,25.3,84
2024-10-26T19:15:43+07:00,51846,13,39,25.3,85
2024-10-26T19:16:06+07:00,51847,12,40,25.3,85
2024-10-26T19:16:29+07:00,51848,12,39,25.3,85
2024-10-26T19:16:52+07:00,51849,12,39,25.3,85
2024-10-26T19:17:14+07:00,51850,13,41,25.3,85
2024-10-26T19:17:37+07:00,51851,12,39,25.5,85
2024-10-26T19:17:59+07:00,51852,12,39,25.4,85
2024-10-26T19:18:22+07:00,51853,12,39,25.3,86
2024-10-26T19:18:44+07:00,51854,12,39,25.3,85
2024-10-26T19:19:07+07:00,51855,12,40,25.3,86
2024-10-26T19:19:29+07:00,51856,13,41,25.3,86
2024-10-26T19:19:52+07:00,51857,11,39,25.3,86
2024-10-26T19:20:14+07:00,51858,13,40,25.3,86
2024-10-26T19:20:36+07:00,51859,14,39,25.3,86
2024-10-26T19:20:59+07:00,51860,12,38,25.3,86
2024-10-26T19:21:21+07:00,51861,12,40,25.3,86
2024-10-26T19:21:44+07:00,51862,12,40,25.3,86
2024-10-26T19:22:07+07:00,51863,12,38,25.3,86
2024-10-26T19:22:29+07:00,51864,11,40,25.3,86
2024-10-26T19:22:52+07:00,51865,12,39,25.3,86
2024-10-26T19:23:14+07:00,51866,13,38,25.3,86
2024-10-26T19:23:36+07:00,51867,12,40,25.3,86
2024-10-26T19:23:59+07:00,51868,13,40,25.3,86
2024-10-26T19:24:21+07:00,51869,13,40,25.3,87
2024-10-26T19:24:44+07:00,51870,12,40,25.3,87
2024-10-26T19:25:07+07:00,51871,13,40,25.3,86
2024-10-26T19:25:30+07:00,51872,12,40,25.3,87
2024-10-26T19:25:52+07:00,51873,14,39,25.3,86
2024-10-26T19:26:14+07:00,51874,13,40,25.3,86
2024-10-26T19:26:37+07:00,51875,13,39,25.3,86
2024-10-26T19:26:59+07:00,51876,13,41,25.3,86
2024-10-26T19:27:21+07:00,51877,13,40,25.4,86
2024-10-26T19:27:44+07:00,51878,12,39,25.5,87
2024-10-26T19:28:07+07:00,51879,12,39,25.4,87
2024-10-26T19:28:30+07:00,51880,13,39,25.3,87
2024-10-26T19:28:52+07:00,51881,12,40,25.3,87
2024-10-26T19:29:15+07:00,51882,12,39,25.3,87
2024-10-26T19:29:37+07:00,51883,13,40,25.3,86
2024-10-26T19:30:00+07:00,51884,12,38,25.3,86
2024-10-26T19:30:22+07:00,51885,13,41,25.3,86
2024-10-26T19:30:45+07:00,51886,12,40,25.3,86
2024-10-26T19:31:07+07:00,51887,13,41,25.3,86
2024-10-26T19:31:30+07:00,51888,12,40,25.3,86
2024-10-26T19:31:52+07:00,51889,14,39,25.3,86
2024-10-26T19:32:15+07:00,51890,13,39,25.3,86
2024-10-26T19:32:37+07:00,51891,12,41,25.3,86
2024-10-26T19:32:59+07:00,51892,12,39,25.3,87
2024-10-26T19:33:22+07:00,51893,12,41,25.3,87
2024-10-26T19:33:44+07:00,51894,12,39,25.3,87
2024-10-26T19:34:07+07:00,51895,12,39,25.3,87
2024-10-26T19:34:29+07:00,51896,12,39,25.3,88
2024-10-26T19:34:52+07:00,51897,13,39,25.3,88
2024-10-26T19:35:15+07:00,51898,13,39,25.3,88
2024-10-26T19:35:37+07:00,51899,12,40,25.3,87
2024-10-26T19:36:00+07:00,51900,13,40,25.3,87
2024-10-26T19:36:22+07:00,51901,13,38,25.3,87
2024-10-26T19:36:45+07:00,51902,13,39,25.3,87
2024-10-26T19:37:07+07:00,51903,12,39,25.3,87
2024-10-26T19:37:29+07:00,51904,12,39,25.3,88
2024-10-26T19:37:52+07:00,51905,12,39,25.3,88
2024-10-26T19:38:14+07:00,51906,14,39,25.3,87
2024-10-26T19:38:37+07:00,51907,12,40,25.3,87
2024-10-26T19:38:59+07:00,51908,13,40,25.3,87
2024-10-26T19:39:22+07:00,51909,13,40,25.3,87
2024-10-26T19:39:44+07:00,51910,12,39,25.3,87
2024-10-26T19:40:06+07:00,51911,12,41,25.3,87
2024-10-26T19:40:29+07:00,51912,12,39,25.3,88
2024-10-26T19:40:51+07:00,51913,10,40,25.3,87
2024-10-26T19:41:14+07:00,51914,12,40,25.3,88
2024-10-26T19:41:37+07:00,51915,12,40,25.3,88
2024-10-26T19:41:59+07:00,51916,12,39,25.3,88
2024-10-26T19:42:22+07:00,51917,12,40,25.3,88
2024-10-26T19:42:44+07:00,51918,12,39,25.3,88
2024-10-26T19:43:06+07:00,51919,13,40,25.3,89
2024-10-26T19:43:28+07:00,51920,13,39,25.3,89
2024-10-26T19:43:51+07:00,51921,12,39,25.3,89
2024-10-26T19:44:13+07:00,51922,13,39,25.3,89
2024-10-26T19:44:35+07:00,51923,13,40,25.3,89
2024-10-26T19:44:58+07:00,51924,13,38,25.3,89
2024-10-26T19:45:20+07:00,51925,12,40,25.3,89
2024-10-26T19:45:43+07:00,51926,13,39,25.4,89
2024-10-26T19:46:05+07:00,51927,12,38,25.3,89
2024-10-26T19:46:28+07:00,51928,13,39,25.3,89
2024-10-26T19:46:50+07:00,51929,13,39,25.3,89
2024-10-26T19:47:13+07:00,51930,12,38,25.3,89
2024-10-26T19:47:35+07:00,51931,12,40,25.3,89
2024-10-26T19:47:58+07:00,51932,13,39,25.3,89
2024-10-26T19:48:20+07:00,51933,13,40,25.3,89
2024-10-26T19:48:43+07:00,51934,12,38,25.3,89
2024-10-26T19:49:05+07:00,51935,13,39,25.3,89
2024-10-26T19:49:27+07:00,51936,13,40,25.3,89
2024-10-26T19:49:50+07:00,51937,12,38,25.3,89
2024-10-26T19:50:13+07:00,51938,11,40,25.3,89
2024-10-26T19:50:35+07:00,51939,13,40,25.3,89
2024-10-26T19:50:58+07:00,51940,12,39,25.5,89
2024-10-26T19:51:20+07:00,51941,14,39,25.5,89
2024-10-26T19:51:42+07:00,51942,12,38,25.7,89
2024-10-26T19:52:05+07:00,51943,12,40,25.7,89
2024-10-26T19:52:27+07:00,51944,13,40,25.6,89
2024-10-26T19:52:49+07:00,51945,12,38,25.5,89
2024-10-26T19:53:12+07:00,51946,11,39,25.5,89
2024-10-26T19:53:34+07:00,51947,12,40,25.3,89
2024-10-26T19:53:57+07:00,51948,13,39,25.3,89
2024-10-26T19:54:19+07:00,51949,13,40,25.3,89
2024-10-26T19:54:42+07:00,51950,12,39,25.5,89
2024-10-26T19:55:04+07:00,51951,14,40,25.7,89
2024-10-26T19:55:27+07:00,51952,12,39,25.7,89
2024-10-26T19:55:49+07:00,51953,12,39,25.4,89
2024-10-26T19:56:12+07:00,51954,12,39,25.7,89
2024-10-26T19:56:34+07:00,51955,13,40,25.7,89
2024-10-26T19:56:57+07:00,51956,13,39,25.7,89
2024-10-26T19:57:19+07:00,51957,13,41,25.7,89
2024-10-26T19:57:41+07:00,51958,14,39,25.7,89
2024-10-26T19:58:04+07:00,51959,12,38,25.7,89
2024-10-26T19:58:26+07:00,51960,13,38,25.8,89
2024-10-26T19:58:49+07:00,51961,12,38,25.8,90
2024-10-26T19:59:11+07:00,51962,12,41,25.8,90
2024-10-26T19:59:34+07:00,51963,12,38,25.8,90
2024-10-26T19:59:57+07:00,51964,12,39,25.8,90
2024-10-26T20:00:19+07:00,51965,11,38,25.8,90
2024-10-26T20:00:42+07:00,51966,11,38,25.8,90
2024-10-26T20:01:04+07:00,51967,13,39,25.8,90
2024-10-26T20:01:26+07:00,51968,12,39,25.7,90
2024-10-26T20:01:48+07:00,51969,14,39,25.8,90
2024-10-26T20:02:11+07:00,51970,13,38,25.7,90
2024-10-26T20:02:33+07:00,51971,13,40,25.7,89
2024-10-26T20:02:55+07:00,51972,13,40,25.7,89
2024-10-26T20:03:18+07:00,51973,12,39,25.7,89
2024-10-26T20:03:40+07:00,51974,12,40,25.7,89
2024-10-26T20:04:02+07:00,51975,11,40,25.5,89
2024-10-26T20:04:25+07:00,51976,12,40,25.3,89
2024-10-26T20:04:47+07:00,51977,13,39,25.3,89
2024-10-26T20:05:09+07:00,51978,13,38,25.4,89
2024-10-26T20:05:32+07:00,51979,12,39,25.4,89
2024-10-26T20:05:54+07:00,51980,13,37,25.4,89
2024-10-26T20:06:17+07:00,51981,12,39,25.5,89
2024-10-26T20:06:39+07:00,51982,13,39,25.4,89
2024-10-26T20:07:02+07:00,51983,12,40,25.5,89
2024-10-26T20:07:25+07:00,51984,12,39,25.4,89
2024-10-26T20:07:47+07:00,51985,13,39,25.3,89
2024-10-26T20:08:09+07:00,51986,12,40,25.4,89
2024-10-26T20:08:31+07:00,51987,12,40,25.6,89
2024-10-26T20:08:54+07:00,51988,12,39,25.8,89
2024-10-26T20:09:16+07:00,51989,12,39,25.7,90
2024-10-26T20:09:39+07:00,51990,13,39,25.7,90
2024-10-26T20:10:01+07:00,51991,13,41,25.8,90
2024-10-26T20:10:24+07:00,51992,13,39,25.7,90
2024-10-26T20:10:46+07:00,51993,12,39,25.7,90
2024-10-26T20:11:08+07:00,51994,12,39,25.7,89
2024-10-26T20:11:31+07:00,51995,12,40,25.7,89
2024-10-26T20:11:54+07:00,51996,12,39,25.4,89
2024-10-26T20:12:16+07:00,51997,13,40,25.3,89
2024-10-26T20:12:39+07:00,51998,13,39,25.3,89
2024-10-26T20:13:01+07:00,51999,13,39,25.3,89
2024-10-26T20:13:24+07:00,52000,12,39,25.5,89
2024-10-26T20:13:46+07:00,52001,12,38,25.7,89
2024-10-26T20:14:09+07:00,52002,12,38,25.7,89
2024-10-26T20:14:31+07:00,52003,11,39,25.4,89
2024-10-26T20:14:53+07:00,52004,12,39,25.3,89
2024-10-26T20:15:15+07:00,52005,12,39,25.3,89
2024-10-26T20:15:38+07:00,52006,12,39,25.3,89
2024-10-26T20:16:00+07:00,52007,12,38,25.4,89
2024-10-26T20:16:23+07:00,52008,13,41,25.6,89
2024-10-26T20:16:45+07:00,52009,12,39,25.8,90
2024-10-26T20:17:07+07:00,52010,12,39,25.8,90
2024-10-26T20:17:29+07:00,52011,13,39,25.7,90
2024-10-26T20:17:52+07:00,52012,12,39,25.7,90
2024-10-26T20:18:15+07:00,52013,13,39,25.7,90
2024-10-26T20:18:37+07:00,52014,11,39,25.7,90
2024-10-26T20:19:00+07:00,52015,12,39,25.8,90
2024-10-26T20:19:22+07:00,52016,11,40,25.8,90
2024-10-26T20:19:45+07:00,52017,11,37,25.7,90
2024-10-26T20:20:07+07:00,52018,13,39,25.8,90
2024-10-26T20:20:30+07:00,52019,12,39,25.7,90
2024-10-26T20:20:52+07:00,52020,12,39,25.7,90
2024-10-26T20:21:15+07:00,52021,13,38,25.4,90
2024-10-26T20:21:37+07:00,52022,13,39,25.3,89
2024-10-26T20:21:59+07:00,52023,12,39,25.3,89
2024-10-26T20:22:21+07:00,52024,13,38,25.3,89
2024-10-26T20:22:44+07:00,52025,11,39,25.3,88
2024-10-26T20:23:06+07:00,52026,13,38,25.5,89
2024-10-26T20:23:29+07:00,52027,12,39,25.6,89
2024-10-26T20:23:51+07:00,52028,13,39,25.3,88
2024-10-26T20:24:14+07:00,52029,12,39,25.3,88
2024-10-26T20:24:36+07:00,52030,12,40,25.3,87
2024-10-26T20:24:59+07:00,52031,12,39,25.3,86
2024-10-26T20:25:21+07:00,52032,12,39,25.3,86
2024-10-26T20:25:43+07:00,52033,12,40,25.3,86
2024-10-26T20:26:06+07:00,52034,12,40,25.3,86
2024-10-26T20:26:28+07:00,52035,12,39,25.3,87
2024-10-26T20:26:50+07:00,52036,12,40,25.3,87
2024-10-26T20:27:13+07:00,52037,12,38,25.3,87
2024-10-26T20:27:35+07:00,52038,12,39,25.3,87
2024-10-26T20:27:58+07:00,52039,12,40,25.3,87
2024-10-26T20:28:20+07:00,52040,12,39,25.3,87
2024-10-26T20:28:43+07:00,52041,12,39,25.3,88
2024-10-26T20:29:05+07:00,52042,13,39,25.3,88
2024-10-26T20:29:28+07:00,52043,13,39,25.3,88
2024-10-26T20:29:50+07:00,52044,13,39,25.3,88
2024-10-26T20:30:13+07:00,52045,12,39,25.3,88
2024-10-26T20:30:35+07:00,52046,12,39,25.3,88
2024-10-26T20:30:57+07:00,52047,12,38,25.3,88
2024-10-26T20:31:20+07:00,52048,13,37,25.3,88
2024-10-26T20:31:42+07:00,52049,13,39,25.3,88
2024-10-26T20:32:04+07:00,52050,12,39,25.3,88
2024-10-26T20:32:27+07:00,52051,12,40,25.3,89
2024-10-26T20:32:50+07:00,52052,12,39,25.3,88
2024-10-26T20:33:12+07:00,52053,12,40,25.3,88
2024-10-26T20:33:34+07:00,52054,12,39,25.3,89
2024-10-26T20:33:56+07:00,52055,12,38,25.3,89
2024-10-26T20:34:19+07:00,52056,13,39,25.3,89
2024-10-26T20:34:41+07:00,52057,14,39,25.3,89
2024-10-26T20:35:03+07:00,52058,12,38,25.3,89
2024-10-26T20:35:26+07:00,52059,12,41,25.3,89
2024-10-26T20:35:48+07:00,52060,12,39,25.3,89
2024-10-26T20:36:11+07:00,52061,13,39,25.3,89
2024-10-26T20:36:34+07:00,52062,13,38,25.3,89
2024-10-26T20:36:56+07:00,52063,13,39,25.3,89
2024-10-26T20:37:19+07:00,52064,12,40,25.3,89
2024-10-26T20:37:41+07:00,52065,12,38,25.3,89
2024-10-26T20:38:03+07:00,52066,13,39,25.3,89
2024-10-26T20:38:26+07:00,52067,13,39,25.3,89
2024-10-26T20:38:48+07:00,52068,11,38,25.3,89
2024-10-26T20:39:11+07:00,52069,12,39,25.3,89
2024-10-26T20:39:33+07:00,52070,13,39,25.3,89
2024-10-26T20:39:56+07:00,52071,13,40,25.3,89
2024-10-26T20:40:18+07:00,52072,12,39,25.3,89
2024-10-26T20:40:41+07:00,52073,13,40,25.3,89
2024-10-26T20:41:03+07:00,52074,12,39,25.3,89
2024-10-26T20:41:26+07:00,52075,13,39,25.3,89
2024-10-26T20:41:49+07:00,52076,14,38,25.2,89
2024-10-26T20:42:11+07:00,52077,13,38,24.9,88
2024-10-26T20:42:34+07:00,52078,14,38,24.9,88
2024-10-26T20:42:56+07:00,52079,13,38,24.9,88
2024-10-26T20:43:18+07:00,52080,13,39,24.8,88
2024-10-26T20:43:41+07:00,52081,12,40,24.8,88
2024-10-26T20:44:04+07:00,52082,13,39,24.8,88
2024-10-26T20:44:26+07:00,52083,12,41,24.8,89
2024-10-26T20:44:49+07:00,52084,12,38,24.8,88
2024-10-26T20:45:11+07:00,52085,12,38,24.8,89
2024-10-26T20:45:33+07:00,52086,12,40,24.8,89
2024-10-26T20:45:55+07:00,52087,12,38,24.8,89
2024-10-26T20:46:17+07:00,52088,13,39,24.8,89
2024-10-26T20:46:40+07:00,52089,13,38,24.8,88
2024-10-26T20:47:02+07:00,52090,14,40,24.8,89
2024-10-26T20:47:24+07:00,52091,12,39,24.8,89
2024-10-26T20:47:46+07:00,52092,12,40,24.8,89
2024-10-26T20:48:09+07:00,52093,13,38,24.8,89
2024-10-26T20:48:32+07:00,52094,12,38,24.8,89
2024-10-26T20:48:54+07:00,52095,12,38,24.8,89
2024-10-26T20:49:17+07:00,52096,13,39,24.8,89
2024-10-26T20:49:39+07:00,52097,13,38,24.8,89
2024-10-26T20:50:02+07:00,52098,13,38,24.8,89
2024-10-26T20:50:24+07:00,52099,13,38,24.8,89
2024-10-26T20:50:47+07:00,52100,12,39,24.8,89
2024-10-26T20:51:09+07:00,52101,13,38,24.9,89
2024-10-26T20:51:32+07:00,52102,13,38,24.8,89
2024-10-26T20:51:54+07:00,52103,13,38,24.8,89
2024-10-26T20:52:16+07:00,52104,13,38,24.8,89
2024-10-26T20:52:39+07:00,52105,12,40,24.8,89
2024-10-26T20:53:01+07:00,52106,14,39,24.8,89
2024-10-26T20:53:24+07:00,52107,13,39,24.8,90
2024-10-26T20:53:46+07:00,52108,12,39,24.8,89
2024-10-26T20:54:09+07:00,52109,12,38,24.8,90
2024-10-26T20:54:31+07:00,52110,12,39,24.8,90
2024-10-26T20:54:54+07:00,52111,12,40,24.8,89
2024-10-26T20:55:16+07:00,52112,12,39,24.9,90
2024-10-26T20:55:39+07:00,52113,13,39,24.8,90
2024-10-26T20:56:01+07:00,52114,12,41,24.9,90
2024-10-26T20:56:23+07:00,52115,12,40,24.8,90
2024-10-26T20:56:45+07:00,52116,12,40,24.8,89
2024-10-26T20:57:08+07:00,52117,14,39,24.8,89
2024-10-26T20:57:30+07:00,52118,12,40,24.8,89
2024-10-26T20:57:52+07:00,52119,13,38,24.9,89
2024-10-26T20:58:15+07:00,52120,12,37,24.8,90
2024-10-26T20:58:37+07:00,52121,13,40,24.8,90
2024-10-26T20:59:00+07:00,52122,13,39,24.8,90
2024-10-26T20:59:22+07:00,52123,12,40,24.8,89
2024-10-26T20:59:45+07:00,52124,12,37,24.8,89
2024-10-26T21:00:07+07:00,52125,14,39,24.8,89
2024-10-26T21:00:30+07:00,52126,13,39,24.9,89
2024-10-26T21:00:53+07:00,52127,11,39,24.8,89
2024-10-26T21:01:15+07:00,52128,12,39,24.8,89
2024-10-26T21:01:38+07:00,52129,13,38,24.8,89
2024-10-26T21:02:01+07:00,52130,14,40,24.8,89
2024-10-26T21:02:23+07:00,52131,13,39,24.8,89
2024-10-26T21:02:46+07:00,52132,13,41,24.8,89
2024-10-26T21:03:09+07:00,52133,12,40,24.8,89
2024-10-26T21:03:31+07:00,52134,12,40,24.8,90
2024-10-26T21:03:54+07:00,52135,13,41,24.8,90
2024-10-26T21:04:16+07:00,52136,13,39,24.8,90
2024-10-26T21:04:39+07:00,52137,12,38,24.8,90
2024-10-26T21:05:01+07:00,52138,12,38,24.8,90
2024-10-26T21:05:23+07:00,52139,13,39,24.8,90
2024-10-26T21:05:47+07:00,52140,14,38,24.8,90
2024-10-26T21:06:09+07:00,52141,12,39,24.8,90
2024-10-26T21:06:32+07:00,52142,13,39,24.8,90
2024-10-26T21:06:55+07:00,52143,13,40,24.8,89
2024-10-26T21:07:17+07:00,52144,12,39,24.8,89
2024-10-26T21:07:40+07:00,52145,12,39,24.8,89
2024-10-26T21:08:02+07:00,52146,12,39,24.8,89
2024-10-26T21:08:25+07:00,52147,13,39,24.8,89
2024-10-26T21:08:48+07:00,52148,13,39,24.8,89
2024-10-26T21:09:10+07:00,52149,13,38,24.8,89
2024-10-26T21:09:32+07:00,52150,12,39,24.8,89
2024-10-26T21:09:55+07:00,52151,12,38,24.8,89
2024-10-26T21:10:18+07:00,52152,12,40,24.8,89
2024-10-26T21:10:41+07:00,52153,12,39,24.8,89
2024-10-26T21:11:04+07:00,52154,13,40,24.8,89
2024-10-26T21:11:26+07:00,52155,13,38,24.8,89
2024-10-26T21:11:49+07:00,52156,12,41,24.8,88
2024-10-26T21:12:11+07:00,52157,12,38,24.8,88
2024-10-26T21:12:34+07:00,52158,12,39,24.8,88
2024-10-26T21:12:57+07:00,52159,12,38,24.8,88
2024-10-26T21:13:19+07:00,52160,12,39,24.8,88
2024-10-26T21:13:42+07:00,52161,13,39,24.8,88
2024-10-26T21:14:04+07:00,52162,13,40,24.8,89
2024-10-26T21:14:27+07:00,52163,13,39,24.8,89
2024-10-26T21:14:49+07:00,52164,12,37,24.8,89
2024-10-26T21:15:12+07:00,52165,12,39,24.8,89
2024-10-26T21:15:34+07:00,52166,14,39,24.8,89
2024-10-26T21:15:57+07:00,52167,13,39,24.8,89
2024-10-26T21:16:20+07:00,52168,13,40,24.8,89
2024-10-26T21:16:42+07:00,52169,13,40,24.8,89
2024-10-26T21:17:05+07:00,52170,12,40,24.8,89
2024-10-26T21:17:27+07:00,52171,12,36,24.8,89
2024-10-26T21:17:50+07:00,52172,12,38,24.8,89
2024-10-26T21:18:13+07:00,52173,13,40,24.8,89
2024-10-26T21:18:35+07:00,52174,12,39,24.8,89
2024-10-26T21:18:58+07:00,52175,12,39,24.8,89
2024-10-26T21:19:20+07:00,52176,12,37,24.9,89
2024-10-26T21:19:43+07:00,52177,12,38,24.8,89
2024-10-26T21:20:05+07:00,52178,12,40,24.8,89
2024-10-26T21:20:28+07:00,52179,12,37,24.8,90
2024-10-26T21:20:51+07:00,52180,12,38,24.8,90
2024-10-26T21:21:13+07:00,52181,13,39,24.8,90
2024-10-26T21:21:35+07:00,52182,12,40,24.8,90
2024-10-26T21:21:58+07:00,52183,12,38,24.8,89
2024-10-26T21:22:20+07:00,52184,12,38,24.8,89
2024-10-26T21:22:43+07:00,52185,12,39,24.8,89
2024-10-26T21:23:06+07:00,52186,12,38,24.8,89
2024-10-26T21:23:28+07:00,52187,12,38,24.8,89
2024-10-26T21:23:51+07:00,52188,12,39,24.8,89
2024-10-26T21:24:13+07:00,52189,12,37,24.9,90
2024-10-26T21:24:36+07:00,52190,13,39,24.8,90
2024-10-26T21:24:59+07:00,52191,12,39,24.8,89
2024-10-26T21:25:21+07:00,52192,12,39,24.8,89
2024-10-26T21:25:44+07:00,52193,12,39,24.8,89
2024-10-26T21:26:06+07:00,52194,12,39,24.8,89
2024-10-26T21:26:29+07:00,52195,14,39,24.8,89
2024-10-26T21:26:52+07:00,52196,12,42,24.8,89
2024-10-26T21:27:14+07:00,52197,12,37,24.8,89
2024-10-26T21:27:36+07:00,52198,12,39,24.8,89
2024-10-26T21:27:59+07:00,52199,12,39,24.8,89
2024-10-26T21:28:21+07:00,52200,11,38,24.8,89
2024-10-26T21:28:44+07:00,52201,12,39,24.8,89
2024-10-26T21:29:06+07:00,52202,12,38,24.8,89
2024-10-26T21:29:29+07:00,52203,13,37,24.8,90
2024-10-26T21:29:51+07:00,52204,11,40,24.8,90
2024-10-26T21:30:13+07:00,52205,13,39,24.8,89
2024-10-26T21:30:36+07:00,52206,13,36,24.8,89
2024-10-26T21:30:58+07:00,52207,12,38,24.8,90
2024-10-26T21:31:21+07:00,52208,12,40,24.8,90
2024-10-26T21:31:44+07:00,52209,11,39,24.8,90
2024-10-26T21:32:06+07:00,52210,12,38,24.8,90
2024-10-26T21:32:28+07:00,52211,12,39,24.8,90
2024-10-26T21:32:51+07:00,52212,12,38,24.8,90
2024-10-26T21:33:14+07:00,52213,12,37,24.8,90
2024-10-26T21:33:36+07:00,52214,13,38,24.8,90
2024-10-26T21:33:58+07:00,52215,13,40,24.8,90
2024-10-26T21:34:21+07:00,52216,14,38,24.8,90
2024-10-26T21:34:43+07:00,52217,13,37,24.8,90
2024-10-26T21:35:06+07:00,52218,13,38,24.8,90
2024-10-26T21:35:28+07:00,52219,13,39,24.8,90
2024-10-26T21:35:51+07:00,52220,12,38,24.8,91
2024-10-26T21:36:13+07:00,52221,14,38,24.8,91
2024-10-26T21:36:35+07:00,52222,12,38,24.8,91
2024-10-26T21:36:58+07:00,52223,12,38,24.8,92
2024-10-26T21:37:21+07:00,52224,13,39,24.8,91
2024-10-26T21:37:43+07:00,52225,14,38,24.8,91
2024-10-26T21:38:06+07:00,52226,13,39,24.8,91
2024-10-26T21:38:28+07:00,52227,12,39,24.8,91
2024-10-26T21:38:50+07:00,52228,13,40,24.8,92
2024-10-26T21:39:13+07:00,52229,13,37,24.8,91
2024-10-26T21:39:35+07:00,52230,13,38,24.8,91
2024-10-26T21:39:58+07:00,52231,12,39,24.8,90
2024-10-26T21:40:21+07:00,52232,12,38,24.8,90
2024-10-26T21:40:43+07:00,52233,13,37,24.8,90
2024-10-26T21:41:07+07:00,52234,12,37,24.8,91
2024-10-26T21:41:29+07:00,52235,12,38,24.8,91
2024-10-26T21:41:52+07:00,52236,12,39,24.8,91
2024-10-26T21:42:15+07:00,52237,11,39,24.8,92
2024-10-26T21:42:37+07:00,52238,13,38,24.8,92
2024-10-26T21:43:00+07:00,52239,13,37,24.8,92
2024-10-26T21:43:24+07:00,52240,12,39,24.8,92
2024-10-26T21:43:46+07:00,52241,12,38,24.8,92
2024-10-26T21:44:09+07:00,52242,13,39,24.8,92
2024-10-26T21:44:32+07:00,52243,12,38,24.8,92
2024-10-26T21:44:54+07:00,52244,12,38,24.8,92
2024-10-26T21:45:17+07:00,52245,11,39,24.8,93
2024-10-26T21:45:39+07:00,52246,12,38,24.8,93
2024-10-26T21:46:02+07:00,52247,13,39,24.9,93
2024-10-26T21:46:24+07:00,52248,12,39,24.8,93
2024-10-26T21:46:46+07:00,52249,12,38,24.8,93
2024-10-26T21:47:09+07:00,52250,13,39,24.9,93
2024-10-26T21:47:31+07:00,52251,12,38,24.8,93
2024-10-26T21:47:53+07:00,52252,14,40,24.8,93
2024-10-26T21:48:16+07:00,52253,12,39,24.9,93
2024-10-26T21:48:38+07:00,52254,12,39,24.9,93
2024-10-26T21:49:01+07:00,52255,13,40,24.8,93
2024-10-26T21:49:24+07:00,52256,13,39,24.9,93
2024-10-26T21:49:46+07:00,52257,13,39,24.9,93
2024-10-26T21:50:09+07:00,52258,12,39,24.9,93
2024-10-26T21:50:31+07:00,52259,12,39,24.9,93
2024-10-26T21:50:54+07:00,52260,13,39,24.9,93
2024-10-26T21:51:16+07:00,52261,13,38,24.9,93
2024-10-26T21:51:39+07:00,52262,11,37,24.9,93
2024-10-26T21:52:01+07:00,52263,12,39,24.9,93
2024-10-26T21:52:23+07:00,52264,13,38,24.9,93
2024-10-26T21:52:46+07:00,52265,12,37,24.9,93
2024-10-26T21:53:08+07:00,52266,12,38,24.9,93
2024-10-26T21:53:31+07:00,52267,12,37,25,93
2024-10-26T21:53:54+07:00,52268,12,39,25.2,93
2024-10-26T21:54:16+07:00,52269,12,38,25.2,93
2024-10-26T21:54:39+07:00,52270,13,40,25.3,93
2024-10-26T21:55:01+07:00,52271,13,38,25.2,92
2024-10-26T21:55:24+07:00,52272,12,38,25.3,92
2024-10-26T21:55:47+07:00,52273,12,40,25.3,92
2024-10-26T21:56:09+07:00,52274,12,39,25.3,93
2024-10-26T21:56:32+07:00,52275,13,38,25.3,93
2024-10-26T21:56:54+07:00,52276,13,38,25.3,93
2024-10-26T21:57:17+07:00,52277,12,38,25.3,92
2024-10-26T21:57:43+07:00,52278,13,38,25.2,92
2024-10-26T21:58:09+07:00,52279,12,39,25.3,92
2024-10-26T21:58:35+07:00,52280,12,38,25.3,92
2024-10-26T21:58:57+07:00,52281,12,39,25.3,92
2024-10-26T21:59:20+07:00,52282,12,39,25.3,92
2024-10-26T21:59:42+07:00,52283,13,39,25.3,92
2024-10-26T22:00:05+07:00,52284,12,39,25.2,92
2024-10-26T22:00:27+07:00,52285,12,38,25.2,92
2024-10-26T22:00:49+07:00,52286,12,38,25.2,92
2024-10-26T22:01:12+07:00,52287,12,38,25.2,92
2024-10-26T22:01:34+07:00,52288,12,39,24.9,92
2024-10-26T22:01:57+07:00,52289,13,40,24.9,92
2024-10-26T22:02:19+07:00,52290,13,38,24.9,92
2024-10-26T22:02:41+07:00,52291,12,38,24.9,90
2024-10-26T22:03:03+07:00,52292,12,39,24.8,89
2024-10-26T22:03:26+07:00,52293,12,37,24.8,89
2024-10-26T22:03:48+07:00,52294,12,39,24.8,89
2024-10-26T22:04:11+07:00,52295,12,39,24.8,89
2024-10-26T22:04:33+07:00,52296,13,39,24.8,89
2024-10-26T22:04:56+07:00,52297,12,38,24.8,89
2024-10-26T22:05:18+07:00,52298,13,38,24.8,89
2024-10-26T22:05:40+07:00,52299,13,40,24.8,89
2024-10-26T22:06:03+07:00,52300,12,39,24.8,89
2024-10-26T22:06:25+07:00,52301,13,38,24.8,89
2024-10-26T22:06:47+07:00,52302,12,38,24.8,89
2024-10-26T22:07:09+07:00,52303,12,37,24.8,89
2024-10-26T22:07:32+07:00,52304,12,38,24.8,89
2024-10-26T22:07:54+07:00,52305,13,40,24.8,89
2024-10-26T22:08:17+07:00,52306,12,38,24.8,89
2024-10-26T22:08:39+07:00,52307,13,38,24.8,89
2024-10-26T22:09:02+07:00,52308,12,38,24.8,89
2024-10-26T22:09:24+07:00,52309,13,39,24.8,89
2024-10-26T22:09:46+07:00,52310,13,38,24.8,89
2024-10-26T22:10:09+07:00,52311,12,37,24.8,89
2024-10-26T22:10:31+07:00,52312,12,38,24.8,89
2024-10-26T22:10:53+07:00,52313,13,38,24.8,89
2024-10-26T22:11:15+07:00,52314,13,38,24.8,89
2024-10-26T22:11:38+07:00,52315,13,40,24.8,89
2024-10-26T22:12:00+07:00,52316,12,38,24.8,89
2024-10-26T22:12:22+07:00,52317,12,39,24.8,89
2024-10-26T22:12:45+07:00,52318,12,38,24.8,89
2024-10-26T22:13:07+07:00,52319,12,37,24.8,89
2024-10-26T22:13:29+07:00,52320,13,38,24.8,89
2024-10-26T22:13:52+07:00,52321,13,38,24.8,89
2024-10-26T22:14:14+07:00,52322,12,38,24.8,88
2024-10-26T22:14:36+07:00,52323,12,38,24.8,89
2024-10-26T22:14:59+07:00,52324,12,38,24.8,89
2024-10-26T22:15:21+07:00,52325,13,38,24.8,89
2024-10-26T22:15:44+07:00,52326,12,38,24.8,89
2024-10-26T22:16:06+07:00,52327,13,39,24.8,89
2024-10-26T22:16:28+07:00,52328,12,37,24.8,89
2024-10-26T22:16:50+07:00,52329,11,37,24.8,89
2024-10-26T22:17:12+07:00,52330,12,38,24.8,89
2024-10-26T22:17:35+07:00,52331,13,37,24.8,90
2024-10-26T22:17:57+07:00,52332,12,37,24.8,90
2024-10-26T22:18:20+07:00,52333,13,37,24.8,89
2024-10-26T22:18:42+07:00,52334,13,39,24.8,89
2024-10-26T22:19:04+07:00,52335,14,39,24.8,89
2024-10-26T22:19:27+07:00,52336,13,36,24.8,89
2024-10-26T22:19:49+07:00,52337,13,39,24.6,89
2024-10-26T22:20:11+07:00,52338,13,38,24.8,89
2024-10-26T22:20:34+07:00,52339,13,37,24.8,89
2024-10-26T22:20:56+07:00,52340,12,37,24.8,89
2024-10-26T22:21:18+07:00,52341,12,38,24.6,89
2024-10-26T22:21:40+07:00,52342,12,38,24.5,88
2024-10-26T22:22:03+07:00,52343,13,38,24.5,89
2024-10-26T22:22:25+07:00,52344,13,38,24.5,89
2024-10-26T22:22:47+07:00,52345,12,37,24.5,89
2024-10-26T22:23:09+07:00,52346,14,39,24.5,88
2024-10-26T22:23:32+07:00,52347,12,39,24.5,89
2024-10-26T22:23:54+07:00,52348,13,38,24.5,89
2024-10-26T22:24:16+07:00,52349,13,38,24.5,89
2024-10-26T22:24:38+07:00,52350,13,38,24.5,89
2024-10-26T22:25:00+07:00,52351,13,39,24.5,89
2024-10-26T22:25:23+07:00,52352,12,39,24.5,89
2024-10-26T22:25:45+07:00,52353,12,38,24.5,89
2024-10-26T22:26:08+07:00,52354,13,38,24.5,89
2024-10-26T22:26:31+07:00,52355,13,37,24.5,89
2024-10-26T22:26:52+07:00,52356,12,38,24.5,89
2024-10-26T22:27:15+07:00,52357,12,40,24.5,89
2024-10-26T22:27:37+07:00,52358,12,38,24.5,89
2024-10-26T22:27:59+07:00,52359,12,39,24.5,89
2024-10-26T22:28:21+07:00,52360,12,39,24.5,89
2024-10-26T22:28:43+07:00,52361,12,38,24.5,89
2024-10-26T22:29:05+07:00,52362,12,38,24.5,89
2024-10-26T22:29:28+07:00,52363,12,38,24.5,90
2024-10-26T22:29:50+07:00,52364,12,38,24.5,89
2024-10-26T22:30:12+07:00,52365,12,39,24.5,90
2024-10-26T22:30:34+07:00,52366,12,38,24.5,90
2024-10-26T22:30:56+07:00,52367,12,39,24.5,90
2024-10-26T22:31:18+07:00,52368,12,38,24.6,90
2024-10-26T22:31:40+07:00,52369,13,38,24.5,90
2024-10-26T22:32:03+07:00,52370,13,40,24.7,90
2024-10-26T22:32:25+07:00,52371,12,39,24.5,90
2024-10-26T22:32:47+07:00,52372,12,39,24.5,89
2024-10-26T22:33:09+07:00,52373,12,38,24.5,89
2024-10-26T22:33:32+07:00,52374,14,39,24.5,89
2024-10-26T22:33:54+07:00,52375,13,38,24.5,89
2024-10-26T22:34:16+07:00,52376,13,38,24.5,89
2024-10-26T22:34:38+07:00,52377,12,39,24.5,89
2024-10-26T22:35:00+07:00,52378,13,39,24.5,90
2024-10-26T22:35:22+07:00,52379,12,39,24.5,90
2024-10-26T22:35:44+07:00,52380,13,40,24.5,89
2024-10-26T22:36:07+07:00,52381,12,37,24.5,89
2024-10-26T22:36:29+07:00,52382,12,39,24.5,89
2024-10-26T22:36:51+07:00,52383,12,38,24.5,89
2024-10-26T22:37:13+07:00,52384,14,39,24.5,89
2024-10-26T22:37:35+07:00,52385,12,37,24.5,90
2024-10-26T22:37:57+07:00,52386,12,39,24.5,90
2024-10-26T22:38:19+07:00,52387,12,39,24.5,90
2024-10-26T22:38:42+07:00,52388,12,38,24.5,90
2024-10-26T22:39:03+07:00,52389,13,37,24.5,90
2024-10-26T22:39:25+07:00,52390,13,39,24.5,89
2024-10-26T22:39:48+07:00,52391,12,38,24.5,89
2024-10-26T22:40:10+07:00,52392,12,39,24.5,90
2024-10-26T22:40:32+07:00,52393,14,40,24.5,89
2024-10-26T22:40:54+07:00,52394,14,37,24.5,89
2024-10-26T22:41:16+07:00,52395,13,39,24.5,89
2024-10-26T22:41:38+07:00,52396,13,36,24.5,89
2024-10-26T22:42:00+07:00,52397,13,39,24.5,90
2024-10-26T22:42:22+07:00,52398,12,38,24.5,90
2024-10-26T22:42:44+07:00,52399,12,38,24.5,90
2024-10-26T22:43:06+07:00,52400,13,39,24.5,90
2024-10-26T22:43:28+07:00,52401,12,39,24.5,90
2024-10-26T22:43:51+07:00,52402,12,37,24.5,90
2024-10-26T22:44:13+07:00,52403,13,38,24.5,89
2024-10-26T22:44:36+07:00,52404,13,37,24.5,90
2024-10-26T22:44:58+07:00,52405,12,39,24.5,90
2024-10-26T22:45:20+07:00,52406,13,38,24.5,90
2024-10-26T22:45:42+07:00,52407,13,39,24.5,90
2024-10-26T22:46:04+07:00,52408,13,39,24.5,90
2024-10-26T22:46:26+07:00,52409,12,39,24.5,90
2024-10-26T22:46:49+07:00,52410,12,39,24.5,89
2024-10-26T22:47:10+07:00,52411,13,36,24.5,89
2024-10-26T22:47:33+07:00,52412,12,38,24.5,89
2024-10-26T22:47:54+07:00,52413,14,38,24.5,89
2024-10-26T22:48:16+07:00,52414,12,39,24.5,89
2024-10-26T22:48:39+07:00,52415,12,38,24.5,90
2024-10-26T22:49:00+07:00,52416,12,40,24.5,90
2024-10-26T22:49:23+07:00,52417,12,39,24.5,90
2024-10-26T22:49:45+07:00,52418,12,39,24.5,90
2024-10-26T22:50:07+07:00,52419,12,39,24.5,90
2024-10-26T22:50:29+07:00,52420,12,38,24.5,90
2024-10-26T22:50:51+07:00,52421,12,38,24.5,90
2024-10-26T22:51:13+07:00,52422,13,38,24.5,90
2024-10-26T22:51:35+07:00,52423,12,38,24.5,90
2024-10-26T22:51:58+07:00,52424,12,37,24.5,90
2024-10-26T22:52:20+07:00,52425,12,38,24.5,90
2024-10-26T22:52:41+07:00,52426,12,38,24.5,90
2024-10-26T22:53:03+07:00,52427,13,38,24.5,90
2024-10-26T22:53:25+07:00,52428,12,37,24.5,90
2024-10-26T22:53:47+07:00,52429,13,37,24.5,90
2024-10-26T22:54:09+07:00,52430,13,36,24.5,90
2024-10-26T22:54:31+07:00,52431,12,38,24.5,90
2024-10-26T22:54:53+07:00,52432,12,40,24.5,90
2024-10-26T22:55:16+07:00,52433,12,38,24.5,90
2024-10-26T22:55:38+07:00,52434,13,39,24.5,90
2024-10-26T22:56:00+07:00,52435,13,40,24.5,90
2024-10-26T22:56:22+07:00,52436,12,38,24.5,90
2024-10-26T22:56:44+07:00,52437,13,38,24.5,90
2024-10-26T22:57:07+07:00,52438,12,38,24.5,90
2024-10-26T22:57:29+07:00,52439,12,38,24.5,90
2024-10-26T22:57:51+07:00,52440,14,38,24.5,90
2024-10-26T22:58:13+07:00,52441,12,37,24.5,90
2024-10-26T22:58:35+07:00,52442,13,38,24.5,89
2024-10-26T22:58:57+07:00,52443,13,37,24.5,89
2024-10-26T22:59:20+07:00,52444,13,38,24.5,89
2024-10-26T22:59:42+07:00,52445,12,37,24.5,89
2024-10-26T23:00:04+07:00,52446,13,38,24.5,89
2024-10-26T23:00:26+07:00,52447,12,38,24.5,90
2024-10-26T23:00:48+07:00,52448,13,38,24.5,89
2024-10-26T23:01:10+07:00,52449,13,39,24.5,90
2024-10-26T23:01:32+07:00,52450,12,38,24.5,90
2024-10-26T23:01:54+07:00,52451,12,39,24.5,90
2024-10-26T23:02:16+07:00,52452,13,39,24.5,90
2024-10-26T23:02:38+07:00,52453,12,38,24.5,90
2024-10-26T23:03:00+07:00,52454,12,38,24.5,90
2024-10-26T23:03:22+07:00,52455,13,38,24.5,90
2024-10-26T23:03:44+07:00,52456,12,38,24.5,90
2024-10-26T23:04:06+07:00,52457,13,40,24.5,90
2024-10-26T23:04:28+07:00,52458,12,38,24.5,90
2024-10-26T23:04:51+07:00,52459,12,39,24.5,90
2024-10-26T23:05:13+07:00,52460,12,37,24.5,90
2024-10-26T23:05:35+07:00,52461,13,40,24.5,90
2024-10-26T23:05:57+07:00,52462,12,38,24.5,89
2024-10-26T23:06:19+07:00,52463,12,38,24.5,89
2024-10-26T23:06:41+07:00,52464,13,37,24.5,89
2024-10-26T23:07:03+07:00,52465,12,37,24.5,89
2024-10-26T23:07:26+07:00,52466,12,38,24.5,89
2024-10-26T23:07:48+07:00,52467,13,38,24.5,89
2024-10-26T23:08:10+07:00,52468,11,38,24.5,88
2024-10-26T23:08:32+07:00,52469,13,37,24.5,89
2024-10-26T23:08:54+07:00,52470,13,37,24.5,89
2024-10-26T23:09:16+07:00,52471,13,37,24.5,89
2024-10-26T23:09:38+07:00,52472,13,37,24.5,89
2024-10-26T23:10:00+07:00,52473,13,38,24.5,89
2024-10-26T23:10:22+07:00,52474,13,39,24.5,89
2024-10-26T23:10:44+07:00,52475,13,39,24.5,90
2024-10-26T23:11:06+07:00,52476,14,39,24.5,89
2024-10-26T23:11:28+07:00,52477,13,38,24.5,89
2024-10-26T23:11:50+07:00,52478,12,38,24.5,90
2024-10-26T23:12:12+07:00,52479,12,39,24.5,90
2024-10-26T23:12:34+07:00,52480,12,38,24.5,90
2024-10-26T23:12:56+07:00,52481,12,37,24.5,90
2024-10-26T23:13:18+07:00,52482,13,38,24.5,90
2024-10-26T23:13:40+07:00,52483,12,38,24.5,90
2024-10-26T23:14:02+07:00,52484,11,39,24.5,90
2024-10-26T23:14:24+07:00,52485,12,37,24.5,90
2024-10-26T23:14:47+07:00,52486,12,38,24.5,90
2024-10-26T23:15:09+07:00,52487,12,38,24.5,91
2024-10-26T23:15:31+07:00,52488,12,38,24.5,91
2024-10-26T23:15:52+07:00,52489,13,37,24.5,91
2024-10-26T23:16:15+07:00,52490,13,39,24.5,90
2024-10-26T23:16:36+07:00,52491,12,38,24.5,90
2024-10-26T23:16:59+07:00,52492,12,38,24.5,91
2024-10-26T23:17:21+07:00,52493,14,38,24.5,91
2024-10-26T23:17:43+07:00,52494,13,38,24.5,90
2024-10-26T23:18:05+07:00,52495,13,38,24.5,90
2024-10-26T23:18:27+07:00,52496,12,38,24.5,90
2024-10-26T23:18:49+07:00,52497,12,39,24.5,90
2024-10-26T23:19:11+07:00,52498,12,38,24.5,90
2024-10-26T23:19:33+07:00,52499,12,37,24.5,90
2024-10-26T23:19:55+07:00,52500,12,37,24.5,90
2024-10-26T23:20:17+07:00,52501,12,38,24.5,90
2024-10-26T23:20:39+07:00,52502,13,38,24.5,91
2024-10-26T23:21:01+07:00,52503,11,37,24.5,90
2024-10-26T23:21:23+07:00,52504,13,38,24.5,90
2024-10-26T23:21:45+07:00,52505,13,38,24.5,89
2024-10-26T23:22:07+07:00,52506,12,37,24.5,89
2024-10-26T23:22:29+07:00,52507,12,38,24.5,89
2024-10-26T23:22:51+07:00,52508,12,38,24.5,90
2024-10-26T23:23:13+07:00,52509,13,37,24.5,90
2024-10-26T23:23:35+07:00,52510,12,38,24.5,90
2024-10-26T23:23:57+07:00,52511,12,37,24.5,90
2024-10-26T23:24:19+07:00,52512,13,39,24.5,90
2024-10-26T23:24:41+07:00,52513,12,37,24.5,90
2024-10-26T23:25:03+07:00,52514,12,37,24.5,90
2024-10-26T23:25:25+07:00,52515,13,38,24.5,90
2024-10-26T23:25:47+07:00,52516,11,37,24.5,90
2024-10-26T23:26:09+07:00,52517,13,38,24.5,90
2024-10-26T23:26:31+07:00,52518,12,38,24.5,90
2024-10-26T23:26:53+07:00,52519,11,37,24.5,90
2024-10-26T23:27:15+07:00,52520,13,36,24.5,90
2024-10-26T23:27:37+07:00,52521,12,38,24.5,89
2024-10-26T23:27:59+07:00,52522,13,36,24.5,89
2024-10-26T23:28:21+07:00,52523,12,39,24.5,89
2024-10-26T23:28:43+07:00,52524,12,38,24.5,89
2024-10-26T23:29:05+07:00,52525,13,38,24.5,89
2024-10-26T23:29:28+07:00,52526,12,38,24.5,89
2024-10-26T23:29:50+07:00,52527,12,39,24.5,89
2024-10-26T23:30:12+07:00,52528,11,38,24.5,89
2024-10-26T23:30:34+07:00,52529,12,37,24.5,89
2024-10-26T23:30:56+07:00,52530,13,37,24.5,89
2024-10-26T23:31:18+07:00,52531,13,39,24.5,89
2024-10-26T23:31:40+07:00,52532,11,38,24.5,89
2024-10-26T23:32:02+07:00,52533,12,38,24.5,90
2024-10-26T23:32:24+07:00,52534,12,36,24.5,90
2024-10-26T23:32:46+07:00,52535,12,38,24.5,90
2024-10-26T23:33:08+07:00,52536,13,39,24.5,91
2024-10-26T23:33:30+07:00,52537,13,37,24.5,91
2024-10-26T23:33:52+07:00,52538,13,37,24.5,92
2024-10-26T23:34:14+07:00,52539,12,38,24.5,92
2024-10-26T23:34:36+07:00,52540,12,37,24.5,92
2024-10-26T23:34:58+07:00,52541,12,37,24.5,92
2024-10-26T23:35:20+07:00,52542,13,38,24.5,92
2024-10-26T23:35:42+07:00,52543,12,37,24.5,91
2024-10-26T23:36:04+07:00,52544,12,38,24.5,90
2024-10-26T23:36:26+07:00,52545,13,37,24.5,90
2024-10-26T23:36:48+07:00,52546,12,39,24.5,90
2024-10-26T23:37:10+07:00,52547,13,38,24.5,90
2024-10-26T23:37:32+07:00,52548,12,39,24.5,90
2024-10-26T23:37:54+07:00,52549,13,38,24.5,90
2024-10-26T23:38:16+07:00,52550,12,39,24.5,90
2024-10-26T23:38:38+07:00,52551,12,37,24.5,90
2024-10-26T23:39:00+07:00,52552,12,39,24.5,89
2024-10-26T23:39:22+07:00,52553,13,37,24.5,89
2024-10-26T23:39:44+07:00,52554,13,36,24.5,89
2024-10-26T23:40:06+07:00,52555,13,37,24.5,89
2024-10-26T23:40:28+07:00,52556,12,39,24.5,89
2024-10-26T23:40:50+07:00,52557,13,38,24.5,89
2024-10-26T23:41:12+07:00,52558,13,37,24.5,89
2024-10-26T23:41:34+07:00,52559,14,37,24.4,89
2024-10-26T23:41:56+07:00,52560,12,37,24.2,89
2024-10-26T23:42:18+07:00,52561,12,38,24.2,89
2024-10-26T23:42:40+07:00,52562,12,37,24.2,89
2024-10-26T23:43:02+07:00,52563,12,37,24.2,89
2024-10-26T23:43:24+07:00,52564,12,37,24.2,89
2024-10-26T23:43:46+07:00,52565,13,37,24.2,89
2024-10-26T23:44:08+07:00,52566,13,38,24.2,89
2024-10-26T23:44:30+07:00,52567,13,38,24.2,89
2024-10-26T23:44:52+07:00,52568,13,37,24.2,89
2024-10-26T23:45:14+07:00,52569,12,38,24.1,89
2024-10-26T23:45:36+07:00,52570,12,38,24.1,88
2024-10-26T23:45:58+07:00,52571,12,38,24.1,88
2024-10-26T23:46:20+07:00,52572,12,38,24.1,89
2024-10-26T23:46:42+07:00,52573,14,38,24.1,89
2024-10-26T23:47:04+07:00,52574,13,38,24.1,89
2024-10-26T23:47:26+07:00,52575,13,37,24.1,89
2024-10-26T23:47:48+07:00,52576,12,37,24.2,89
2024-10-26T23:48:10+07:00,52577,12,37,24.2,89
2024-10-26T23:48:32+07:00,52578,13,36,24.1,89
2024-10-26T23:48:54+07:00,52579,12,38,24.1,89
2024-10-26T23:49:16+07:00,52580,13,39,24.1,89
2024-10-26T23:49:38+07:00,52581,13,38,24.1,89
2024-10-26T23:50:00+07:00,52582,13,37,24.1,89
2024-10-26T23:50:22+07:00,52583,11,38,24.1,89
2024-10-26T23:50:44+07:00,52584,13,39,24.1,89
2024-10-26T23:51:07+07:00,52585,13,37,24.1,89
2024-10-26T23:51:29+07:00,52586,14,39,24.1,89
2024-10-26T23:51:51+07:00,52587,12,38,24.1,89
2024-10-26T23:52:13+07:00,52588,12,37,24.1,89
2024-10-26T23:52:34+07:00,52589,13,36,24.1,89
2024-10-26T23:52:56+07:00,52590,12,39,24.1,89
2024-10-26T23:53:18+07:00,52591,14,37,24.1,89
2024-10-26T23:53:40+07:00,52592,13,37,24.1,89
2024-10-26T23:54:02+07:00,52593,12,37,24.1,89
2024-10-26T23:54:24+07:00,52594,13,37,24.1,89
2024-10-26T23:54:46+07:00,52595,12,38,24.1,89
2024-10-26T23:55:08+07:00,52596,13,38,24.1,89
2024-10-26T23:55:30+07:00,52597,12,36,24.1,89
2024-10-26T23:55:52+07:00,52598,13,39,24.1,89
2024-10-26T23:56:14+07:00,52599,12,37,24.1,89
2024-10-26T23:56:36+07:00,52600,12,38,24.1,89
2024-10-26T23:56:58+07:00,52601,12,36,24.1,89
2024-10-26T23:57:21+07:00,52602,14,38,24.1,89
2024-10-26T23:57:43+07:00,52603,12,37,24.1,89
2024-10-26T23:58:05+07:00,52604,13,38,24.1,89
2024-10-26T23:58:27+07:00,52605,12,37,24.1,89
2024-10-26T23:58:49+07:00,52606,12,38,24.1,90
2024-10-26T23:59:11+07:00,52607,13,39,24.1,90
2024-10-26T23:59:33+07:00,52608,12,39,24.1,90
2024-10-26T23:59:55+07:00,52609,12,38,24.1,90
2024-10-27T00:00:18+07:00,52610,12,39,24.1,90
2024-10-27T00:00:40+07:00,52611,12,37,24.1,89
2024-10-27T00:01:02+07:00,52612,13,38,24.1,89
2024-10-27T00:01:24+07:00,52613,12,38,24.1,89
2024-10-27T00:01:46+07:00,52614,13,38,24.1,90
2024-10-27T00:02:08+07:00,52615,12,39,24.1,90
2024-10-27T00:02:30+07:00,52616,12,37,24.1,90
2024-10-27T00:02:52+07:00,52617,12,38,24.1,90
2024-10-27T00:03:14+07:00,52618,12,37,24.1,90
2024-10-27T00:03:36+07:00,52619,12,39,24.1,91
2024-10-27T00:03:58+07:00,52620,12,39,24.1,91
2024-10-27T00:04:20+07:00,52621,12,38,24.1,91
2024-10-27T00:04:42+07:00,52622,12,39,24.1,91
2024-10-27T00:05:04+07:00,52623,13,37,24.2,90
2024-10-27T00:05:26+07:00,52624,13,38,24.1,90
2024-10-27T00:05:48+07:00,52625,13,37,24.1,90
2024-10-27T00:06:10+07:00,52626,13,37,24.1,90
2024-10-27T00:06:32+07:00,52627,13,38,24.1,90
2024-10-27T00:06:54+07:00,52628,13,38,24.1,90
2024-10-27T00:07:16+07:00,52629,12,38,24.1,90
2024-10-27T00:07:38+07:00,52630,12,38,24.1,90
2024-10-27T00:08:01+07:00,52631,12,37,24.1,91
2024-10-27T00:08:23+07:00,52632,12,37,24.1,91
2024-10-27T00:08:45+07:00,52633,12,36,24.1,91
2024-10-27T00:09:07+07:00,52634,12,37,24.1,90
2024-10-27T00:09:29+07:00,52635,12,37,24.1,90
2024-10-27T00:09:51+07:00,52636,13,37,24.1,90
2024-10-27T00:10:13+07:00,52637,13,37,24.1,90
2024-10-27T00:10:35+07:00,52638,13,38,24.1,90
2024-10-27T00:10:57+07:00,52639,13,37,24.1,90
2024-10-27T00:11:19+07:00,52640,12,37,24.1,90
2024-10-27T00:11:41+07:00,52641,12,38,24.1,90
2024-10-27T00:12:03+07:00,52642,12,37,24.1,90
2024-10-27T00:12:25+07:00,52643,12,37,24.1,90
2024-10-27T00:12:47+07:00,52644,12,36,24.1,90
2024-10-27T00:13:09+07:00,52645,12,37,24.1,90
2024-10-27T00:13:31+07:00,52646,12,37,24.1,90
2024-10-27T00:13:53+07:00,52647,13,38,24.1,90
2024-10-27T00:14:15+07:00,52648,13,38,24.1,90
2024-10-27T00:14:37+07:00,52649,12,38,24.1,90
2024-10-27T00:14:59+07:00,52650,12,37,24.1,90
2024-10-27T00:15:21+07:00,52651,12,37,24.1,90
2024-10-27T00:15:43+07:00,52652,12,38,24.1,90
2024-10-27T00:16:05+07:00,52653,12,38,24.1,90
2024-10-27T00:16:27+07:00,52654,13,37,24.1,90
2024-10-27T00:16:49+07:00,52655,12,36,24.1,91
2024-10-27T00:17:11+07:00,52656,12,36,24.1,91
2024-10-27T00:17:34+07:00,52657,12,37,24.1,91
2024-10-27T00:17:56+07:00,52658,13,39,24.1,90
2024-10-27T00:18:18+07:00,52659,12,37,24.1,91
2024-10-27T00:18:39+07:00,52660,13,37,24.1,90
2024-10-27T00:19:01+07:00,52661,13,38,24.1,90
2024-10-27T00:19:23+07:00,52662,12,37,24.1,90
2024-10-27T00:19:45+07:00,52663,12,38,24.1,90
2024-10-27T00:20:07+07:00,52664,12,38,24.1,90
2024-10-27T00:20:30+07:00,52665,12,37,24.1,90
2024-10-27T00:20:51+07:00,52666,12,37,24.1,91
2024-10-27T00:21:14+07:00,52667,12,37,24.1,91
2024-10-27T00:21:36+07:00,52668,12,37,24.1,91
2024-10-27T00:21:58+07:00,52669,13,38,24.1,91
2024-10-27T00:22:20+07:00,52670,12,38,24.1,90
2024-10-27T00:22:42+07:00,52671,13,38,24.1,90
2024-10-27T00:23:04+07:00,52672,12,37,24.1,90
2024-10-27T00:23:26+07:00,52673,12,38,24.1,91
2024-10-27T00:23:49+07:00,52674,12,38,24.1,91
2024-10-27T00:24:11+07:00,52675,12,38,24.1,91
2024-10-27T00:24:32+07:00,52676,12,37,24.1,91
2024-10-27T00:24:54+07:00,52677,12,37,24.1,91
2024-10-27T00:25:16+07:00,52678,13,38,24.1,91
2024-10-27T00:25:38+07:00,52679,12,37,24.1,90
2024-10-27T00:26:01+07:00,52680,13,37,24.1,90
2024-10-27T00:26:23+07:00,52681,12,39,24.1,91
2024-10-27T00:26:44+07:00,52682,12,39,24.1,91
2024-10-27T00:27:06+07:00,52683,12,38,24.1,91
2024-10-27T00:27:29+07:00,52684,12,37,24.1,92
2024-10-27T00:27:51+07:00,52685,12,37,24.1,91
2024-10-27T00:28:13+07:00,52686,12,37,24.1,91
2024-10-27T00:28:35+07:00,52687,13,38,24.1,91
2024-10-27T00:28:57+07:00,52688,12,37,24.1,91
2024-10-27T00:29:19+07:00,52689,12,38,24.1,91
2024-10-27T00:29:40+07:00,52690,12,36,24.1,91
2024-10-27T00:30:02+07:00,52691,12,38,24.1,92
2024-10-27T00:30:24+07:00,52692,12,37,24.1,92
2024-10-27T00:30:46+07:00,52693,12,37,24.1,92
2024-10-27T00:31:08+07:00,52694,12,38,24.1,92
2024-10-27T00:31:31+07:00,52695,12,38,24.1,92
2024-10-27T00:31:53+07:00,52696,12,38,24.1,92
2024-10-27T00:32:15+07:00,52697,12,38,24.1,92
2024-10-27T00:32:37+07:00,52698,13,38,24.1,92
2024-10-27T00:32:59+07:00,52699,12,39,24.1,92
2024-10-27T00:33:21+07:00,52700,12,37,24.1,92
2024-10-27T00:33:43+07:00,52701,12,38,24.1,92
2024-10-27T00:34:05+07:00,52702,12,38,24.1,93
2024-10-27T00:34:27+07:00,52703,13,39,24.1,93
2024-10-27T00:34:49+07:00,52704,12,38,24.1,93
2024-10-27T00:35:11+07:00,52705,12,37,24.2,93
2024-10-27T00:35:33+07:00,52706,13,38,24.1,93
2024-10-27T00:35:55+07:00,52707,12,37,24.1,93
2024-10-27T00:36:17+07:00,52708,12,37,24.1,93
2024-10-27T00:36:39+07:00,52709,13,37,24.1,93
2024-10-27T00:37:01+07:00,52710,12,38,24.1,93
2024-10-27T00:37:23+07:00,52711,12,38,24.1,92
2024-10-27T00:37:45+07:00,52712,13,38,24.1,92
2024-10-27T00:38:07+07:00,52713,12,37,24.1,92
2024-10-27T00:38:29+07:00,52714,13,37,24.1,92
2024-10-27T00:38:50+07:00,52715,12,37,24.1,92
2024-10-27T00:39:12+07:00,52716,13,39,24.1,92
2024-10-27T00:39:35+07:00,52717,11,37,24.1,92
2024-10-27T00:39:57+07:00,52718,12,39,24.1,92
2024-10-27T00:40:19+07:00,52719,12,37,24.1,92
2024-10-27T00:40:41+07:00,52720,13,38,24.1,92
2024-10-27T00:41:02+07:00,52721,12,38,24.1,92
2024-10-27T00:41:24+07:00,52722,12,37,24.1,92
2024-10-27T00:41:47+07:00,52723,12,37,24.1,92
2024-10-27T00:42:09+07:00,52724,12,38,24.1,92
2024-10-27T00:42:31+07:00,52725,12,38,24.1,92
2024-10-27T00:42:53+07:00,52726,12,38,24.1,92
2024-10-27T00:43:15+07:00,52727,12,38,24.1,92
2024-10-27T00:43:36+07:00,52728,12,37,24.1,92
2024-10-27T00:43:58+07:00,52729,12,37,24.1,92
2024-10-27T00:44:20+07:00,52730,12,38,24.1,92
2024-10-27T00:44:42+07:00,52731,12,38,24.1,92
2024-10-27T00:45:04+07:00,52732,12,38,24.1,92
2024-10-27T00:45:26+07:00,52733,12,38,24.1,92
2024-10-27T00:45:49+07:00,52734,12,37,24.1,92
2024-10-27T00:46:11+07:00,52735,12,37,24.1,92
2024-10-27T00:46:32+07:00,52736,12,37,24.1,92
2024-10-27T00:46:55+07:00,52737,12,38,24.2,92
2024-10-27T00:47:17+07:00,52738,12,37,24.1,92
2024-10-27T00:47:38+07:00,52739,12,36,24.1,92
2024-10-27T00:48:01+07:00,52740,12,38,24.1,92
2024-10-27T00:48:22+07:00,52741,12,38,24.1,92
2024-10-27T00:48:44+07:00,52742,12,37,24.1,92
2024-10-27T00:49:06+07:00,52743,12,37,24.1,92
2024-10-27T00:49:28+07:00,52744,12,38,24.1,92
2024-10-27T00:49:50+07:00,52745,12,37,24.1,91
2024-10-27T00:50:12+07:00,52746,12,38,24.1,91
2024-10-27T00:50:34+07:00,52747,13,37,24.1,91
2024-10-27T00:50:56+07:00,52748,12,37,24.1,91
2024-10-27T00:51:18+07:00,52749,12,38,24.1,91
2024-10-27T00:51:41+07:00,52750,12,37,24.1,91
2024-10-27T00:52:03+07:00,52751,12,38,24.1,91
2024-10-27T00:52:25+07:00,52752,12,39,24.1,91
2024-10-27T00:52:47+07:00,52753,13,37,24.1,91
2024-10-27T00:53:09+07:00,52754,13,37,24.1,92
2024-10-27T00:53:31+07:00,52755,12,36,24.1,92
2024-10-27T00:53:53+07:00,52756,12,37,24.1,92
2024-10-27T00:54:15+07:00,52757,12,37,24.1,92
2024-10-27T00:54:36+07:00,52758,12,36,24.1,92
2024-10-27T00:54:58+07:00,52759,12,38,24.1,92
2024-10-27T00:55:20+07:00,52760,12,37,24.1,92
2024-10-27T00:55:42+07:00,52761,13,38,24.1,92
2024-10-27T00:56:05+07:00,52762,12,37,24.1,92
2024-10-27T00:56:26+07:00,52763,12,37,24.1,92
2024-10-27T00:56:48+07:00,52764,13,37,24.1,92
2024-10-27T00:57:10+07:00,52765,13,39,24.1,92
2024-10-27T00:57:32+07:00,52766,12,38,24.1,92
2024-10-27T00:57:54+07:00,52767,13,37,24.1,92
2024-10-27T00:58:17+07:00,52768,12,37,24.1,92
2024-10-27T00:58:38+07:00,52769,12,38,24.1,92
2024-10-27T00:59:00+07:00,52770,12,37,24.1,92
2024-10-27T00:59:22+07:00,52771,12,38,24.1,92
2024-10-27T00:59:44+07:00,52772,12,37,24.1,92
2024-10-27T01:00:06+07:00,52773,12,38,24.1,92
2024-10-27T01:00:28+07:00,52774,12,38,24.1,92
2024-10-27T01:00:50+07:00,52775,12,36,24.1,92
2024-10-27T01:01:12+07:00,52776,12,38,24.1,92
2024-10-27T01:01:34+07:00,52777,13,38,24.1,92
2024-10-27T01:01:56+07:00,52778,12,37,24.1,92
2024-10-27T01:02:18+07:00,52779,12,36,24.1,92
2024-10-27T01:02:40+07:00,52780,12,39,24.1,92
2024-10-27T01:03:02+07:00,52781,13,37,24.1,92
2024-10-27T01:03:24+07:00,52782,12,37,24.1,93
2024-10-27T01:03:46+07:00,52783,12,37,24.1,93
2024-10-27T01:04:08+07:00,52784,13,38,24.1,93
2024-10-27T01:04:30+07:00,52785,13,38,24.1,93
2024-10-27T01:04:52+07:00,52786,12,38,24.1,93
2024-10-27T01:05:14+07:00,52787,12,37,24.1,93
2024-10-27T01:05:36+07:00,52788,12,38,24.1,93
2024-10-27T01:05:58+07:00,52789,12,38,24.1,92
2024-10-27T01:06:20+07:00,52790,12,37,24.1,92
2024-10-27T01:06:42+07:00,52791,12,37,24.1,92
2024-10-27T01:07:04+07:00,52792,13,36,24.1,92
2024-10-27T01:07:26+07:00,52793,12,38,24.1,92
2024-10-27T01:07:48+07:00,52794,12,39,24.1,92
2024-10-27T01:08:10+07:00,52795,13,37,24.1,92
2024-10-27T01:08:32+07:00,52796,12,38,24.1,92
2024-10-27T01:08:54+07:00,52797,12,37,24.1,92
2024-10-27T01:09:16+07:00,52798,13,37,24.1,92
2024-10-27T01:09:38+07:00,52799,12,39,24.1,93
2024-10-27T01:10:00+07:00,52800,12,38,24.1,92
2024-10-27T01:10:22+07:00,52801,12,39,24.1,93
2024-10-27T01:10:44+07:00,52802,12,37,24.1,93
2024-10-27T01:11:06+07:00,52803,12,38,24.1,93
2024-10-27T01:11:28+07:00,52804,12,38,24.1,93
2024-10-27T01:11:50+07:00,52805,12,38,24.1,93
2024-10-27T01:12:12+07:00,52806,12,37,24.1,93
2024-10-27T01:12:34+07:00,52807,12,38,24.1,93
2024-10-27T01:12:56+07:00,52808,12,37,24.1,93
2024-10-27T01:13:18+07:00,52809,12,37,24.1,93
2024-10-27T01:13:40+07:00,52810,12,38,24.1,93
2024-10-27T01:14:02+07:00,52811,12,38,24.1,93
2024-10-27T01:14:24+07:00,52812,12,38,24.1,93
2024-10-27T01:14:46+07:00,52813,12,37,24.1,93
2024-10-27T01:15:08+07:00,52814,13,37,24.1,93
2024-10-27T01:15:30+07:00,52815,12,37,24.1,93
2024-10-27T01:15:53+07:00,52816,12,37,24.1,93
2024-10-27T01:16:15+07:00,52817,12,38,24.1,93
2024-10-27T01:16:36+07:00,52818,12,37,24.1,93
2024-10-27T01:16:58+07:00,52819,12,37,24.1,93
2024-10-27T01:17:20+07:00,52820,12,37,24.1,93
2024-10-27T01:17:42+07:00,52821,13,37,24.1,93
2024-10-27T01:18:04+07:00,52822,13,38,24.1,93
2024-10-27T01:18:26+07:00,52823,12,36,24.1,93
2024-10-27T01:18:48+07:00,52824,12,37,24.1,93
2024-10-27T01:19:10+07:00,52825,12,37,24.1,93
2024-10-27T01:19:32+07:00,52826,12,38,24.1,93
2024-10-27T01:19:54+07:00,52827,12,37,24.1,93
2024-10-27T01:20:16+07:00,52828,13,37,24.1,93
2024-10-27T01:20:38+07:00,52829,12,37,24.1,93
2024-10-27T01:21:00+07:00,52830,12,37,24.1,93
2024-10-27T01:21:22+07:00,52831,12,38,24.1,93
2024-10-27T01:21:44+07:00,52832,12,37,24.1,93
2024-10-27T01:22:07+07:00,52833,12,38,24.1,93
2024-10-27T01:22:28+07:00,52834,12,38,23.8,93
2024-10-27T01:22:51+07:00,52835,13,37,23.8,92
2024-10-27T01:23:13+07:00,52836,12,38,23.8,92
2024-10-27T01:23:35+07:00,52837,13,37,23.8,92
2024-10-27T01:23:57+07:00,52838,12,37,23.8,92
2024-10-27T01:24:19+07:00,52839,12,38,23.8,92
2024-10-27T01:24:41+07:00,52840,13,37,23.8,92
2024-10-27T01:25:03+07:00,52841,12,39,23.8,92
2024-10-27T01:25:25+07:00,52842,12,37,23.8,93
2024-10-27T01:25:47+07:00,52843,12,37,23.8,93
2024-10-27T01:26:09+07:00,52844,12,37,23.8,93
2024-10-27T01:26:31+07:00,52845,12,37,23.8,93
2024-10-27T01:26:52+07:00,52846,12,37,23.8,93
2024-10-27T01:27:14+07:00,52847,12,37,23.8,93
2024-10-27T01:27:36+07:00,52848,13,37,23.8,93
2024-10-27T01:27:59+07:00,52849,12,37,23.8,93
2024-10-27T01:28:21+07:00,52850,12,37,23.8,93
2024-10-27T01:28:43+07:00,52851,12,38,23.8,93
2024-10-27T01:29:04+07:00,52852,12,37,23.8,93
2024-10-27T01:29:26+07:00,52853,13,37,23.8,93
2024-10-27T01:29:48+07:00,52854,12,37,23.8,93
2024-10-27T01:30:11+07:00,52855,13,38,23.8,93
2024-10-27T01:30:33+07:00,52856,12,37,23.8,93
2024-10-27T01:30:55+07:00,52857,12,37,23.8,92
2024-10-27T01:31:17+07:00,52858,12,37,23.8,92
2024-10-27T01:31:38+07:00,52859,13,38,23.8,93
2024-10-27T01:32:00+07:00,52860,13,36,23.8,92
2024-10-27T01:32:22+07:00,52861,12,37,23.8,93
2024-10-27T01:32:44+07:00,52862,12,37,23.8,93
2024-10-27T01:33:07+07:00,52863,13,37,23.8,92
2024-10-27T01:33:29+07:00,52864,13,37,23.8,92
2024-10-27T01:33:51+07:00,52865,12,39,23.8,92
2024-10-27T01:34:13+07:00,52866,12,37,23.8,92
2024-10-27T01:34:35+07:00,52867,12,36,23.8,92
2024-10-27T01:34:57+07:00,52868,12,38,23.8,92
2024-10-27T01:35:19+07:00,52869,12,37,23.8,92
2024-10-27T01:35:41+07:00,52870,12,37,23.8,93
2024-10-27T01:36:03+07:00,52871,12,38,23.8,93
2024-10-27T01:36:24+07:00,52872,13,37,23.8,93
2024-10-27T01:36:46+07:00,52873,12,36,23.8,92
2024-10-27T01:37:08+07:00,52874,12,37,23.8,92
2024-10-27T01:37:30+07:00,52875,12,37,23.8,92
2024-10-27T01:37:52+07:00,52876,13,38,23.8,92
2024-10-27T01:38:14+07:00,52877,12,38,23.8,92
2024-10-27T01:38:36+07:00,52878,12,37,23.8,92
2024-10-27T01:38:58+07:00,52879,11,37,23.8,92
2024-10-27T01:39:20+07:00,52880,12,37,23.8,92
2024-10-27T01:39:42+07:00,52881,12,36,23.8,92
2024-10-27T01:40:04+07:00,52882,12,38,23.8,92
2024-10-27T01:40:26+07:00,52883,12,38,23.8,92
2024-10-27T01:40:48+07:00,52884,13,38,23.8,92
2024-10-27T01:41:10+07:00,52885,13,36,23.8,92
2024-10-27T01:41:32+07:00,52886,12,38,23.8,92
2024-10-27T01:41:54+07:00,52887,13,38,23.8,92
2024-10-27T01:42:16+07:00,52888,12,37,23.8,92
2024-10-27T01:42:38+07:00,52889,13,37,23.8,92
2024-10-27T01:43:00+07:00,52890,13,37,23.8,92
2024-10-27T01:43:22+07:00,52891,12,38,23.8,92
2024-10-27T01:43:44+07:00,52892,13,36,23.8,92
2024-10-27T01:44:06+07:00,52893,13,37,23.8,91
2024-10-27T01:44:28+07:00,52894,12,36,23.8,91
2024-10-27T01:44:50+07:00,52895,13,37,23.8,92
2024-10-27T01:45:12+07:00,52896,13,36,23.8,92
2024-10-27T01:45:34+07:00,52897,12,37,23.8,92
2024-10-27T01:45:56+07:00,52898,12,37,23.8,92
2024-10-27T01:46:18+07:00,52899,13,37,23.8,92
2024-10-27T01:46:40+07:00,52900,13,36,23.8,92
2024-10-27T01:47:03+07:00,52901,12,37,23.8,92
2024-10-27T01:47:25+07:00,52902,12,36,23.8,92
2024-10-27T01:47:47+07:00,52903,13,38,23.8,92
2024-10-27T01:48:09+07:00,52904,13,36,23.8,92
2024-10-27T01:48:31+07:00,52905,12,37,23.8,92
2024-10-27T01:48:53+07:00,52906,12,37,23.8,93
2024-10-27T01:49:15+07:00,52907,12,36,23.8,93
2024-10-27T01:49:36+07:00,52908,13,38,23.8,93
2024-10-27T01:49:58+07:00,52909,12,36,23.8,93
2024-10-27T01:50:20+07:00,52910,13,37,23.8,92
2024-10-27T01:50:42+07:00,52911,13,37,23.7,92
2024-10-27T01:51:04+07:00,52912,13,38,23.7,92
2024-10-27T01:51:26+07:00,52913,13,38,23.7,92
2024-10-27T01:51:48+07:00,52914,12,38,23.7,92
2024-10-27T01:52:11+07:00,52915,12,36,23.7,92
2024-10-27T01:52:33+07:00,52916,13,37,23.7,93
2024-10-27T01:52:55+07:00,52917,12,37,23.8,93
2024-10-27T01:53:17+07:00,52918,13,37,23.8,93
2024-10-27T01:53:38+07:00,52919,13,36,23.6,92
2024-10-27T01:54:01+07:00,52920,13,36,23.4,92
2024-10-27T01:54:23+07:00,52921,13,37,23.4,92
2024-10-27T01:54:45+07:00,52922,13,36,23.4,91
2024-10-27T01:55:07+07:00,52923,12,36,23.4,91
2024-10-27T01:55:29+07:00,52924,12,38,23.4,92
2024-10-27T01:55:51+07:00,52925,13,38,23.4,92
2024-10-27T01:56:13+07:00,52926,13,37,23.4,92
2024-10-27T01:56:34+07:00,52927,13,36,23.4,92
2024-10-27T01:56:56+07:00,52928,12,37,23.4,92
2024-10-27T01:57:19+07:00,52929,13,37,23.4,92
2024-10-27T01:57:40+07:00,52930,13,38,23.4,92
2024-10-27T01:58:03+07:00,52931,13,36,23.4,92
2024-10-27T01:58:25+07:00,52932,13,36,23.4,92
2024-10-27T01:58:47+07:00,52933,12,38,23.4,92
2024-10-27T01:59:09+07:00,52934,13,36,23.4,92
2024-10-27T01:59:31+07:00,52935,13,38,23.4,92
2024-10-27T01:59:53+07:00,52936,13,35,23.4,92
2024-10-27T02:00:15+07:00,52937,13,37,23.4,92
2024-10-27T02:00:37+07:00,52938,12,37,23.4,93
2024-10-27T02:00:59+07:00,52939,12,37,23.4,93
2024-10-27T02:01:21+07:00,52940,12,37,23.4,93
2024-10-27T02:01:43+07:00,52941,13,36,23.4,93
2024-10-27T02:02:05+07:00,52942,13,37,23.4,93
2024-10-27T02:02:27+07:00,52943,13,37,23.4,93
2024-10-27T02:02:49+07:00,52944,13,36,23.4,93
2024-10-27T02:03:11+07:00,52945,13,36,23.4,93
2024-10-27T02:03:33+07:00,52946,13,37,23.4,93
2024-10-27T02:03:54+07:00,52947,12,36,23.4,93
2024-10-27T02:04:17+07:00,52948,12,37,23.4,93
2024-10-27T02:04:39+07:00,52949,12,38,23.4,93
2024-10-27T02:05:01+07:00,52950,13,37,23.4,93
2024-10-27T02:05:23+07:00,52951,13,37,23.4,93
2024-10-27T02:05:45+07:00,52952,12,36,23.4,93
2024-10-27T02:06:07+07:00,52953,13,37,23.4,93
2024-10-27T02:06:29+07:00,52954,12,37,23.4,93
2024-10-27T02:06:51+07:00,52955,12,37,23.4,93
2024-10-27T02:07:13+07:00,52956,12,38,23.4,93
2024-10-27T02:07:35+07:00,52957,13,37,23.4,93
2024-10-27T02:07:57+07:00,52958,12,37,23.4,92
2024-10-27T02:08:19+07:00,52959,13,38,23.4,93
2024-10-27T02:08:41+07:00,52960,12,37,23.4,93
2024-10-27T02:09:03+07:00,52961,13,38,23.4,93
2024-10-27T02:09:25+07:00,52962,12,37,23.4,93
2024-10-27T02:09:46+07:00,52963,13,39,23.4,93
2024-10-27T02:10:09+07:00,52964,13,38,23.4,93
2024-10-27T02:10:31+07:00,52965,13,37,23.5,93
2024-10-27T02:10:53+07:00,52966,12,38,23.4,93
2024-10-27T02:11:15+07:00,52967,12,37,23.7,93
2024-10-27T02:11:37+07:00,52968,12,39,23.7,93
2024-10-27T02:11:59+07:00,52969,13,37,23.7,93
2024-10-27T02:12:21+07:00,52970,13,37,23.7,93
2024-10-27T02:12:43+07:00,52971,13,37,23.7,93
2024-10-27T02:13:05+07:00,52972,12,37,23.8,93
2024-10-27T02:13:27+07:00,52973,13,37,23.8,92
2024-10-27T02:13:49+07:00,52974,13,37,23.8,93
2024-10-27T02:14:11+07:00,52975,12,38,23.8,93
2024-10-27T02:14:33+07:00,52976,13,38,23.8,93
2024-10-27T02:14:55+07:00,52977,12,37,23.8,93
2024-10-27T02:15:17+07:00,52978,12,37,23.8,93
2024-10-27T02:15:39+07:00,52979,12,38,23.8,93
2024-10-27T02:16:01+07:00,52980,13,38,23.8,93
2024-10-27T02:16:23+07:00,52981,12,37,23.8,93
2024-10-27T02:16:45+07:00,52982,13,37,23.8,92
2024-10-27T02:17:07+07:00,52983,14,37,23.8,92
2024-10-27T02:17:29+07:00,52984,12,37,23.7,92
2024-10-27T02:17:51+07:00,52985,13,37,23.4,92
2024-10-27T02:18:13+07:00,52986,12,36,23.4,92
2024-10-27T02:18:35+07:00,52987,12,38,23.4,92
2024-10-27T02:18:57+07:00,52988,12,36,23.4,92
2024-10-27T02:19:19+07:00,52989,12,37,23.4,93
2024-10-27T02:19:41+07:00,52990,13,36,23.4,93
2024-10-27T02:20:03+07:00,52991,12,37,23.4,93
2024-10-27T02:20:25+07:00,52992,12,38,23.4,93
2024-10-27T02:20:47+07:00,52993,12,38,23.4,93
2024-10-27T02:21:09+07:00,52994,13,38,23.4,93
2024-10-27T02:21:31+07:00,52995,13,38,23.4,93
2024-10-27T02:21:53+07:00,52996,13,37,23.4,93
2024-10-27T02:22:15+07:00,52997,13,37,23.4,93
2024-10-27T02:22:37+07:00,52998,13,39,23.4,93
2024-10-27T02:23:00+07:00,52999,12,38,23.4,93
2024-10-27T02:23:21+07:00,53000,13,39,23.4,93
2024-10-27T02:23:43+07:00,53001,12,38,23.4,93
2024-10-27T02:24:05+07:00,53002,13,39,23.4,93
2024-10-27T02:24:27+07:00,53003,12,39,23.4,93
2024-10-27T02:24:50+07:00,53004,12,37,23.4,93
2024-10-27T02:25:12+07:00,53005,12,37,23.4,93
2024-10-27T02:25:34+07:00,53006,13,38,23.4,93
2024-10-27T02:25:56+07:00,53007,12,37,23.4,93
2024-10-27T02:26:18+07:00,53008,12,39,23.4,93
2024-10-27T02:26:39+07:00,53009,13,37,23.4,93
2024-10-27T02:27:01+07:00,53010,13,39,23.4,93
2024-10-27T02:27:23+07:00,53011,13,39,23.4,93
2024-10-27T02:27:45+07:00,53012,13,39,23.4,93
2024-10-27T02:28:07+07:00,53013,12,38,23.4,93
2024-10-27T02:28:30+07:00,53014,12,38,23.4,93
2024-10-27T02:28:52+07:00,53015,13,36,23.4,93
2024-10-27T02:29:13+07:00,53016,13,39,23.4,93
2024-10-27T02:29:35+07:00,53017,12,38,23.4,93
2024-10-27T02:29:58+07:00,53018,12,37,23.4,93
2024-10-27T02:30:19+07:00,53019,12,37,23.4,93
2024-10-27T02:30:41+07:00,53020,13,37,23.4,93
2024-10-27T02:31:03+07:00,53021,13,37,23.4,93
2024-10-27T02:31:25+07:00,53022,12,39,23.4,93
2024-10-27T02:31:47+07:00,53023,13,37,23.4,93
2024-10-27T02:32:09+07:00,53024,12,37,23.4,93
2024-10-27T02:32:31+07:00,53025,13,38,23.4,93
2024-10-27T02:32:53+07:00,53026,13,38,23.4,93
2024-10-27T02:33:15+07:00,53027,13,37,23.4,93
2024-10-27T02:33:37+07:00,53028,13,38,23.4,93
2024-10-27T02:33:59+07:00,53029,13,38,23.4,93
2024-10-27T02:34:21+07:00,53030,13,36,23.4,93
2024-10-27T02:34:44+07:00,53031,13,37,23.4,93
2024-10-27T02:35:05+07:00,53032,13,37,23.4,93
2024-10-27T02:35:27+07:00,53033,12,38,23.4,93
2024-10-27T02:35:50+07:00,53034,13,36,23.4,93
2024-10-27T02:36:12+07:00,53035,12,38,23.4,93
2024-10-27T02:36:34+07:00,53036,12,37,23.4,93
2024-10-27T02:36:56+07:00,53037,13,37,23.4,93
2024-10-27T02:37:18+07:00,53038,13,37,23.4,93
2024-10-27T02:37:40+07:00,53039,12,37,23.4,93
2024-10-27T02:38:02+07:00,53040,12,35,23.4,93
2024-10-27T02:38:24+07:00,53041,13,37,23.4,93
2024-10-27T02:38:46+07:00,53042,12,38,23.4,93
2024-10-27T02:39:08+07:00,53043,13,38,23.4,93
2024-10-27T02:39:30+07:00,53044,13,37,23.4,93
2024-10-27T02:39:52+07:00,53045,13,38,23.4,93
2024-10-27T02:40:14+07:00,53046,13,38,23.4,93
2024-10-27T02:40:36+07:00,53047,12,37,23.4,93
2024-10-27T02:40:58+07:00,53048,12,37,23.4,93
2024-10-27T02:41:20+07:00,53049,12,37,23.4,93
2024-10-27T02:41:42+07:00,53050,12,37,23.4,93
2024-10-27T02:42:04+07:00,53051,13,36,23.4,93
2024-10-27T02:42:26+07:00,53052,13,37,23.4,92
2024-10-27T02:42:48+07:00,53053,12,37,23.4,92
2024-10-27T02:43:10+07:00,53054,13,36,23.4,92
2024-10-27T02:43:32+07:00,53055,12,36,23.4,92
2024-10-27T02:43:54+07:00,53056,13,37,23.4,92
2024-10-27T02:44:16+07:00,53057,12,37,23.4,92
2024-10-27T02:44:38+07:00,53058,12,36,23.4,92
2024-10-27T02:45:00+07:00,53059,12,36,23.4,92
2024-10-27T02:45:22+07:00,53060,12,35,23.4,92
2024-10-27T02:45:44+07:00,53061,13,37,23.4,92
2024-10-27T02:46:06+07:00,53062,12,36,23.4,92
2024-10-27T02:46:28+07:00,53063,13,36,23.4,92
2024-10-27T02:46:50+07:00,53064,12,38,23.4,92
2024-10-27T02:47:12+07:00,53065,12,37,23.4,92
2024-10-27T02:47:35+07:00,53066,12,37,23.4,92
2024-10-27T02:47:56+07:00,53067,12,38,23.4,93
2024-10-27T02:48:18+07:00,53068,13,36,23.4,93
2024-10-27T02:48:40+07:00,53069,12,36,23.4,92
2024-10-27T02:49:02+07:00,53070,12,36,23.4,92
2024-10-27T02:49:24+07:00,53071,12,37,23.4,93
2024-10-27T02:49:46+07:00,53072,13,37,23.4,93
2024-10-27T02:50:08+07:00,53073,12,37,23.4,93
2024-10-27T02:50:30+07:00,53074,13,37,23.4,93
2024-10-27T02:50:52+07:00,53075,13,37,23.4,93
2024-10-27T02:51:14+07:00,53076,12,37,23.4,93
2024-10-27T02:51:36+07:00,53077,12,37,23.4,93
2024-10-27T02:51:58+07:00,53078,13,37,23.4,93
2024-10-27T02:52:20+07:00,53079,12,36,23.4,93
2024-10-27T02:52:43+07:00,53080,12,37,23.4,93
2024-10-27T02:53:05+07:00,53081,12,37,23.4,93
2024-10-27T02:53:27+07:00,53082,12,36,23.4,93
2024-10-27T02:53:49+07:00,53083,13,38,23.4,93
2024-10-27T02:54:11+07:00,53084,13,37,23.4,93
2024-10-27T02:54:33+07:00,53085,12,37,23.4,92
2024-10-27T02:54:55+07:00,53086,13,37,23.4,92
2024-10-27T02:55:16+07:00,53087,13,37,23.4,92
2024-10-27T02:55:39+07:00,53088,12,37,23.4,92
2024-10-27T02:56:01+07:00,53089,12,36,23.4,92
2024-10-27T02:56:22+07:00,53090,12,36,23.4,92
2024-10-27T02:56:45+07:00,53091,12,36,23.4,92
2024-10-27T02:57:07+07:00,53092,12,38,23.4,92
2024-10-27T02:57:29+07:00,53093,12,36,23.4,93
2024-10-27T02:57:51+07:00,53094,12,37,23.4,92
2024-10-27T02:58:13+07:00,53095,12,36,23.4,92
2024-10-27T02:58:35+07:00,53096,12,38,23.4,92
2024-10-27T02:58:57+07:00,53097,12,36,23.4,93
2024-10-27T02:59:19+07:00,53098,13,36,23.4,92
2024-10-27T02:59:41+07:00,53099,13,38,23.4,92
2024-10-27T03:00:03+07:00,53100,13,37,23.4,93
2024-10-27T03:00:25+07:00,53101,13,37,23.4,93
2024-10-27T03:00:47+07:00,53102,13,36,23.4,93
2024-10-27T03:01:09+07:00,53103,13,38,23.4,93
2024-10-27T03:01:31+07:00,53104,12,36,23.4,92
2024-10-27T03:01:53+07:00,53105,13,38,23.4,92
2024-10-27T03:02:15+07:00,53106,12,37,23.4,92
2024-10-27T03:02:37+07:00,53107,12,37,23.4,92
2024-10-27T03:02:59+07:00,53108,12,36,23.4,92
2024-10-27T03:03:21+07:00,53109,12,37,23.4,92
2024-10-27T03:03:43+07:00,53110,13,37,23.4,92
2024-10-27T03:04:05+07:00,53111,12,37,23.4,92
2024-10-27T03:04:27+07:00,53112,12,37,23.4,92
2024-10-27T03:04:49+07:00,53113,12,37,23.4,92
2024-10-27T03:05:11+07:00,53114,12,38,23.4,92
2024-10-27T03:05:33+07:00,53115,12,35,23.4,93
2024-10-27T03:05:55+07:00,53116,13,36,23.4,93
2024-10-27T03:06:17+07:00,53117,13,36,23.4,92
2024-10-27T03:06:39+07:00,53118,12,36,23.4,92
2024-10-27T03:07:02+07:00,53119,12,37,23.4,92
2024-10-27T03:07:23+07:00,53120,12,37,23.4,92
2024-10-27T03:07:45+07:00,53121,12,36,23.4,92
2024-10-27T03:08:07+07:00,53122,12,36,23.4,92
2024-10-27T03:08:29+07:00,53123,12,36,23.4,93
2024-10-27T03:08:51+07:00,53124,13,36,23.4,93
2024-10-27T03:09:14+07:00,53125,13,36,23.4,92
2024-10-27T03:09:35+07:00,53126,12,36,23.4,92
2024-10-27T03:09:57+07:00,53127,12,36,23.4,93
2024-10-27T03:10:20+07:00,53128,12,37,23.4,92
2024-10-27T03:10:42+07:00,53129,11,36,23.4,92
2024-10-27T03:11:04+07:00,53130,13,36,23.4,92
2024-10-27T03:11:26+07:00,53131,13,37,23.4,92
2024-10-27T03:11:48+07:00,53132,12,36,23.4,92
2024-10-27T03:12:10+07:00,53133,12,37,23.4,92
2024-10-27T03:12:32+07:00,53134,13,36,23.4,92
2024-10-27T03:12:54+07:00,53135,12,36,23.4,93
2024-10-27T03:13:16+07:00,53136,13,37,23.4,93
2024-10-27T03:13:38+07:00,53137,12,36,23.4,93
2024-10-27T03:14:00+07:00,53138,12,36,23.4,93
2024-10-27T03:14:22+07:00,53139,12,35,23.4,93
2024-10-27T03:14:44+07:00,53140,12,36,23.4,93
2024-10-27T03:15:06+07:00,53141,13,37,23.4,93
2024-10-27T03:15:28+07:00,53142,12,36,23.4,93
2024-10-27T03:15:50+07:00,53143,12,37,23.4,93
2024-10-27T03:16:12+07:00,53144,13,37,23.4,93
2024-10-27T03:16:34+07:00,53145,13,36,23.4,92
2024-10-27T03:16:57+07:00,53146,12,36,23.4,92
2024-10-27T03:17:19+07:00,53147,12,36,23.4,92
2024-10-27T03:17:41+07:00,53148,13,36,23.4,92
2024-10-27T03:18:03+07:00,53149,13,36,23.4,92
2024-10-27T03:18:25+07:00,53150,12,37,23.4,92
2024-10-27T03:18:47+07:00,53151,12,37,23.4,92
2024-10-27T03:19:09+07:00,53152,13,36,23.4,92
2024-10-27T03:19:31+07:00,53153,12,37,23.4,93
2024-10-27T03:19:53+07:00,53154,12,36,23.4,93
2024-10-27T03:20:15+07:00,53155,13,37,23.4,93
2024-10-27T03:20:38+07:00,53156,13,36,23.4,93
2024-10-27T03:21:00+07:00,53157,12,37,23.4,93
2024-10-27T03:21:22+07:00,53158,12,36,23.4,93
2024-10-27T03:21:44+07:00,53159,13,36,23.4,93
2024-10-27T03:22:06+07:00,53160,11,37,23.4,93
2024-10-27T03:22:28+07:00,53161,13,36,23.4,93
2024-10-27T03:22:50+07:00,53162,12,36,23.4,93
2024-10-27T03:23:12+07:00,53163,12,36,23.4,93
2024-10-27T03:23:34+07:00,53164,13,34,23.4,93
2024-10-27T03:23:56+07:00,53165,12,37,23.4,93
2024-10-27T03:24:18+07:00,53166,13,37,23.4,93
2024-10-27T03:24:40+07:00,53167,12,36,23.4,93
2024-10-27T03:25:02+07:00,53168,12,35,23.4,93
2024-10-27T03:25:24+07:00,53169,12,37,23.4,93
2024-10-27T03:25:46+07:00,53170,12,37,23.4,93
2024-10-27T03:26:08+07:00,53171,13,37,23.4,93
2024-10-27T03:26:30+07:00,53172,13,37,23.4,93
2024-10-27T03:26:52+07:00,53173,12,37,23.4,93
2024-10-27T03:27:14+07:00,53174,12,36,23.4,93
2024-10-27T03:27:36+07:00,53175,13,37,23.4,93
2024-10-27T03:27:58+07:00,53176,12,37,23.4,93
2024-10-27T03:28:20+07:00,53177,12,35,23.4,93
2024-10-27T03:28:42+07:00,53178,12,36,23.4,93
2024-10-27T03:29:05+07:00,53179,12,36,23.4,93
2024-10-27T03:29:27+07:00,53180,12,35,23.4,93
2024-10-27T03:29:48+07:00,53181,13,36,23.4,93
2024-10-27T03:30:10+07:00,53182,12,38,23.4,93
2024-10-27T03:30:32+07:00,53183,12,36,23.4,93
2024-10-27T03:30:55+07:00,53184,12,36,23.4,93
2024-10-27T03:31:17+07:00,53185,12,36,23.4,93
2024-10-27T03:31:39+07:00,53186,12,35,23.4,93
2024-10-27T03:32:01+07:00,53187,13,36,23.4,93
2024-10-27T03:32:23+07:00,53188,13,38,23.3,93
2024-10-27T03:32:45+07:00,53189,13,36,23.1,93
2024-10-27T03:33:07+07:00,53190,13,37,23,93
2024-10-27T03:33:29+07:00,53191,13,35,23,93
2024-10-27T03:33:51+07:00,53192,12,37,23,93
2024-10-27T03:34:13+07:00,53193,12,37,23,93
2024-10-27T03:34:35+07:00,53194,12,36,23,93
2024-10-27T03:34:57+07:00,53195,12,36,23,93
2024-10-27T03:35:19+07:00,53196,13,36,23.1,93
2024-10-27T03:35:41+07:00,53197,12,36,23.4,93
2024-10-27T03:36:03+07:00,53198,12,37,23.4,93
2024-10-27T03:36:25+07:00,53199,13,36,23.4,94
2024-10-27T03:36:47+07:00,53200,13,36,23.4,94
2024-10-27T03:37:09+07:00,53201,12,36,23.4,94
2024-10-27T03:37:31+07:00,53202,12,36,23.4,94
2024-10-27T03:37:53+07:00,53203,12,36,23.4,94
2024-10-27T03:38:15+07:00,53204,12,36,23.4,94
2024-10-27T03:38:38+07:00,53205,12,36,23.4,94
2024-10-27T03:39:00+07:00,53206,12,36,23.4,94
2024-10-27T03:39:22+07:00,53207,12,38,23.4,94
2024-10-27T03:39:44+07:00,53208,13,37,23.4,94
2024-10-27T03:40:06+07:00,53209,12,37,23.4,94
2024-10-27T03:40:28+07:00,53210,13,36,23.4,94
2024-10-27T03:40:50+07:00,53211,12,36,23.4,94
2024-10-27T03:41:12+07:00,53212,12,36,23.4,94
2024-10-27T03:41:34+07:00,53213,12,36,23.4,94
2024-10-27T03:41:56+07:00,53214,13,37,23.4,94
2024-10-27T03:42:18+07:00,53215,12,36,23.4,94
2024-10-27T03:42:40+07:00,53216,12,37,23.4,94
2024-10-27T03:43:02+07:00,53217,12,37,23.4,94
2024-10-27T03:43:24+07:00,53218,13,37,23.4,94
2024-10-27T03:43:46+07:00,53219,13,36,23.4,94
2024-10-27T03:44:08+07:00,53220,13,35,23.4,94
2024-10-27T03:44:30+07:00,53221,12,36,23.4,94
2024-10-27T03:44:52+07:00,53222,12,37,23.4,94
2024-10-27T03:45:14+07:00,53223,13,37,23.4,94
2024-10-27T03:45:36+07:00,53224,12,36,23.4,94
2024-10-27T03:45:58+07:00,53225,12,36,23.4,94
2024-10-27T03:46:20+07:00,53226,12,36,23.4,94
2024-10-27T03:46:42+07:00,53227,12,36,23.4,94
2024-10-27T03:47:04+07:00,53228,12,37,23.4,94
2024-10-27T03:47:27+07:00,53229,12,36,23.4,94
2024-10-27T03:47:49+07:00,53230,13,36,23.4,94
2024-10-27T03:48:10+07:00,53231,13,36,23.4,94
2024-10-27T03:48:32+07:00,53232,12,35,23.4,94
2024-10-27T03:48:55+07:00,53233,12,37,23.4,94
2024-10-27T03:49:17+07:00,53234,12,35,23.4,94
2024-10-27T03:49:39+07:00,53235,12,36,23.4,94
2024-10-27T03:50:01+07:00,53236,12,37,23.4,94
2024-10-27T03:50:23+07:00,53237,13,37,23.4,94
2024-10-27T03:50:45+07:00,53238,12,36,23.4,94
2024-10-27T03:51:07+07:00,53239,13,36,23.4,94
2024-10-27T03:51:29+07:00,53240,12,36,23.4,94
2024-10-27T03:51:51+07:00,53241,12,37,23.4,94
2024-10-27T03:52:13+07:00,53242,12,36,23.4,94
2024-10-27T03:52:35+07:00,53243,12,37,23.4,94
2024-10-27T03:52:57+07:00,53244,11,36,23.4,94
2024-10-27T03:53:19+07:00,53245,12,37,23.4,94
2024-10-27T03:53:41+07:00,53246,12,37,23.4,94
2024-10-27T03:54:03+07:00,53247,12,38,23.4,94
2024-10-27T03:54:25+07:00,53248,13,36,23.4,94
2024-10-27T03:54:47+07:00,53249,13,36,23.4,94
2024-10-27T03:55:09+07:00,53250,12,36,23.4,94
2024-10-27T03:55:31+07:00,53251,12,36,23.4,94
2024-10-27T03:55:53+07:00,53252,12,37,23.4,94
2024-10-27T03:56:15+07:00,53253,13,36,23.4,94
2024-10-27T03:56:37+07:00,53254,12,36,23.4,94
2024-10-27T03:56:59+07:00,53255,13,37,23.4,94
2024-10-27T03:57:21+07:00,53256,13,37,23.4,94
2024-10-27T03:57:43+07:00,53257,12,35,23.4,94
2024-10-27T03:58:05+07:00,53258,12,37,23.4,94
2024-10-27T03:58:27+07:00,53259,12,36,23.4,94
2024-10-27T03:58:49+07:00,53260,12,36,23.4,94
2024-10-27T03:59:11+07:00,53261,12,36,23.4,94
2024-10-27T03:59:33+07:00,53262,13,36,23.4,94
2024-10-27T03:59:55+07:00,53263,12,37,23.4,94
2024-10-27T04:00:17+07:00,53264,12,36,23.4,94
2024-10-27T04:00:39+07:00,53265,11,37,23.4,94
2024-10-27T04:01:01+07:00,53266,12,36,23.4,94
2024-10-27T04:01:23+07:00,53267,11,37,23.4,94
2024-10-27T04:01:45+07:00,53268,12,37,23.4,94
2024-10-27T04:02:07+07:00,53269,13,36,23.4,94
2024-10-27T04:02:29+07:00,53270,13,36,23.4,94
2024-10-27T04:02:51+07:00,53271,13,36,23.4,94
2024-10-27T04:03:13+07:00,53272,13,37,23.4,94
2024-10-27T04:03:35+07:00,53273,12,36,23.4,94
2024-10-27T04:03:57+07:00,53274,12,36,23.4,94
2024-10-27T04:04:19+07:00,53275,12,35,23.4,94
2024-10-27T04:04:41+07:00,53276,13,35,23.4,94
2024-10-27T04:05:03+07:00,53277,12,36,23.4,94
2024-10-27T04:05:25+07:00,53278,12,35,23.4,94
2024-10-27T04:05:47+07:00,53279,12,36,23.4,94
2024-10-27T04:06:09+07:00,53280,12,35,23.4,94
2024-10-27T04:06:32+07:00,53281,13,36,23.4,94
2024-10-27T04:06:54+07:00,53282,12,36,23.4,94
2024-10-27T04:07:16+07:00,53283,12,35,23.4,94
2024-10-27T04:07:38+07:00,53284,13,35,23.4,94
2024-10-27T04:08:00+07:00,53285,12,36,23.4,94
2024-10-27T04:08:22+07:00,53286,12,36,23.1,94
2024-10-27T04:08:44+07:00,53287,13,36,23,94
2024-10-27T04:09:06+07:00,53288,13,36,23,94
2024-10-27T04:09:28+07:00,53289,13,37,23,94
2024-10-27T04:09:50+07:00,53290,13,35,23,94
2024-10-27T04:10:12+07:00,53291,12,35,23,94
2024-10-27T04:10:34+07:00,53292,13,36,23,94
2024-10-27T04:10:56+07:00,53293,12,36,23,94
2024-10-27T04:11:18+07:00,53294,13,35,23,94
2024-10-27T04:11:40+07:00,53295,12,36,23,94
2024-10-27T04:12:02+07:00,53296,12,36,23,94
2024-10-27T04:12:24+07:00,53297,13,36,23,94
2024-10-27T04:12:46+07:00,53298,12,35,23,94
2024-10-27T04:13:08+07:00,53299,12,36,23,95
2024-10-27T04:13:30+07:00,53300,13,36,23,95
2024-10-27T04:13:52+07:00,53301,13,36,23,95
2024-10-27T04:14:15+07:00,53302,13,36,23,95
2024-10-27T04:14:37+07:00,53303,13,36,23,95
2024-10-27T04:14:59+07:00,53304,12,36,23,95
2024-10-27T04:15:21+07:00,53305,12,36,23,95
2024-10-27T04:15:43+07:00,53306,12,36,23,95
2024-10-27T04:16:05+07:00,53307,13,36,23,95
2024-10-27T04:16:27+07:00,53308,12,34,23,95
2024-10-27T04:16:49+07:00,53309,12,36,23,95
2024-10-27T04:17:11+07:00,53310,13,35,23,95
2024-10-27T04:17:33+07:00,53311,12,35,23,95
2024-10-27T04:17:55+07:00,53312,12,36,23,95
2024-10-27T04:18:17+07:00,53313,12,36,23,95
2024-10-27T04:18:39+07:00,53314,13,36,23,95
2024-10-27T04:19:01+07:00,53315,12,36,23,95
2024-10-27T04:19:23+07:00,53316,12,36,23,95
2024-10-27T04:19:45+07:00,53317,13,37,23,95
2024-10-27T04:20:08+07:00,53318,12,35,23,95
2024-10-27T04:20:30+07:00,53319,13,35,23,95
2024-10-27T04:20:52+07:00,53320,12,35,23,95
2024-10-27T04:21:14+07:00,53321,13,36,23,95
2024-10-27T04:21:36+07:00,53322,13,35,23,95
2024-10-27T04:21:58+07:00,53323,13,35,23,95
2024-10-27T04:22:20+07:00,53324,12,36,23,95
2024-10-27T04:22:42+07:00,53325,12,35,23,95
2024-10-27T04:23:04+07:00,53326,13,36,23,95
2024-10-27T04:23:26+07:00,53327,12,35,23,95
2024-10-27T04:23:48+07:00,53328,12,36,23,96
2024-10-27T04:24:10+07:00,53329,13,36,23,95
2024-10-27T04:24:33+07:00,53330,12,36,23,96
2024-10-27T04:24:55+07:00,53331,12,36,23,96
2024-10-27T04:25:17+07:00,53332,13,37,23,95
2024-10-27T04:25:39+07:00,53333,13,35,23,95
2024-10-27T04:26:01+07:00,53334,12,35,23,95
2024-10-27T04:26:23+07:00,53335,12,36,23,95
2024-10-27T04:26:45+07:00,53336,13,37,23,95
2024-10-27T04:27:07+07:00,53337,13,36,23,95
2024-10-27T04:27:29+07:00,53338,13,36,23,95
2024-10-27T04:27:51+07:00,53339,12,34,23,95
2024-10-27T04:28:13+07:00,53340,12,37,23,95
2024-10-27T04:28:36+07:00,53341,13,35,23,95
2024-10-27T04:28:58+07:00,53342,13,36,23,95
2024-10-27T04:29:20+07:00,53343,13,36,23,95
2024-10-27T04:29:42+07:00,53344,12,36,23,95
2024-10-27T04:30:04+07:00,53345,13,35,23,95
2024-10-27T04:30:26+07:00,53346,12,35,23,96
2024-10-27T04:30:48+07:00,53347,13,36,23,96
2024-10-27T04:31:11+07:00,53348,12,36,23,96
2024-10-27T04:31:33+07:00,53349,13,35,23,96
2024-10-27T04:31:55+07:00,53350,13,36,23,96
2024-10-27T04:32:17+07:00,53351,13,35,23,96
2024-10-27T04:32:39+07:00,53352,12,35,23,96
2024-10-27T04:33:01+07:00,53353,13,35,23,96
2024-10-27T04:33:23+07:00,53354,13,35,23,96
2024-10-27T04:33:45+07:00,53355,12,36,23,96
2024-10-27T04:34:07+07:00,53356,12,36,23,96
2024-10-27T04:34:29+07:00,53357,13,36,23,96
2024-10-27T04:34:52+07:00,53358,12,36,23,96
2024-10-27T04:35:14+07:00,53359,12,34,23,96
2024-10-27T04:35:36+07:00,53360,12,35,23,96
2024-10-27T04:35:58+07:00,53361,13,35,23,96
2024-10-27T04:36:21+07:00,53362,13,35,23,96
2024-10-27T04:36:43+07:00,53363,12,35,23,96
2024-10-27T04:37:05+07:00,53364,14,36,23,96
2024-10-27T04:37:28+07:00,53365,12,36,23,96
2024-10-27T04:37:50+07:00,53366,12,36,23,96
2024-10-27T04:38:12+07:00,53367,13,35,23,96
2024-10-27T04:38:34+07:00,53368,12,35,23,96
2024-10-27T04:38:56+07:00,53369,13,35,23,96
2024-10-27T04:39:18+07:00,53370,13,35,23,96
2024-10-27T04:39:40+07:00,53371,12,35,23,96
2024-10-27T04:40:02+07:00,53372,13,36,23,96
2024-10-27T04:40:24+07:00,53373,12,36,23,96
2024-10-27T04:40:46+07:00,53374,11,35,23,96
2024-10-27T04:41:09+07:00,53375,13,35,23,96
2024-10-27T04:41:31+07:00,53376,12,36,23,96
2024-10-27T04:41:54+07:00,53377,12,36,23,96
2024-10-27T04:42:16+07:00,53378,12,36,23,96
2024-10-27T04:42:38+07:00,53379,12,35,23,96
2024-10-27T04:43:00+07:00,53380,12,35,23,96
2024-10-27T04:43:22+07:00,53381,12,35,23,96
2024-10-27T04:43:44+07:00,53382,13,35,23,96
2024-10-27T04:44:06+07:00,53383,12,35,23,96
2024-10-27T04:44:29+07:00,53384,13,35,23,96
2024-10-27T04:44:51+07:00,53385,13,36,23,96
2024-10-27T04:45:13+07:00,53386,12,35,23,96
2024-10-27T04:45:35+07:00,53387,13,35,23,96
2024-10-27T04:45:58+07:00,53388,13,35,23,96
2024-10-27T04:46:20+07:00,53389,12,37,23,96
2024-10-27T04:46:42+07:00,53390,12,35,23,96
2024-10-27T04:47:04+07:00,53391,13,35,23,96
2024-10-27T04:47:26+07:00,53392,11,37,23,96
2024-10-27T04:47:48+07:00,53393,12,38,23,96
2024-10-27T04:48:11+07:00,53394,12,37,23,96
2024-10-27T04:48:34+07:00,53395,12,36,23,96
2024-10-27T04:48:56+07:00,53396,13,34,23,96
2024-10-27T04:49:18+07:00,53397,13,36,23,96
2024-10-27T04:49:40+07:00,53398,13,35,23,96
2024-10-27T04:50:02+07:00,53399,13,35,23,96
2024-10-27T04:50:25+07:00,53400,12,34,23,96
2024-10-27T04:50:47+07:00,53401,13,35,23,96
2024-10-27T04:51:09+07:00,53402,13,37,23,96
2024-10-27T04:51:31+07:00,53403,13,38,23,96
2024-10-27T04:51:54+07:00,53404,13,36,23,96
2024-10-27T04:52:16+07:00,53405,13,33,23,96
2024-10-27T04:52:39+07:00,53406,12,37,23,96
2024-10-27T04:53:01+07:00,53407,13,35,23,95
2024-10-27T04:53:23+07:00,53408,13,36,23,95
2024-10-27T04:53:45+07:00,53409,13,35,23,96
2024-10-27T04:54:08+07:00,53410,11,36,23,95
2024-10-27T04:54:30+07:00,53411,11,36,23,95
2024-10-27T04:54:52+07:00,53412,11,34,23,95
2024-10-27T04:55:14+07:00,53413,13,35,23,95
2024-10-27T04:55:37+07:00,53414,13,36,23,95
2024-10-27T04:55:59+07:00,53415,12,36,23,95
2024-10-27T04:56:21+07:00,53416,12,35,23,95
2024-10-27T04:56:43+07:00,53417,12,34,23,95
2024-10-27T04:57:05+07:00,53418,13,34,23,95
2024-10-27T04:57:28+07:00,53419,11,36,23,95
2024-10-27T04:57:50+07:00,53420,14,36,23,95
2024-10-27T04:58:12+07:00,53421,14,33,23,95
2024-10-27T04:58:34+07:00,53422,12,39,23,96
2024-10-27T04:58:57+07:00,53423,13,37,23,96
2024-10-27T04:59:19+07:00,53424,12,37,23,96
2024-10-27T04:59:41+07:00,53425,11,35,23,96
2024-10-27T05:00:04+07:00,53426,12,35,23,96
2024-10-27T05:00:26+07:00,53427,12,36,23,96
2024-10-27T05:00:49+07:00,53428,12,34,23,96
2024-10-27T05:01:11+07:00,53429,12,36,23,96
2024-10-27T05:01:33+07:00,53430,12,34,23,96
2024-10-27T05:01:55+07:00,53431,13,35,23,96
2024-10-27T05:02:18+07:00,53432,13,33,23,96
2024-10-27T05:02:39+07:00,53433,13,37,23,96
2024-10-27T05:03:02+07:00,53434,13,36,23,96
2024-10-27T05:03:24+07:00,53435,12,36,23,95
2024-10-27T05:03:47+07:00,53436,13,37,23,95
2024-10-27T05:04:09+07:00,53437,11,37,23,95
2024-10-27T05:04:31+07:00,53438,13,36,23,96
2024-10-27T05:04:54+07:00,53439,11,37,23,96
2024-10-27T05:05:16+07:00,53440,12,34,23,96
2024-10-27T05:05:38+07:00,53441,12,33,23,96
2024-10-27T05:06:00+07:00,53442,12,33,23,96
2024-10-27T05:06:23+07:00,53443,11,35,23,95
2024-10-27T05:06:45+07:00,53444,13,36,23,95
2024-10-27T05:07:08+07:00,53445,11,36,23,95
2024-10-27T05:07:30+07:00,53446,14,37,23,95
2024-10-27T05:07:52+07:00,53447,13,33,23,95
2024-10-27T05:08:14+07:00,53448,12,33,23,95
2024-10-27T05:08:37+07:00,53449,12,34,23,95
2024-10-27T05:08:59+07:00,53450,13,37,23,95
2024-10-27T05:09:21+07:00,53451,12,35,23,95
2024-10-27T05:09:44+07:00,53452,12,35,23,95
2024-10-27T05:10:06+07:00,53453,13,34,23,95
2024-10-27T05:10:29+07:00,53454,12,36,23,95
2024-10-27T05:10:51+07:00,53455,12,35,23,95
2024-10-27T05:11:13+07:00,53456,12,38,23,95
2024-10-27T05:11:36+07:00,53457,14,35,23,95
2024-10-27T05:11:58+07:00,53458,13,33,23,95
2024-10-27T05:12:20+07:00,53459,13,36,23,95
2024-10-27T05:12:43+07:00,53460,13,33,23,95
2024-10-27T05:13:06+07:00,53461,13,36,22.9,95
2024-10-27T05:13:28+07:00,53462,13,32,22.8,95
2024-10-27T05:13:51+07:00,53463,11,35,23,96
2024-10-27T05:14:13+07:00,53464,13,37,23,96
2024-10-27T05:14:35+07:00,53465,12,36,23,96
2024-10-27T05:14:58+07:00,53466,12,36,23,96
2024-10-27T05:15:20+07:00,53467,13,36,23,96
2024-10-27T05:15:43+07:00,53468,11,36,23,96
2024-10-27T05:16:05+07:00,53469,13,35,23,96
2024-10-27T05:16:27+07:00,53470,13,34,23,96
2024-10-27T05:16:50+07:00,53471,14,36,23,96
2024-10-27T05:17:12+07:00,53472,12,34,23,96
2024-10-27T05:17:35+07:00,53473,12,35,23,96
2024-10-27T05:17:57+07:00,53474,14,35,23,96
2024-10-27T05:18:19+07:00,53475,12,35,23,96
2024-10-27T05:18:42+07:00,53476,12,35,23,96
2024-10-27T05:19:04+07:00,53477,12,35,23,96
2024-10-27T05:19:27+07:00,53478,13,37,23,96
2024-10-27T05:19:49+07:00,53479,11,36,23,96
2024-10-27T05:20:11+07:00,53480,12,35,23,96
2024-10-27T05:20:34+07:00,53481,13,36,23,96
2024-10-27T05:20:56+07:00,53482,13,33,23,96
2024-10-27T05:21:19+07:00,53483,12,36,23,96
2024-10-27T05:21:41+07:00,53484,12,36,23,96
2024-10-27T05:22:04+07:00,53485,12,36,23,96
2024-10-27T05:22:26+07:00,53486,13,35,23,96
2024-10-27T05:22:48+07:00,53487,12,35,23,96
2024-10-27T05:23:11+07:00,53488,12,36,23,96
2024-10-27T05:23:33+07:00,53489,13,35,23,96
2024-10-27T05:23:56+07:00,53490,13,33,23,96
2024-10-27T05:24:18+07:00,53491,13,34,23,96
2024-10-27T05:24:41+07:00,53492,13,33,23,96
2024-10-27T05:25:04+07:00,53493,12,34,23,96
2024-10-27T05:25:26+07:00,53494,12,36,23,96
2024-10-27T05:25:48+07:00,53495,13,36,23,96
2024-10-27T05:26:10+07:00,53496,12,35,23,96
2024-10-27T05:26:33+07:00,53497,12,33,23,96
2024-10-27T05:26:55+07:00,53498,13,35,22.8,96
2024-10-27T05:27:18+07:00,53499,12,37,22.7,96
2024-10-27T05:27:40+07:00,53500,12,35,22.7,96
2024-10-27T05:28:02+07:00,53501,13,33,22.7,96
2024-10-27T05:28:25+07:00,53502,12,36,22.7,96
2024-10-27T05:28:47+07:00,53503,13,34,22.6,96
2024-10-27T05:29:10+07:00,53504,13,36,22.7,96
2024-10-27T05:29:32+07:00,53505,13,34,22.6,96
2024-10-27T05:29:55+07:00,53506,13,35,22.7,96
2024-10-27T05:30:17+07:00,53507,12,36,22.6,96
2024-10-27T05:30:40+07:00,53508,13,36,22.6,96
2024-10-27T05:31:02+07:00,53509,13,36,22.7,96
2024-10-27T05:31:25+07:00,53510,12,35,22.7,97
2024-10-27T05:31:47+07:00,53511,12,33,23,97
2024-10-27T05:32:10+07:00,53512,14,33,23,97
2024-10-27T05:32:32+07:00,53513,14,36,23,97
2024-10-27T05:32:54+07:00,53514,13,37,23,97
2024-10-27T05:33:17+07:00,53515,12,33,23,97
2024-10-27T05:33:39+07:00,53516,13,35,23,97
2024-10-27T05:34:02+07:00,53517,13,35,23,97
2024-10-27T05:34:25+07:00,53518,12,35,23,97
2024-10-27T05:34:47+07:00,53519,12,36,23,97
2024-10-27T05:35:09+07:00,53520,13,34,23,97
2024-10-27T05:35:32+07:00,53521,12,36,23,97
2024-10-27T05:35:54+07:00,53522,12,34,23,97
2024-10-27T05:36:17+07:00,53523,13,37,23,97
2024-10-27T05:36:39+07:00,53524,13,34,23,97
2024-10-27T05:37:01+07:00,53525,12,35,23,97
2024-10-27T05:37:24+07:00,53526,12,34,23,97
2024-10-27T05:37:46+07:00,53527,13,36,23,97
2024-10-27T05:38:08+07:00,53528,13,36,23,97
2024-10-27T05:38:31+07:00,53529,12,34,23,97
2024-10-27T05:38:53+07:00,53530,12,37,23,96
2024-10-27T05:39:16+07:00,53531,14,33,23,96
2024-10-27T05:39:38+07:00,53532,14,35,23,96
2024-10-27T05:40:01+07:00,53533,13,35,23,96
2024-10-27T05:40:23+07:00,53534,14,33,23,96
2024-10-27T05:40:45+07:00,53535,12,35,23,96
2024-10-27T05:41:08+07:00,53536,13,35,23,96
2024-10-27T05:41:31+07:00,53537,11,37,23,97
2024-10-27T05:41:53+07:00,53538,12,36,23,96
2024-10-27T05:42:16+07:00,53539,13,35,23,96
2024-10-27T05:42:38+07:00,53540,14,34,23,97
2024-10-27T05:43:01+07:00,53541,13,36,23,97
2024-10-27T05:43:24+07:00,53542,12,36,23,97
2024-10-27T05:43:46+07:00,53543,12,34,23,97
2024-10-27T05:44:08+07:00,53544,13,34,23,97
2024-10-27T05:44:31+07:00,53545,13,34,23,97
2024-10-27T05:44:54+07:00,53546,12,35,23,97
2024-10-27T05:45:16+07:00,53547,12,36,23,97
2024-10-27T05:45:38+07:00,53548,13,33,23.2,97
2024-10-27T05:46:01+07:00,53549,13,34,23.4,97
2024-10-27T05:46:23+07:00,53550,13,33,23.4,97
2024-10-27T05:46:46+07:00,53551,11,34,23.4,97
2024-10-27T05:47:08+07:00,53552,13,35,23.4,96
2024-10-27T05:47:31+07:00,53553,13,34,23.4,96
2024-10-27T05:47:53+07:00,53554,12,36,23.4,96
2024-10-27T05:48:15+07:00,53555,13,32,23.4,96
2024-10-27T05:48:38+07:00,53556,12,35,23.4,96
2024-10-27T05:49:00+07:00,53557,11,35,23.4,96
2024-10-27T05:49:23+07:00,53558,13,35,23.4,96
2024-10-27T05:49:45+07:00,53559,13,35,23.4,96
2024-10-27T05:50:08+07:00,53560,12,35,23.4,96
2024-10-27T05:50:30+07:00,53561,12,35,23.4,96
2024-10-27T05:50:52+07:00,53562,11,34,23.4,96
2024-10-27T05:51:15+07:00,53563,13,37,23.4,96
2024-10-27T05:51:37+07:00,53564,13,36,23.4,96
2024-10-27T05:52:00+07:00,53565,12,36,23.4,96
2024-10-27T05:52:22+07:00,53566,12,34,23.4,96
2024-10-27T05:52:45+07:00,53567,13,36,23.4,96
2024-10-27T05:53:07+07:00,53568,13,37,23.4,96
2024-10-27T05:53:30+07:00,53569,13,34,23.4,96
2024-10-27T05:53:52+07:00,53570,13,35,23.4,96
2024-10-27T05:54:14+07:00,53571,13,34,23.4,96
2024-10-27T05:54:37+07:00,53572,12,36,23.4,96
2024-10-27T05:54:59+07:00,53573,13,36,23.4,96
2024-10-27T05:55:22+07:00,53574,12,36,23.4,95
2024-10-27T05:55:45+07:00,53575,11,32,23.4,95
2024-10-27T05:56:07+07:00,53576,13,33,23.4,95
2024-10-27T05:56:30+07:00,53577,12,34,23.4,95
2024-10-27T05:56:52+07:00,53578,13,35,23.4,95
2024-10-27T05:57:15+07:00,53579,12,33,23.4,96
2024-10-27T05:57:37+07:00,53580,12,34,23.4,96
2024-10-27T05:58:00+07:00,53581,13,35,23.4,96
2024-10-27T05:58:23+07:00,53582,13,36,23.4,96
2024-10-27T05:58:45+07:00,53583,14,34,23.4,96
2024-10-27T05:59:07+07:00,53584,12,33,23.4,96
2024-10-27T05:59:30+07:00,53585,14,35,23.4,96
2024-10-27T05:59:52+07:00,53586,11,37,23.4,96
2024-10-27T06:00:15+07:00,53587,12,34,23.4,96
2024-10-27T06:00:37+07:00,53588,12,33,23.4,96
2024-10-27T06:01:00+07:00,53589,12,33,23.4,96
2024-10-27T06:01:23+07:00,53590,13,33,23.4,96
2024-10-27T06:01:46+07:00,53591,12,35,23.4,96
2024-10-27T06:02:08+07:00,53592,12,36,23.4,96
2024-10-27T06:02:31+07:00,53593,12,34,23.4,96
2024-10-27T06:02:53+07:00,53594,13,33,23.4,96
2024-10-27T06:03:15+07:00,53595,11,34,23.4,96
2024-10-27T06:03:38+07:00,53596,13,35,23.4,96
2024-10-27T06:04:00+07:00,53597,12,35,23.4,95
2024-10-27T06:04:23+07:00,53598,12,35,23.4,95
2024-10-27T06:04:45+07:00,53599,13,37,23.4,95
2024-10-27T06:05:08+07:00,53600,13,35,23.4,95
2024-10-27T06:05:30+07:00,53601,14,34,23.4,95
2024-10-27T06:05:52+07:00,53602,12,37,23.7,95
2024-10-27T06:06:15+07:00,53603,12,34,23.8,95
2024-10-27T06:06:38+07:00,53604,12,33,23.8,95
2024-10-27T06:07:01+07:00,53605,13,33,23.8,95
2024-10-27T06:07:23+07:00,53606,11,36,23.8,95
2024-10-27T06:07:46+07:00,53607,12,36,23.8,95
2024-10-27T06:08:08+07:00,53608,12,36,23.8,95
2024-10-27T06:08:31+07:00,53609,10,36,23.8,95
2024-10-27T06:08:54+07:00,53610,12,32,23.8,95
2024-10-27T06:09:16+07:00,53611,12,36,23.8,95
2024-10-27T06:09:39+07:00,53612,11,36,23.8,95
2024-10-27T06:10:01+07:00,53613,12,38,23.8,95
2024-10-27T06:10:24+07:00,53614,13,36,23.8,95
2024-10-27T06:10:46+07:00,53615,12,36,23.8,95
2024-10-27T06:11:09+07:00,53616,11,35,23.8,95
2024-10-27T06:11:31+07:00,53617,12,37,23.8,95
2024-10-27T06:11:54+07:00,53618,13,36,23.8,95
2024-10-27T06:12:17+07:00,53619,12,35,23.8,95
2024-10-27T06:12:39+07:00,53620,13,37,23.8,95
2024-10-27T06:13:01+07:00,53621,12,37,23.8,95
2024-10-27T06:13:24+07:00,53622,13,37,23.8,95
2024-10-27T06:13:47+07:00,53623,11,34,23.8,94
2024-10-27T06:14:09+07:00,53624,12,35,23.8,94
2024-10-27T06:14:31+07:00,53625,13,33,23.8,94
2024-10-27T06:14:54+07:00,53626,12,36,23.8,94
2024-10-27T06:15:17+07:00,53627,12,35,24,94
2024-10-27T06:15:39+07:00,53628,11,33,24.1,94
2024-10-27T06:16:02+07:00,53629,12,36,23.8,94
2024-10-27T06:16:25+07:00,53630,11,35,23.8,93
2024-10-27T06:16:48+07:00,53631,11,35,23.8,93
2024-10-27T06:17:11+07:00,53632,12,38,23.8,93
2024-10-27T06:17:33+07:00,53633,13,33,23.8,93
2024-10-27T06:17:55+07:00,53634,11,34,23.8,93
2024-10-27T06:18:18+07:00,53635,12,33,24.1,93
2024-10-27T06:18:40+07:00,53636,12,34,24.1,93
2024-10-27T06:19:03+07:00,53637,11,35,24.1,93
2024-10-27T06:19:26+07:00,53638,13,36,24.1,93
2024-10-27T06:19:48+07:00,53639,11,33,24.1,93
2024-10-27T06:20:11+07:00,53640,13,34,24.1,94
2024-10-27T06:20:33+07:00,53641,12,35,24.1,94
2024-10-27T06:20:56+07:00,53642,13,35,24.1,94
2024-10-27T06:21:18+07:00,53643,10,33,24.1,94
2024-10-27T06:21:40+07:00,53644,12,33,24.1,94
2024-10-27T06:22:03+07:00,53645,13,34,24.1,94
2024-10-27T06:22:26+07:00,53646,12,35,24.1,94
2024-10-27T06:22:48+07:00,53647,12,36,24.1,94
2024-10-27T06:23:10+07:00,53648,12,35,24.1,93
2024-10-27T06:23:33+07:00,53649,13,35,24.1,93
2024-10-27T06:23:56+07:00,53650,12,36,24.1,93
2024-10-27T06:24:18+07:00,53651,12,33,24.2,93
2024-10-27T06:24:41+07:00,53652,12,33,24.1,93
2024-10-27T06:25:03+07:00,53653,12,35,24.1,93
2024-10-27T06:25:25+07:00,53654,13,34,24.1,93
2024-10-27T06:25:48+07:00,53655,13,35,24.2,93
2024-10-27T06:26:11+07:00,53656,12,33,24.2,93
2024-10-27T06:26:33+07:00,53657,12,34,24.1,93
2024-10-27T06:26:56+07:00,53658,11,34,24.1,93
2024-10-27T06:27:19+07:00,53659,12,32,24.1,93
2024-10-27T06:27:42+07:00,53660,12,35,24.1,93
2024-10-27T06:28:04+07:00,53661,12,36,24.1,93
2024-10-27T06:28:27+07:00,53662,12,34,24.2,93
2024-10-27T06:28:49+07:00,53663,11,33,24.2,93
2024-10-27T06:29:11+07:00,53664,12,33,24.2,93
2024-10-27T06:29:34+07:00,53665,12,35,24.2,93
2024-10-27T06:29:56+07:00,53666,13,35,24.2,93
2024-10-27T06:30:19+07:00,53667,13,36,24.2,93
2024-10-27T06:30:41+07:00,53668,12,34,24.2,93
2024-10-27T06:31:04+07:00,53669,12,34,24.2,93
2024-10-27T06:31:27+07:00,53670,11,37,24.4,93
2024-10-27T06:31:49+07:00,53671,12,37,24.5,93
2024-10-27T06:32:12+07:00,53672,13,37,24.5,93
2024-10-27T06:32:35+07:00,53673,12,34,24.5,93
2024-10-27T06:32:57+07:00,53674,13,34,24.5,93
2024-10-27T06:33:20+07:00,53675,11,34,24.5,93
2024-10-27T06:33:42+07:00,53676,11,32,24.5,93
2024-10-27T06:34:05+07:00,53677,11,34,24.5,92
2024-10-27T06:34:27+07:00,53678,12,35,24.5,92
2024-10-27T06:34:50+07:00,53679,11,34,24.5,92
2024-10-27T06:35:12+07:00,53680,12,33,24.5,92
2024-10-27T06:35:35+07:00,53681,11,35,24.5,92
2024-10-27T06:35:57+07:00,53682,11,36,24.5,92
2024-10-27T06:36:20+07:00,53683,12,33,24.5,92
2024-10-27T06:36:42+07:00,53684,11,33,24.5,92
2024-10-27T06:37:05+07:00,53685,11,34,24.5,92
2024-10-27T06:37:27+07:00,53686,11,34,24.5,92
2024-10-27T06:37:50+07:00,53687,11,36,24.5,92
2024-10-27T06:38:13+07:00,53688,12,33,24.5,92
2024-10-27T06:38:35+07:00,53689,12,37,24.5,92
2024-10-27T06:38:57+07:00,53690,12,37,24.5,91
2024-10-27T06:39:20+07:00,53691,11,35,24.5,91
2024-10-27T06:39:42+07:00,53692,13,35,24.5,91
2024-10-27T06:40:05+07:00,53693,12,36,24.5,91
2024-10-27T06:40:27+07:00,53694,11,33,24.5,91
2024-10-27T06:40:50+07:00,53695,11,34,24.5,91
2024-10-27T06:41:13+07:00,53696,11,34,24.5,91
2024-10-27T06:41:35+07:00,53697,13,35,24.5,91
2024-10-27T06:41:58+07:00,53698,10,35,24.5,91
2024-10-27T06:42:20+07:00,53699,13,36,24.5,91
2024-10-27T06:42:43+07:00,53700,12,36,24.5,90
2024-10-27T06:43:05+07:00,53701,12,34,24.5,90
2024-10-27T06:43:28+07:00,53702,12,33,24.5,90
2024-10-27T06:43:50+07:00,53703,12,35,24.5,90
2024-10-27T06:44:13+07:00,53704,12,37,24.5,91
2024-10-27T06:44:36+07:00,53705,12,36,24.5,91
2024-10-27T06:44:58+07:00,53706,10,33,24.6,91
2024-10-27T06:45:21+07:00,53707,10,35,24.8,91
2024-10-27T06:45:43+07:00,53708,12,35,24.8,90
2024-10-27T06:46:06+07:00,53709,12,34,24.8,90
2024-10-27T06:46:28+07:00,53710,12,33,24.8,90
2024-10-27T06:46:51+07:00,53711,11,36,24.8,91
2024-10-27T06:47:13+07:00,53712,12,35,24.8,92
2024-10-27T06:47:36+07:00,53713,12,36,24.8,92
2024-10-27T06:47:58+07:00,53714,12,35,24.8,92
2024-10-27T06:48:21+07:00,53715,12,35,24.8,92
2024-10-27T06:48:43+07:00,53716,12,37,24.8,92
2024-10-27T06:49:06+07:00,53717,10,34,24.8,92
2024-10-27T06:49:29+07:00,53718,11,34,24.9,92
2024-10-27T06:49:51+07:00,53719,11,34,24.8,91
2024-10-27T06:50:14+07:00,53720,12,35,24.8,91
2024-10-27T06:50:37+07:00,53721,12,34,24.9,91
2024-10-27T06:50:59+07:00,53722,12,36,25.2,90
2024-10-27T06:51:22+07:00,53723,11,33,25.3,90
2024-10-27T06:51:44+07:00,53724,11,35,25.3,90
2024-10-27T06:52:07+07:00,53725,11,33,25.3,91
2024-10-27T06:52:29+07:00,53726,13,35,25.3,91
2024-10-27T06:52:51+07:00,53727,11,36,25.3,90
2024-10-27T06:53:14+07:00,53728,11,34,25.3,90
2024-10-27T06:53:36+07:00,53729,12,33,25.3,90
2024-10-27T06:53:58+07:00,53730,12,37,25.3,90
2024-10-27T06:54:21+07:00,53731,10,35,25.3,90
2024-10-27T06:54:44+07:00,53732,12,37,25.3,90
2024-10-27T06:55:06+07:00,53733,11,34,25.3,89
2024-10-27T06:55:28+07:00,53734,12,34,25.3,89
2024-10-27T06:55:51+07:00,53735,12,35,25.3,89
2024-10-27T06:56:14+07:00,53736,11,34,25.3,89
2024-10-27T06:56:36+07:00,53737,12,35,25.3,89
2024-10-27T06:56:59+07:00,53738,12,35,25.3,89
2024-10-27T06:57:21+07:00,53739,10,36,25.3,89
2024-10-27T06:57:44+07:00,53740,12,36,25.3,90
2024-10-27T06:58:06+07:00,53741,12,35,25.3,90
2024-10-27T06:58:29+07:00,53742,12,34,25.3,90
2024-10-27T06:58:51+07:00,53743,11,35,25.3,90
2024-10-27T06:59:14+07:00,53744,11,34,25.3,90
2024-10-27T06:59:36+07:00,53745,11,36,25.3,90
2024-10-27T06:59:59+07:00,53746,11,34,25.3,90
2024-10-27T07:00:21+07:00,53747,12,35,25.3,89
2024-10-27T07:00:43+07:00,53748,11,35,25.3,89
2024-10-27T07:01:06+07:00,53749,11,36,25.3,89
2024-10-27T07:01:28+07:00,53750,11,35,25.3,89
2024-10-27T07:01:51+07:00,53751,10,35,25.3,89
2024-10-27T07:02:13+07:00,53752,11,33,25.3,90
2024-10-27T07:02:36+07:00,53753,12,36,25.3,90
2024-10-27T07:02:58+07:00,53754,12,36,25.3,90
2024-10-27T07:03:21+07:00,53755,12,33,25.3,90
2024-10-27T07:03:43+07:00,53756,12,36,25.3,90
2024-10-27T07:04:06+07:00,53757,11,33,25.3,90
2024-10-27T07:04:28+07:00,53758,10,34,25.3,89
2024-10-27T07:04:51+07:00,53759,10,35,25.7,89
2024-10-27T07:05:13+07:00,53760,11,35,25.8,89
2024-10-27T07:05:36+07:00,53761,11,34,25.8,89
2024-10-27T07:05:58+07:00,53762,10,36,25.8,89
2024-10-27T07:06:20+07:00,53763,12,37,25.8,89
2024-10-27T07:06:43+07:00,53764,11,36,25.8,89
2024-10-27T07:07:05+07:00,53765,11,37,25.8,89
2024-10-27T07:07:28+07:00,53766,11,36,25.8,89
2024-10-27T07:07:50+07:00,53767,11,36,25.8,89
2024-10-27T07:08:12+07:00,53768,11,37,25.8,89
2024-10-27T07:08:35+07:00,53769,10,35,25.8,89
2024-10-27T07:08:58+07:00,53770,11,36,25.8,89
2024-10-27T07:09:20+07:00,53771,10,34,25.8,88
2024-10-27T07:09:43+07:00,53772,11,35,25.8,88
2024-10-27T07:10:05+07:00,53773,11,35,25.8,88
2024-10-27T07:10:28+07:00,53774,12,33,25.8,88
2024-10-27T07:10:50+07:00,53775,12,37,25.8,88
2024-10-27T07:11:12+07:00,53776,11,35,25.8,88
2024-10-27T07:11:35+07:00,53777,11,35,25.8,88
2024-10-27T07:11:57+07:00,53778,12,37,25.8,88
2024-10-27T07:12:20+07:00,53779,12,35,25.8,88
2024-10-27T07:12:42+07:00,53780,12,34,25.8,86
2024-10-27T07:13:04+07:00,53781,12,36,25.8,86
2024-10-27T07:13:27+07:00,53782,12,35,25.8,86
2024-10-27T07:13:49+07:00,53783,11,36,25.8,86
2024-10-27T07:14:12+07:00,53784,12,36,25.8,85
2024-10-27T07:14:35+07:00,53785,11,36,25.8,85
2024-10-27T07:14:58+07:00,53786,12,37,25.8,85
2024-10-27T07:15:20+07:00,53787,12,36,25.8,85
2024-10-27T07:15:42+07:00,53788,12,35,25.8,86
2024-10-27T07:16:05+07:00,53789,10,33,25.8,86
2024-10-27T07:16:28+07:00,53790,10,37,25.8,86
2024-10-27T07:16:50+07:00,53791,12,34,25.8,87
2024-10-27T07:17:12+07:00,53792,11,37,25.8,86
2024-10-27T07:17:35+07:00,53793,11,35,25.8,86
2024-10-27T07:17:57+07:00,53794,12,33,25.8,87
2024-10-27T07:18:20+07:00,53795,11,35,25.8,86
2024-10-27T07:18:42+07:00,53796,12,33,25.8,86
2024-10-27T07:19:05+07:00,53797,12,33,25.8,86
2024-10-27T07:19:27+07:00,53798,11,36,25.8,87
2024-10-27T07:19:50+07:00,53799,11,36,25.8,87
2024-10-27T07:20:12+07:00,53800,10,36,25.8,87
2024-10-27T07:20:35+07:00,53801,11,37,25.8,87
2024-10-27T07:20:57+07:00,53802,10,35,25.8,87
2024-10-27T07:21:20+07:00,53803,11,37,25.8,88
2024-10-27T07:21:42+07:00,53804,11,34,25.9,88
2024-10-27T07:22:05+07:00,53805,10,36,25.8,88
2024-10-27T07:22:27+07:00,53806,12,34,25.8,86
2024-10-27T07:22:49+07:00,53807,12,35,25.8,86
2024-10-27T07:23:12+07:00,53808,10,36,25.8,87
2024-10-27T07:23:34+07:00,53809,11,37,25.8,87
2024-10-27T07:23:57+07:00,53810,11,35,25.8,88
2024-10-27T07:24:19+07:00,53811,12,35,25.8,86
2024-10-27T07:24:42+07:00,53812,12,36,25.8,86
2024-10-27T07:25:04+07:00,53813,12,37,25.8,86
2024-10-27T07:25:26+07:00,53814,12,37,25.8,85
2024-10-27T07:25:49+07:00,53815,12,35,25.8,85
2024-10-27T07:26:11+07:00,53816,12,35,25.8,85
2024-10-27T07:26:34+07:00,53817,12,36,25.8,86
2024-10-27T07:26:57+07:00,53818,12,35,25.8,86
2024-10-27T07:27:19+07:00,53819,12,36,25.3,88
2024-10-27T07:27:42+07:00,53820,12,34,24.8,90
2024-10-27T07:28:04+07:00,53821,10,36,24.5,92
2024-10-27T07:28:26+07:00,53822,12,35,24.5,93
2024-10-27T07:28:49+07:00,53823,12,36,24.2,93
2024-10-27T07:29:11+07:00,53824,12,35,24.1,94
2024-10-27T07:29:33+07:00,53825,11,35,24.1,95
2024-10-27T07:29:56+07:00,53826,11,34,24.1,96
2024-10-27T07:30:18+07:00,53827,11,38,23.9,96
2024-10-27T07:30:41+07:00,53828,11,34,23.8,97
2024-10-27T07:31:04+07:00,53829,11,37,23.8,98
2024-10-27T07:31:26+07:00,53830,11,36,23.8,98
2024-10-27T07:31:48+07:00,53831,10,35,23.8,98
2024-10-27T07:32:10+07:00,53832,10,34,23.8,98
2024-10-27T07:32:33+07:00,53833,12,34,23.8,98
2024-10-27T07:32:55+07:00,53834,10,34,23.8,98
2024-10-27T07:33:18+07:00,53835,10,35,23.8,98
2024-10-27T07:33:40+07:00,53836,12,34,23.8,98
2024-10-27T07:34:02+07:00,53837,12,33,23.8,98
2024-10-27T07:34:25+07:00,53838,11,34,23.8,98
2024-10-27T07:34:47+07:00,53839,12,37,23.8,98
2024-10-27T07:35:10+07:00,53840,11,36,23.8,98
2024-10-27T07:35:32+07:00,53841,11,35,24.1,98
2024-10-27T07:35:55+07:00,53842,11,36,23.8,98
2024-10-27T07:36:17+07:00,53843,12,36,23.8,98
2024-10-27T07:36:39+07:00,53844,10,36,23.8,98
2024-10-27T07:37:02+07:00,53845,10,36,23.8,98
2024-10-27T07:37:24+07:00,53846,12,35,24.1,98
2024-10-27T07:37:46+07:00,53847,12,35,24.1,98
2024-10-27T07:38:09+07:00,53848,12,38,24.1,98
2024-10-27T07:38:31+07:00,53849,11,35,24.1,98
2024-10-27T07:38:54+07:00,53850,10,37,24.1,98
2024-10-27T07:39:16+07:00,53851,12,35,23.8,98
2024-10-27T07:39:39+07:00,53852,11,35,23.8,98
2024-10-27T07:40:01+07:00,53853,11,34,23.8,98
2024-10-27T07:40:23+07:00,53854,11,36,23.8,98
2024-10-27T07:40:46+07:00,53855,12,36,23.8,98
2024-10-27T07:41:08+07:00,53856,11,35,23.8,98
2024-10-27T07:41:31+07:00,53857,11,37,23.8,98
2024-10-27T07:41:53+07:00,53858,10,37,23.8,98
2024-10-27T07:42:15+07:00,53859,11,35,24.1,98
2024-10-27T07:42:37+07:00,53860,10,35,24.1,98
2024-10-27T07:43:00+07:00,53861,10,36,24.1,98
2024-10-27T07:43:22+07:00,53862,11,34,24.1,98
2024-10-27T07:43:44+07:00,53863,10,35,24.1,98
2024-10-27T07:44:07+07:00,53864,12,36,24.1,98
2024-10-27T07:44:29+07:00,53865,10,35,24.1,98
2024-10-27T07:44:51+07:00,53866,11,34,24.1,98
2024-10-27T07:45:13+07:00,53867,11,34,24.1,98
2024-10-27T07:45:36+07:00,53868,10,36,24.1,98
2024-10-27T07:45:58+07:00,53869,10,34,24.1,98
2024-10-27T07:46:21+07:00,53870,11,36,24.1,98
2024-10-27T07:46:43+07:00,53871,12,35,24.1,98
2024-10-27T07:47:06+07:00,53872,11,35,24.1,98
2024-10-27T07:47:28+07:00,53873,12,35,24.1,98
2024-10-27T07:47:50+07:00,53874,11,35,24.1,98
2024-10-27T07:48:12+07:00,53875,12,38,24.1,98
2024-10-27T07:48:35+07:00,53876,11,32,24.1,98
2024-10-27T07:48:57+07:00,53877,11,34,24.1,98
2024-10-27T07:49:20+07:00,53878,10,35,24.1,98
2024-10-27T07:49:42+07:00,53879,11,38,24.1,98
2024-10-27T07:50:04+07:00,53880,12,35,24.1,98
2024-10-27T07:50:26+07:00,53881,11,35,24.2,98
2024-10-27T07:50:49+07:00,53882,10,34,24.2,98
2024-10-27T07:51:11+07:00,53883,11,34,24.1,98
2024-10-27T07:51:33+07:00,53884,10,35,24.2,98
2024-10-27T07:51:56+07:00,53885,11,34,24.2,98
2024-10-27T07:52:19+07:00,53886,10,36,24.5,98
2024-10-27T07:52:41+07:00,53887,9,38,24.5,98
2024-10-27T07:53:03+07:00,53888,11,36,24.5,98
2024-10-27T07:53:25+07:00,53889,11,37,24.5,98
2024-10-27T07:53:48+07:00,53890,12,35,24.5,98
2024-10-27T07:54:10+07:00,53891,10,35,24.5,98
2024-10-27T07:54:32+07:00,53892,12,35,24.5,98
2024-10-27T07:54:55+07:00,53893,11,37,24.5,98
2024-10-27T07:55:17+07:00,53894,10,35,24.5,98
2024-10-27T07:55:39+07:00,53895,12,36,24.5,98
2024-10-27T07:56:02+07:00,53896,11,35,24.5,98
2024-10-27T07:56:24+07:00,53897,11,35,24.5,98
2024-10-27T07:56:47+07:00,53898,11,37,24.5,98
2024-10-27T07:57:09+07:00,53899,11,33,24.5,98
2024-10-27T07:57:31+07:00,53900,10,36,24.5,98
2024-10-27T07:57:54+07:00,53901,10,35,24.5,98
2024-10-27T07:58:17+07:00,53902,11,34,24.5,98
2024-10-27T07:58:39+07:00,53903,10,35,24.5,98
2024-10-27T07:59:01+07:00,53904,11,35,24.5,98
2024-10-27T07:59:23+07:00,53905,11,35,24.5,98
2024-10-27T07:59:45+07:00,53906,11,35,24.5,98
2024-10-27T08:00:08+07:00,53907,10,35,24.5,98
2024-10-27T08:00:30+07:00,53908,11,33,24.8,98
2024-10-27T08:00:53+07:00,53909,10,36,24.8,98
2024-10-27T08:01:15+07:00,53910,10,34,24.8,97
2024-10-27T08:01:38+07:00,53911,11,36,24.8,97
2024-10-27T08:02:00+07:00,53912,10,37,24.8,97
2024-10-27T08:02:22+07:00,53913,11,37,24.8,97
2024-10-27T08:02:45+07:00,53914,10,36,24.9,97
2024-10-27T08:03:07+07:00,53915,12,36,24.8,97
2024-10-27T08:03:29+07:00,53916,10,34,24.8,97
2024-10-27T08:03:52+07:00,53917,12,34,24.9,96
2024-10-27T08:04:14+07:00,53918,10,35,24.9,96
2024-10-27T08:04:37+07:00,53919,11,37,24.9,96
2024-10-27T08:04:59+07:00,53920,10,35,25.2,96
2024-10-27T08:05:22+07:00,53921,10,35,25.2,96
2024-10-27T08:05:44+07:00,53922,10,35,25.3,95
2024-10-27T08:06:06+07:00,53923,10,33,25.3,94
2024-10-27T08:06:28+07:00,53924,10,36,25.3,94
2024-10-27T08:06:51+07:00,53925,11,35,25.3,94
2024-10-27T08:07:13+07:00,53926,11,37,25.3,93
2024-10-27T08:07:35+07:00,53927,11,36,25.3,93
2024-10-27T08:07:57+07:00,53928,10,34,25.3,93
2024-10-27T08:08:20+07:00,53929,11,35,25.3,93
2024-10-27T08:08:42+07:00,53930,10,36,25.8,94
2024-10-27T08:09:05+07:00,53931,10,34,25.8,94
2024-10-27T08:09:27+07:00,53932,11,34,25.8,95
2024-10-27T08:09:49+07:00,53933,11,35,25.8,96
2024-10-27T08:10:12+07:00,53934,10,35,25.8,96
2024-10-27T08:10:34+07:00,53935,10,36,25.8,95
2024-10-27T08:10:56+07:00,53936,10,36,25.8,95
2024-10-27T08:11:18+07:00,53937,10,36,25.8,95
2024-10-27T08:11:41+07:00,53938,11,35,25.8,94
2024-10-27T08:12:03+07:00,53939,10,36,25.8,94
2024-10-27T08:12:26+07:00,53940,10,34,25.8,93
2024-10-27T08:12:49+07:00,53941,10,34,25.8,93
2024-10-27T08:13:11+07:00,53942,9,37,25.8,93
2024-10-27T08:13:33+07:00,53943,11,37,25.8,93
2024-10-27T08:13:56+07:00,53944,11,34,26.2,93
2024-10-27T08:14:18+07:00,53945,10,36,26.2,93
2024-10-27T08:14:40+07:00,53946,10,34,26.2,93
2024-10-27T08:15:02+07:00,53947,10,35,26.2,93
2024-10-27T08:15:25+07:00,53948,10,36,26.2,93
2024-10-27T08:15:47+07:00,53949,10,37,26.2,93
2024-10-27T08:16:09+07:00,53950,10,36,26.2,93
2024-10-27T08:16:32+07:00,53951,12,36,26.2,93
2024-10-27T08:16:54+07:00,53952,11,35,26.2,93
2024-10-27T08:17:17+07:00,53953,11,35,26.2,93
2024-10-27T08:17:39+07:00,53954,11,37,26.2,93
2024-10-27T08:18:01+07:00,53955,10,38,26.2,93
2024-10-27T08:18:23+07:00,53956,10,36,26.3,94
2024-10-27T08:18:46+07:00,53957,10,39,26.2,94
2024-10-27T08:19:08+07:00,53958,10,38,26.2,94
2024-10-27T08:19:31+07:00,53959,10,39,26.2,94
2024-10-27T08:19:53+07:00,53960,10,38,26.2,94
2024-10-27T08:20:15+07:00,53961,11,37,26.3,94
2024-10-27T08:20:37+07:00,53962,10,37,26.3,94
2024-10-27T08:20:59+07:00,53963,11,37,26.3,94
2024-10-27T08:21:22+07:00,53964,11,37,26.3,94
2024-10-27T08:21:44+07:00,53965,11,39,26.3,94
2024-10-27T08:22:06+07:00,53966,10,39,26.3,93
2024-10-27T08:22:29+07:00,53967,10,38,26.3,93
2024-10-27T08:22:51+07:00,53968,10,37,26.5,93
2024-10-27T08:23:14+07:00,53969,10,40,26.3,93
2024-10-27T08:23:36+07:00,53970,11,37,26.7,92
2024-10-27T08:23:59+07:00,53971,10,38,26.7,93
2024-10-27T08:24:21+07:00,53972,10,37,26.7,93
2024-10-27T08:24:43+07:00,53973,11,37,26.7,93
2024-10-27T08:25:06+07:00,53974,10,38,26.7,92
2024-10-27T08:25:28+07:00,53975,10,39,26.7,92
2024-10-27T08:25:51+07:00,53976,11,38,26.7,90
2024-10-27T08:26:13+07:00,53977,11,38,26.7,90
2024-10-27T08:26:36+07:00,53978,10,36,26.7,90
2024-10-27T08:26:58+07:00,53979,11,40,26.7,90
2024-10-27T08:27:21+07:00,53980,10,38,26.7,89
2024-10-27T08:27:43+07:00,53981,10,37,26.7,88
2024-10-27T08:28:05+07:00,53982,11,39,26.7,88
2024-10-27T08:28:28+07:00,53983,11,37,26.7,86
2024-10-27T08:28:50+07:00,53984,11,38,26.7,86
2024-10-27T08:29:13+07:00,53985,8,40,26.7,87
2024-10-27T08:29:35+07:00,53986,10,37,26.7,86
2024-10-27T08:29:57+07:00,53987,10,38,26.7,86
2024-10-27T08:30:20+07:00,53988,10,38,27,86
2024-10-27T08:30:42+07:00,53989,10,38,27.1,88
2024-10-27T08:31:05+07:00,53990,10,39,27.1,86
2024-10-27T08:31:27+07:00,53991,9,39,27.1,86
2024-10-27T08:31:49+07:00,53992,11,37,26.8,85
2024-10-27T08:32:11+07:00,53993,12,41,26.7,84
2024-10-27T08:32:34+07:00,53994,10,37,26.9,84
2024-10-27T08:32:56+07:00,53995,10,35,27.1,85
2024-10-27T08:33:19+07:00,53996,10,37,27.1,82
2024-10-27T08:33:41+07:00,53997,11,38,27.1,82
2024-10-27T08:34:04+07:00,53998,11,37,27.1,83
2024-10-27T08:34:26+07:00,53999,11,38,27.1,85
2024-10-27T08:34:49+07:00,54000,10,38,27.1,85
2024-10-27T08:35:11+07:00,54001,10,38,27.1,86
2024-10-27T08:35:33+07:00,54002,10,37,27.1,87
2024-10-27T08:35:56+07:00,54003,9,39,27.1,87
2024-10-27T08:36:18+07:00,54004,11,37,27.1,85
2024-10-27T08:36:41+07:00,54005,10,38,27.1,85
2024-10-27T08:37:03+07:00,54006,11,36,27.1,86
2024-10-27T08:37:25+07:00,54007,11,36,27.2,87
2024-10-27T08:37:48+07:00,54008,10,37,27.1,88
2024-10-27T08:38:10+07:00,54009,11,36,27.2,89
2024-10-27T08:38:33+07:00,54010,11,36,27.1,89
2024-10-27T08:38:55+07:00,54011,11,38,27.2,89
2024-10-27T08:39:17+07:00,54012,12,36,27.1,87
2024-10-27T08:39:39+07:00,54013,10,37,27.1,87
2024-10-27T08:40:01+07:00,54014,11,37,27.1,86
2024-10-27T08:40:24+07:00,54015,11,37,27.1,86
2024-10-27T08:40:46+07:00,54016,10,36,27.1,88
2024-10-27T08:41:09+07:00,54017,10,38,27.1,86
2024-10-27T08:41:32+07:00,54018,10,38,27.1,87
2024-10-27T08:41:54+07:00,54019,11,37,27.1,89
2024-10-27T08:42:16+07:00,54020,11,37,27.1,88
2024-10-27T08:42:38+07:00,54021,10,40,27.1,88
2024-10-27T08:43:00+07:00,54022,10,36,27.1,87
2024-10-27T08:43:23+07:00,54023,10,38,27.2,87
2024-10-27T08:43:45+07:00,54024,10,36,27.2,88
2024-10-27T08:44:08+07:00,54025,10,36,27.5,88
2024-10-27T08:44:30+07:00,54026,10,36,27.6,88
2024-10-27T08:44:52+07:00,54027,11,36,27.6,88
2024-10-27T08:45:14+07:00,54028,10,37,27.6,88
2024-10-27T08:45:36+07:00,54029,10,39,27.6,86
2024-10-27T08:45:59+07:00,54030,11,36,27.6,87
2024-10-27T08:46:21+07:00,54031,10,39,27.6,87
2024-10-27T08:46:44+07:00,54032,10,37,27.6,86
2024-10-27T08:47:06+07:00,54033,8,37,27.6,86
2024-10-27T08:47:29+07:00,54034,12,38,27.6,85
2024-10-27T08:47:51+07:00,54035,9,37,27.6,85
2024-10-27T08:48:14+07:00,54036,11,37,27.6,85
2024-10-27T08:48:36+07:00,54037,11,37,27.6,85
2024-10-27T08:48:58+07:00,54038,9,40,27.6,86
2024-10-27T08:49:21+07:00,54039,10,35,27.6,85
2024-10-27T08:49:43+07:00,54040,10,38,27.6,84
2024-10-27T08:50:05+07:00,54041,10,39,27.6,84
2024-10-27T08:50:27+07:00,54042,10,37,27.6,84
2024-10-27T08:50:50+07:00,54043,9,35,27.6,82
2024-10-27T08:51:12+07:00,54044,12,38,27.6,81
2024-10-27T08:51:34+07:00,54045,10,38,27.6,81
2024-10-27T08:51:57+07:00,54046,10,38,27.6,81
2024-10-27T08:52:19+07:00,54047,10,37,27.6,82
2024-10-27T08:52:41+07:00,54048,11,38,27.6,82
2024-10-27T08:53:03+07:00,54049,10,36,27.6,84
2024-10-27T08:53:26+07:00,54050,9,36,27.6,84
2024-10-27T08:53:49+07:00,54051,9,34,27.6,83
2024-10-27T08:54:11+07:00,54052,11,37,27.6,84
2024-10-27T08:54:33+07:00,54053,11,38,27.6,85
2024-10-27T08:54:56+07:00,54054,10,38,27.6,85
2024-10-27T08:55:18+07:00,54055,10,37,27.6,85
2024-10-27T08:55:40+07:00,54056,11,39,27.6,85
2024-10-27T08:56:03+07:00,54057,9,35,27.6,84
2024-10-27T08:56:25+07:00,54058,10,38,27.6,83
2024-10-27T08:56:48+07:00,54059,10,38,27.6,85
2024-10-27T08:57:10+07:00,54060,9,36,27.6,84
2024-10-27T08:57:32+07:00,54061,10,38,27.6,85
2024-10-27T08:57:55+07:00,54062,10,37,27.6,85
2024-10-27T08:58:17+07:00,54063,10,39,27.6,84
2024-10-27T08:58:39+07:00,54064,10,36,27.6,84
2024-10-27T08:59:01+07:00,54065,9,37,27.6,82
2024-10-27T08:59:24+07:00,54066,10,37,27.6,82
2024-10-27T08:59:46+07:00,54067,11,37,27.6,82
2024-10-27T09:00:09+07:00,54068,11,38,27.6,81
2024-10-27T09:00:31+07:00,54069,10,38,27.6,80
2024-10-27T09:00:54+07:00,54070,10,36,27.6,79
2024-10-27T09:01:16+07:00,54071,10,34,27.6,79
2024-10-27T09:01:38+07:00,54072,9,38,27.6,81
2024-10-27T09:02:00+07:00,54073,10,38,27.6,81
2024-10-27T09:02:23+07:00,54074,10,35,27.6,81
2024-10-27T09:02:45+07:00,54075,9,36,27.6,81
2024-10-27T09:03:07+07:00,54076,9,39,27.6,81
2024-10-27T09:03:30+07:00,54077,10,38,27.6,81
2024-10-27T09:03:52+07:00,54078,10,36,27.6,82
2024-10-27T09:04:15+07:00,54079,10,38,27.6,83
2024-10-27T09:04:37+07:00,54080,10,37,27.6,83
2024-10-27T09:04:59+07:00,54081,11,37,27.6,83
2024-10-27T09:05:21+07:00,54082,11,37,27.6,83
2024-10-27T09:05:44+07:00,54083,10,35,27.6,84
2024-10-27T09:06:06+07:00,54084,10,38,27.6,84
2024-10-27T09:06:28+07:00,54085,10,36,27.6,84
2024-10-27T09:06:50+07:00,54086,11,39,27.6,85
2024-10-27T09:07:13+07:00,54087,10,38,28,84
2024-10-27T09:07:35+07:00,54088,9,35,28,84
2024-10-27T09:07:57+07:00,54089,10,38,28,84
2024-10-27T09:08:20+07:00,54090,10,38,28,84
2024-10-27T09:08:42+07:00,54091,9,36,28,83
2024-10-27T09:09:04+07:00,54092,9,37,28,84
2024-10-27T09:09:27+07:00,54093,9,38,28,83
2024-10-27T09:09:49+07:00,54094,11,38,28,82
2024-10-27T09:10:11+07:00,54095,10,37,28,82
2024-10-27T09:10:33+07:00,54096,10,37,28,80
2024-10-27T09:10:55+07:00,54097,10,38,28,80
2024-10-27T09:11:17+07:00,54098,9,37,28,80
2024-10-27T09:11:40+07:00,54099,8,38,28,81
2024-10-27T09:12:02+07:00,54100,10,37,28,80
2024-10-27T09:12:25+07:00,54101,9,39,28,82
2024-10-27T09:12:47+07:00,54102,10,37,28,82
2024-10-27T09:13:09+07:00,54103,10,37,28,80
2024-10-27T09:13:31+07:00,54104,11,38,28.1,79
2024-10-27T09:13:54+07:00,54105,10,38,28,77
2024-10-27T09:14:16+07:00,54106,10,38,28,79
2024-10-27T09:14:38+07:00,54107,10,39,28,78
2024-10-27T09:15:00+07:00,54108,9,37,28,77
2024-10-27T09:15:23+07:00,54109,9,37,28,76
2024-10-27T09:15:45+07:00,54110,11,40,28,77
2024-10-27T09:16:07+07:00,54111,10,36,28,79
2024-10-27T09:16:30+07:00,54112,11,39,28,80
2024-10-27T09:16:52+07:00,54113,10,38,28,79
2024-10-27T09:17:14+07:00,54114,11,37,28,76
2024-10-27T09:17:36+07:00,54115,10,36,27.6,77
2024-10-27T09:17:59+07:00,54116,10,36,27.6,77
2024-10-27T09:18:21+07:00,54117,10,38,27.6,77
2024-10-27T09:18:43+07:00,54118,10,36,27.6,77
2024-10-27T09:19:06+07:00,54119,10,37,27.6,77
2024-10-27T09:19:28+07:00,54120,10,35,27.6,77
2024-10-27T09:19:50+07:00,54121,9,36,27.6,77
2024-10-27T09:20:13+07:00,54122,10,37,27.6,78
2024-10-27T09:20:35+07:00,54123,11,35,27.6,77
2024-10-27T09:20:57+07:00,54124,10,37,27.6,77
2024-10-27T09:21:19+07:00,54125,10,37,27.6,77
2024-10-27T09:21:42+07:00,54126,9,37,27.6,77
2024-10-27T09:22:04+07:00,54127,10,38,27.6,77
2024-10-27T09:22:26+07:00,54128,10,37,27.6,76
2024-10-27T09:22:49+07:00,54129,10,37,27.6,76
2024-10-27T09:23:12+07:00,54130,11,38,27.6,75
2024-10-27T09:23:34+07:00,54131,10,39,27.6,76
2024-10-27T09:23:57+07:00,54132,11,37,27.6,77
2024-10-27T09:24:19+07:00,54133,10,39,27.6,79
2024-10-27T09:24:41+07:00,54134,10,38,27.6,80
2024-10-27T09:25:04+07:00,54135,11,39,27.6,81
2024-10-27T09:25:26+07:00,54136,11,36,27.6,81
2024-10-27T09:25:48+07:00,54137,11,40,28,79
2024-10-27T09:26:11+07:00,54138,10,36,28,79
2024-10-27T09:26:33+07:00,54139,10,38,28,80
2024-10-27T09:26:55+07:00,54140,10,39,28,80
2024-10-27T09:27:18+07:00,54141,10,37,28,79
2024-10-27T09:27:40+07:00,54142,10,37,28,77
2024-10-27T09:28:02+07:00,54143,10,38,28.1,77
2024-10-27T09:28:25+07:00,54144,9,36,28.2,77
2024-10-27T09:28:47+07:00,54145,9,37,28.5,77
2024-10-27T09:29:09+07:00,54146,9,37,28.5,78
2024-10-27T09:29:32+07:00,54147,10,36,28.5,79
2024-10-27T09:29:54+07:00,54148,9,37,28.5,80
2024-10-27T09:30:17+07:00,54149,10,35,28.5,79
2024-10-27T09:30:40+07:00,54150,9,37,28.5,79
2024-10-27T09:31:02+07:00,54151,10,37,28.5,79
2024-10-27T09:31:25+07:00,54152,10,36,28.5,79
2024-10-27T09:31:47+07:00,54153,10,37,28.5,76
2024-10-27T09:32:09+07:00,54154,9,37,28.5,74
2024-10-27T09:32:32+07:00,54155,7,36,28.9,72
2024-10-27T09:32:54+07:00,54156,10,39,28.9,73
2024-10-27T09:33:17+07:00,54157,9,37,28.9,75
2024-10-27T09:33:39+07:00,54158,10,38,28.9,76
2024-10-27T09:34:02+07:00,54159,10,39,28.9,76
2024-10-27T09:34:24+07:00,54160,9,37,28.9,75
2024-10-27T09:34:46+07:00,54161,9,37,28.9,76
2024-10-27T09:35:09+07:00,54162,10,36,28.9,76
2024-10-27T09:35:31+07:00,54163,10,37,28.9,77
2024-10-27T09:35:54+07:00,54164,10,38,28.9,78
2024-10-27T09:36:17+07:00,54165,9,37,28.9,78
2024-10-27T09:36:39+07:00,54166,9,37,28.9,79
2024-10-27T09:37:01+07:00,54167,10,36,28.9,79
2024-10-27T09:37:23+07:00,54168,10,37,29,77
2024-10-27T09:37:46+07:00,54169,8,38,29,76
2024-10-27T09:38:08+07:00,54170,10,36,29.3,75
2024-10-27T09:38:30+07:00,54171,9,39,29.3,75
2024-10-27T09:38:53+07:00,54172,9,36,29.3,75
2024-10-27T09:39:15+07:00,54173,9,36,29.3,73
2024-10-27T09:39:38+07:00,54174,10,38,29.3,73
2024-10-27T09:40:00+07:00,54175,8,37,29.3,75
2024-10-27T09:40:22+07:00,54176,9,37,29.3,73
2024-10-27T09:40:44+07:00,54177,9,39,29.3,71
2024-10-27T09:41:07+07:00,54178,10,37,29.3,72
2024-10-27T09:41:29+07:00,54179,10,37,29.3,72
2024-10-27T09:41:51+07:00,54180,10,38,29.3,72
2024-10-27T09:42:14+07:00,54181,11,37,29.3,70
2024-10-27T09:42:37+07:00,54182,10,36,29.3,71
2024-10-27T09:42:59+07:00,54183,9,39,29.3,70
2024-10-27T09:43:22+07:00,54184,9,38,29.3,71
2024-10-27T09:43:44+07:00,54185,8,38,29.3,71
2024-10-27T09:44:07+07:00,54186,10,38,29.3,72
2024-10-27T09:44:29+07:00,54187,8,37,29.3,72
2024-10-27T09:44:52+07:00,54188,10,38,29.3,72
2024-10-27T09:45:14+07:00,54189,9,38,29.3,71
2024-10-27T09:45:36+07:00,54190,10,38,29.3,72
2024-10-27T09:45:58+07:00,54191,10,36,29.3,73
2024-10-27T09:46:21+07:00,54192,9,37,29.3,73
2024-10-27T09:46:43+07:00,54193,9,40,29.3,73
2024-10-27T09:47:05+07:00,54194,10,36,29.3,73
2024-10-27T09:47:28+07:00,54195,11,39,29.3,72
2024-10-27T09:47:50+07:00,54196,9,39,29.4,72
2024-10-27T09:48:13+07:00,54197,10,38,29.3,72
2024-10-27T09:48:35+07:00,54198,10,37,29.3,73
2024-10-27T09:48:58+07:00,54199,9,38,29.4,74
2024-10-27T09:49:20+07:00,54200,10,37,29.4,73
2024-10-27T09:49:43+07:00,54201,10,38,29.8,73
2024-10-27T09:50:05+07:00,54202,9,37,29.8,72
2024-10-27T09:50:27+07:00,54203,9,35,29.8,72
2024-10-27T09:50:50+07:00,54204,9,37,29.8,72
2024-10-27T09:51:12+07:00,54205,11,38,29.8,72
2024-10-27T09:51:35+07:00,54206,9,37,29.8,71
2024-10-27T09:51:57+07:00,54207,9,37,29.8,70
2024-10-27T09:52:20+07:00,54208,10,39,29.8,70
2024-10-27T09:52:42+07:00,54209,10,37,29.8,68
2024-10-27T09:53:05+07:00,54210,9,39,29.8,70
2024-10-27T09:53:27+07:00,54211,9,37,29.8,71
2024-10-27T09:53:49+07:00,54212,9,36,29.8,71
2024-10-27T09:54:12+07:00,54213,9,38,29.8,68
2024-10-27T09:54:34+07:00,54214,10,37,29.8,69
2024-10-27T09:54:57+07:00,54215,10,37,29.8,68
2024-10-27T09:55:19+07:00,54216,10,36,29.8,69
2024-10-27T09:55:42+07:00,54217,10,38,29.8,70
2024-10-27T09:56:04+07:00,54218,9,38,29.8,71
2024-10-27T09:56:26+07:00,54219,9,39,29.8,72
2024-10-27T09:56:49+07:00,54220,9,35,29.8,72
2024-10-27T09:57:11+07:00,54221,8,37,30.2,71
2024-10-27T09:57:34+07:00,54222,9,39,30.2,70
2024-10-27T09:57:56+07:00,54223,10,39,30.2,71
2024-10-27T09:58:18+07:00,54224,10,37,30.2,71
2024-10-27T09:58:40+07:00,54225,9,39,30.8,71
2024-10-27T09:59:03+07:00,54226,9,37,30.8,73
2024-10-27T09:59:25+07:00,54227,10,39,30.8,71
2024-10-27T09:59:47+07:00,54228,10,40,30.8,71
2024-10-27T10:00:10+07:00,54229,10,40,30.8,70
2024-10-27T10:00:32+07:00,54230,10,38,30.8,71
2024-10-27T10:00:55+07:00,54231,9,38,31.3,71
2024-10-27T10:01:17+07:00,54232,8,38,31.3,72
2024-10-27T10:01:39+07:00,54233,10,39,31.3,72
2024-10-27T10:02:02+07:00,54234,8,38,31.4,73
2024-10-27T10:02:25+07:00,54235,10,38,31.8,71
2024-10-27T10:02:47+07:00,54236,9,39,31.8,71
2024-10-27T10:03:09+07:00,54237,9,38,31.8,71
2024-10-27T10:03:32+07:00,54238,10,36,32.3,70
2024-10-27T10:03:54+07:00,54239,9,37,32.3,68
2024-10-27T10:04:16+07:00,54240,10,40,32.3,67
2024-10-27T10:04:39+07:00,54241,10,39,32.3,67
2024-10-27T10:05:01+07:00,54242,9,35,32.8,67
2024-10-27T10:05:23+07:00,54243,9,39,32.8,68
2024-10-27T10:05:46+07:00,54244,10,36,33.3,68
2024-10-27T10:06:08+07:00,54245,10,38,33.7,68
2024-10-27T10:06:31+07:00,54246,9,39,33.8,67
2024-10-27T10:06:53+07:00,54247,10,38,34.2,67
2024-10-27T10:07:16+07:00,54248,9,37,34.7,66
2024-10-27T10:07:39+07:00,54249,10,38,34.7,66
2024-10-27T10:08:01+07:00,54250,8,39,35.2,68
2024-10-27T10:08:23+07:00,54251,8,36,35.6,68
2024-10-27T10:08:46+07:00,54252,9,37,36.3,69
2024-10-27T10:09:08+07:00,54253,8,39,36.9,66
2024-10-27T10:09:31+07:00,54254,9,39,37.4,67
2024-10-27T10:09:53+07:00,54255,9,37,38,64
2024-10-27T10:10:16+07:00,54256,10,38,38.6,64
2024-10-27T10:10:38+07:00,54257,10,38,39,61
2024-10-27T10:11:00+07:00,54258,10,37,39.1,60
2024-10-27T10:11:23+07:00,54259,9,38,39,59
2024-10-27T10:11:45+07:00,54260,9,37,39.5,58
2024-10-27T10:12:07+07:00,54261,9,39,39.1,52
2024-10-27T10:12:30+07:00,54262,8,37,39,53
2024-10-27T10:12:52+07:00,54263,10,41,39,57
2024-10-27T10:13:15+07:00,54264,8,38,39.5,59
2024-10-27T10:13:37+07:00,54265,9,40,40.1,56
2024-10-27T10:13:59+07:00,54266,10,39,40.1,53
2024-10-27T10:14:22+07:00,54267,10,39,40.1,58
2024-10-27T10:14:44+07:00,54268,9,37,40.6,58
2024-10-27T10:15:06+07:00,54269,9,38,41.1,58
2024-10-27T10:15:28+07:00,54270,9,41,41.1,58
2024-10-27T10:15:51+07:00,54271,8,39,41.1,54
2024-10-27T10:16:13+07:00,54272,8,38,41.1,56
2024-10-27T10:16:36+07:00,54273,8,39,41.6,54
2024-10-27T10:16:58+07:00,54274,8,39,41.6,55
2024-10-27T10:17:21+07:00,54275,8,36,41.7,49
2024-10-27T10:17:43+07:00,54276,8,39,42,52
2024-10-27T10:18:06+07:00,54277,8,37,42,53
2024-10-27T10:18:28+07:00,54278,8,39,42,53
2024-10-27T10:18:51+07:00,54279,9,40,42.5,56
2024-10-27T10:19:13+07:00,54280,8,38,42.5,56
2024-10-27T10:19:36+07:00,54281,9,39,43,50
2024-10-27T10:19:59+07:00,54282,8,39,43,48
2024-10-27T10:20:21+07:00,54283,9,39,43,51
2024-10-27T10:20:43+07:00,54284,8,40,43,51
2024-10-27T10:21:06+07:00,54285,8,40,43,52
2024-10-27T10:21:28+07:00,54286,8,39,42.9,53
2024-10-27T10:21:51+07:00,54287,9,37,42.6,53
2024-10-27T10:22:13+07:00,54288,8,39,43,52
2024-10-27T10:22:36+07:00,54289,7,37,43,49
2024-10-27T10:22:58+07:00,54290,6,40,43.2,52
2024-10-27T10:23:20+07:00,54291,9,37,43,47
2024-10-27T10:23:42+07:00,54292,7,38,43,47
2024-10-27T10:24:05+07:00,54293,7,39,42.5,46
2024-10-27T10:24:28+07:00,54294,8,39,42.5,50
2024-10-27T10:24:50+07:00,54295,7,38,43,51
2024-10-27T10:25:13+07:00,54296,8,39,43,51
2024-10-27T10:25:35+07:00,54297,6,38,43,46
2024-10-27T10:25:58+07:00,54298,7,38,43,51
2024-10-27T10:26:20+07:00,54299,8,38,43.1,51
2024-10-27T10:26:42+07:00,54300,7,37,43.5,45
2024-10-27T10:27:05+07:00,54301,7,39,43.5,47
2024-10-27T10:27:27+07:00,54302,7,39,43.9,49
2024-10-27T10:27:49+07:00,54303,8,39,43.9,47
2024-10-27T10:28:12+07:00,54304,6,39,43.9,48
2024-10-27T10:28:34+07:00,54305,7,38,44.4,52
2024-10-27T10:28:56+07:00,54306,7,39,44.4,49
2024-10-27T10:29:18+07:00,54307,6,38,43.9,47
2024-10-27T10:29:40+07:00,54308,6,39,43.9,46
2024-10-27T10:30:03+07:00,54309,6,37,43.9,46
2024-10-27T10:30:25+07:00,54310,7,40,43.9,49
2024-10-27T10:30:48+07:00,54311,7,38,44,50
2024-10-27T10:31:10+07:00,54312,7,40,44.4,48
2024-10-27T10:31:32+07:00,54313,5,39,44.4,48
2024-10-27T10:31:55+07:00,54314,6,39,44.4,48
2024-10-27T10:32:17+07:00,54315,7,37,44.4,46
2024-10-27T10:32:39+07:00,54316,6,37,44.8,49
2024-10-27T10:33:02+07:00,54317,6,38,44.4,46
2024-10-27T10:33:24+07:00,54318,7,40,44.4,47
2024-10-27T10:33:47+07:00,54319,6,40,44.4,48
2024-10-27T10:34:09+07:00,54320,5,40,44.8,49
2024-10-27T10:34:32+07:00,54321,6,39,44.9,46
2024-10-27T10:34:54+07:00,54322,7,38,44.8,44
2024-10-27T10:35:16+07:00,54323,7,39,44.8,49
2024-10-27T10:35:38+07:00,54324,8,39,44.8,47
2024-10-27T10:36:00+07:00,54325,7,37,44.6,42
2024-10-27T10:36:23+07:00,54326,8,39,44.4,50
2024-10-27T10:36:45+07:00,54327,7,40,44.4,52
2024-10-27T10:37:08+07:00,54328,6,41,44.4,50
2024-10-27T10:37:30+07:00,54329,8,38,44.4,49
2024-10-27T10:37:53+07:00,54330,5,39,44.4,50
2024-10-27T10:38:15+07:00,54331,6,40,44.4,49
2024-10-27T10:38:37+07:00,54332,7,39,43.9,51
2024-10-27T10:39:00+07:00,54333,6,39,43.9,51
2024-10-27T10:39:22+07:00,54334,8,38,43.5,46
2024-10-27T10:39:44+07:00,54335,8,39,42.5,51
2024-10-27T10:40:07+07:00,54336,8,39,42.5,48
2024-10-27T10:40:29+07:00,54337,8,41,42,54
2024-10-27T10:40:51+07:00,54338,7,40,42.5,54
2024-10-27T10:41:13+07:00,54339,7,39,42.1,53
2024-10-27T10:41:36+07:00,54340,9,39,42,48
2024-10-27T10:41:58+07:00,54341,7,39,42,51
2024-10-27T10:42:20+07:00,54342,8,37,41.6,50
2024-10-27T10:42:42+07:00,54343,7,40,41.6,52
2024-10-27T10:43:05+07:00,54344,8,37,41.6,52
2024-10-27T10:43:27+07:00,54345,7,38,41.1,51
2024-10-27T10:43:49+07:00,54346,7,39,41.1,49
2024-10-27T10:44:11+07:00,54347,8,39,40.5,47
2024-10-27T10:44:33+07:00,54348,8,40,40,44
2024-10-27T10:44:55+07:00,54349,7,38,39.5,49
2024-10-27T10:45:18+07:00,54350,8,39,39,53
2024-10-27T10:45:40+07:00,54351,9,37,38.7,50
2024-10-27T10:46:02+07:00,54352,7,37,38.5,50
2024-10-27T10:46:24+07:00,54353,7,39,38,52
2024-10-27T10:46:47+07:00,54354,8,39,37.4,55
2024-10-27T10:47:09+07:00,54355,8,37,36.9,50
2024-10-27T10:47:32+07:00,54356,9,39,36.9,49
2024-10-27T10:47:54+07:00,54357,8,39,36.3,52
2024-10-27T10:48:16+07:00,54358,9,40,36.3,54
2024-10-27T10:48:39+07:00,54359,8,39,36.3,54
2024-10-27T10:49:01+07:00,54360,8,38,35.6,57
2024-10-27T10:49:23+07:00,54361,8,37,35.6,55
2024-10-27T10:49:45+07:00,54362,9,39,35.6,52
2024-10-27T10:50:08+07:00,54363,8,39,35.6,55
2024-10-27T10:50:30+07:00,54364,8,39,35.6,55
2024-10-27T10:50:53+07:00,54365,8,39,35.2,52
2024-10-27T10:51:15+07:00,54366,8,38,35.1,53
2024-10-27T10:51:37+07:00,54367,8,39,34.7,53
2024-10-27T10:51:59+07:00,54368,9,38,34.7,53
2024-10-27T10:52:21+07:00,54369,9,40,34.2,52
2024-10-27T10:52:44+07:00,54370,8,38,34.2,52
2024-10-27T10:53:06+07:00,54371,7,37,33.8,53
2024-10-27T10:53:28+07:00,54372,8,38,33.8,53
2024-10-27T10:53:50+07:00,54373,9,36,33.8,55
2024-10-27T10:54:12+07:00,54374,8,40,33.8,56
2024-10-27T10:54:34+07:00,54375,9,40,33.3,54
2024-10-27T10:54:57+07:00,54376,8,41,33.3,53
2024-10-27T10:55:19+07:00,54377,8,38,33.3,54
2024-10-27T10:55:41+07:00,54378,9,39,33.3,54
2024-10-27T10:56:03+07:00,54379,8,39,33.3,54
2024-10-27T10:56:26+07:00,54380,9,39,33.3,55
2024-10-27T10:56:48+07:00,54381,8,39,33.3,56
2024-10-27T10:57:10+07:00,54382,8,39,33.3,56
2024-10-27T10:57:33+07:00,54383,8,37,33.3,56
2024-10-27T10:57:55+07:00,54384,8,40,33.3,55
2024-10-27T10:58:17+07:00,54385,8,37,32.9,56
2024-10-27T10:58:40+07:00,54386,9,39,32.8,58
2024-10-27T10:59:02+07:00,54387,9,39,32.8,59
2024-10-27T10:59:24+07:00,54388,8,39,32.8,59
2024-10-27T10:59:46+07:00,54389,8,39,32.8,58
2024-10-27T11:00:08+07:00,54390,8,40,33.3,58
2024-10-27T11:00:31+07:00,54391,8,41,33.3,58
2024-10-27T11:00:53+07:00,54392,9,38,33.3,58
2024-10-27T11:01:15+07:00,54393,8,39,33.3,59
2024-10-27T11:01:37+07:00,54394,9,40,33.3,60
2024-10-27T11:01:59+07:00,54395,8,39,33.1,60
2024-10-27T11:02:22+07:00,54396,8,37,33.2,61
2024-10-27T11:02:44+07:00,54397,8,38,33.1,61
2024-10-27T11:03:07+07:00,54398,8,39,32.8,61
2024-10-27T11:03:29+07:00,54399,8,38,33.3,60
2024-10-27T11:03:51+07:00,54400,8,38,33.3,60
2024-10-27T11:04:14+07:00,54401,8,41,33.2,60
2024-10-27T11:04:36+07:00,54402,9,39,32.8,60
2024-10-27T11:04:58+07:00,54403,7,38,32.8,59
2024-10-27T11:05:20+07:00,54404,8,39,32.8,59
2024-10-27T11:05:43+07:00,54405,8,38,32.8,62
2024-10-27T11:06:05+07:00,54406,9,41,32.4,60
2024-10-27T11:06:27+07:00,54407,8,41,32.3,57
2024-10-27T11:06:49+07:00,54408,8,38,32.3,58
2024-10-27T11:07:11+07:00,54409,8,40,32.3,59
2024-10-27T11:07:34+07:00,54410,9,39,32.3,61
2024-10-27T11:07:56+07:00,54411,8,40,32.3,60
2024-10-27T11:08:18+07:00,54412,10,39,32.3,60
2024-10-27T11:08:40+07:00,54413,9,40,31.8,60
2024-10-27T11:09:02+07:00,54414,8,39,31.8,59
2024-10-27T11:09:25+07:00,54415,8,41,31.8,60
2024-10-27T11:09:47+07:00,54416,8,39,31.8,60
2024-10-27T11:10:09+07:00,54417,8,38,31.8,61
2024-10-27T11:10:31+07:00,54418,9,39,31.8,61
2024-10-27T11:10:53+07:00,54419,8,39,31.8,60
2024-10-27T11:11:15+07:00,54420,9,41,31.8,61
2024-10-27T11:11:38+07:00,54421,9,41,31.8,60
2024-10-27T11:12:00+07:00,54422,8,39,31.8,61
2024-10-27T11:12:22+07:00,54423,8,38,31.8,63
2024-10-27T11:12:44+07:00,54424,9,40,31.8,62
2024-10-27T11:13:07+07:00,54425,9,40,31.8,61
2024-10-27T11:13:29+07:00,54426,9,37,31.8,63
2024-10-27T11:13:51+07:00,54427,8,40,31.8,62
2024-10-27T11:14:13+07:00,54428,8,39,31.8,60
2024-10-27T11:14:36+07:00,54429,8,39,31.8,61
2024-10-27T11:14:58+07:00,54430,9,40,31.8,61
2024-10-27T11:15:20+07:00,54431,9,40,31.8,62
2024-10-27T11:15:43+07:00,54432,8,37,31.8,60
2024-10-27T11:16:05+07:00,54433,9,39,31.3,61
2024-10-27T11:16:27+07:00,54434,8,39,31.3,60
2024-10-27T11:16:49+07:00,54435,9,39,31.3,60
2024-10-27T11:17:11+07:00,54436,9,37,31.3,60
2024-10-27T11:17:33+07:00,54437,8,39,31.3,61
2024-10-27T11:17:56+07:00,54438,8,39,31.3,62
2024-10-27T11:18:18+07:00,54439,9,39,31.3,61
2024-10-27T11:18:40+07:00,54440,9,38,31.3,61
2024-10-27T11:19:02+07:00,54441,9,40,31.3,63
2024-10-27T11:19:25+07:00,54442,8,40,31.3,62
2024-10-27T11:19:47+07:00,54443,9,40,31.3,62
2024-10-27T11:20:09+07:00,54444,9,39,31.3,62
2024-10-27T11:20:31+07:00,54445,9,37,31.3,62
2024-10-27T11:20:54+07:00,54446,8,39,31.3,60
2024-10-27T11:21:16+07:00,54447,8,37,31.3,59
2024-10-27T11:21:38+07:00,54448,9,40,31.3,61
2024-10-27T11:22:00+07:00,54449,9,38,31.3,63
2024-10-27T11:22:22+07:00,54450,9,40,31.3,62
2024-10-27T11:22:45+07:00,54451,9,40,31.3,62
2024-10-27T11:23:07+07:00,54452,9,41,31.3,61
2024-10-27T11:23:29+07:00,54453,8,38,31.3,62
2024-10-27T11:23:51+07:00,54454,9,40,31.3,62
2024-10-27T11:24:13+07:00,54455,7,41,31.3,63
2024-10-27T11:24:35+07:00,54456,7,39,31.3,62
2024-10-27T11:24:58+07:00,54457,8,40,31.3,62
2024-10-27T11:25:20+07:00,54458,8,39,31.3,61
2024-10-27T11:25:42+07:00,54459,8,38,31.3,62
2024-10-27T11:26:04+07:00,54460,9,41,31.3,61
2024-10-27T11:26:27+07:00,54461,10,39,31.3,62
2024-10-27T11:26:49+07:00,54462,7,40,30.8,60
2024-10-27T11:27:11+07:00,54463,9,40,30.8,60
2024-10-27T11:27:34+07:00,54464,10,40,30.8,59
2024-10-27T11:27:56+07:00,54465,9,39,30.8,60
2024-10-27T11:28:18+07:00,54466,9,41,30.8,60
2024-10-27T11:28:40+07:00,54467,9,38,30.8,59
2024-10-27T11:29:03+07:00,54468,7,40,30.8,58
2024-10-27T11:29:25+07:00,54469,9,39,30.8,61
2024-10-27T11:29:47+07:00,54470,7,40,30.8,59
2024-10-27T11:30:09+07:00,54471,8,41,30.8,58
2024-10-27T11:30:32+07:00,54472,8,40,30.8,59
2024-10-27T11:30:54+07:00,54473,9,42,30.8,60
2024-10-27T11:31:16+07:00,54474,8,39,30.8,61
2024-10-27T11:31:39+07:00,54475,9,39,30.8,61
2024-10-27T11:32:01+07:00,54476,8,41,30.8,59
2024-10-27T11:32:23+07:00,54477,10,40,30.8,59
2024-10-27T11:32:45+07:00,54478,9,39,30.8,61
2024-10-27T11:33:08+07:00,54479,9,40,30.8,62
2024-10-27T11:33:30+07:00,54480,7,40,30.8,63
2024-10-27T11:33:53+07:00,54481,8,37,30.8,63
2024-10-27T11:34:15+07:00,54482,8,39,30.8,61
2024-10-27T11:34:37+07:00,54483,8,41,30.8,61
2024-10-27T11:34:59+07:00,54484,9,39,30.8,60
2024-10-27T11:35:21+07:00,54485,8,38,30.8,58
2024-10-27T11:35:44+07:00,54486,8,40,30.8,59
2024-10-27T11:36:06+07:00,54487,9,37,30.8,60
2024-10-27T11:36:28+07:00,54488,9,39,30.6,59
2024-10-27T11:36:50+07:00,54489,7,41,30.7,60
2024-10-27T11:37:12+07:00,54490,8,39,30.8,62
2024-10-27T11:37:35+07:00,54491,8,41,30.8,63
2024-10-27T11:37:57+07:00,54492,9,40,30.7,61
2024-10-27T11:38:20+07:00,54493,9,39,30.2,60
2024-10-27T11:38:42+07:00,54494,9,42,30.2,60
2024-10-27T11:39:05+07:00,54495,8,39,30.7,62
2024-10-27T11:39:28+07:00,54496,9,41,30.8,63
2024-10-27T11:39:50+07:00,54497,9,38,30.8,63
2024-10-27T11:40:12+07:00,54498,9,41,30.8,62
2024-10-27T11:40:34+07:00,54499,9,40,30.8,62
2024-10-27T11:40:56+07:00,54500,8,39,30.8,63
2024-10-27T11:41:19+07:00,54501,8,39,30.8,64
2024-10-27T11:41:41+07:00,54502,9,38,30.8,63
2024-10-27T11:42:03+07:00,54503,8,40,30.8,64
2024-10-27T11:42:25+07:00,54504,8,40,30.8,62
2024-10-27T11:42:48+07:00,54505,8,41,30.5,61
2024-10-27T11:43:10+07:00,54506,9,40,30.2,60
2024-10-27T11:43:33+07:00,54507,9,38,30.2,62
2024-10-27T11:43:55+07:00,54508,10,40,30.2,62
2024-10-27T11:44:17+07:00,54509,9,40,30.2,61
2024-10-27T11:44:39+07:00,54510,9,40,30.2,62
2024-10-27T11:45:02+07:00,54511,9,40,30.2,62
2024-10-27T11:45:24+07:00,54512,9,39,30.2,62
2024-10-27T11:45:47+07:00,54513,9,40,30.2,62
2024-10-27T11:46:09+07:00,54514,9,40,30.2,62
2024-10-27T11:46:31+07:00,54515,9,38,30.2,62
2024-10-27T11:46:54+07:00,54516,9,40,30.2,62
2024-10-27T11:47:16+07:00,54517,10,40,30.2,62
2024-10-27T11:47:38+07:00,54518,8,36,30.2,64
2024-10-27T11:48:01+07:00,54519,10,40,30.2,61
2024-10-27T11:48:23+07:00,54520,9,41,30.2,62
2024-10-27T11:48:45+07:00,54521,9,40,30.2,62
2024-10-27T11:49:08+07:00,54522,10,39,30.2,61
2024-10-27T11:49:30+07:00,54523,8,39,30.2,60
2024-10-27T11:49:53+07:00,54524,8,39,30.2,61
2024-10-27T11:50:15+07:00,54525,9,39,30.2,61
2024-10-27T11:50:38+07:00,54526,8,40,30.2,62
2024-10-27T11:51:00+07:00,54527,9,38,30.2,62
2024-10-27T11:51:23+07:00,54528,8,41,30.2,62
2024-10-27T11:51:45+07:00,54529,9,38,30.2,62
2024-10-27T11:52:08+07:00,54530,9,41,30.2,61
2024-10-27T11:52:30+07:00,54531,8,40,30.2,61
2024-10-27T11:52:52+07:00,54532,9,39,30.2,62
2024-10-27T11:53:14+07:00,54533,8,39,30.2,61
2024-10-27T11:53:37+07:00,54534,9,39,30.2,62
2024-10-27T11:53:59+07:00,54535,8,38,30.2,62
2024-10-27T11:54:21+07:00,54536,9,41,30.2,61
2024-10-27T11:54:44+07:00,54537,9,39,30.2,62
2024-10-27T11:55:06+07:00,54538,8,38,30.1,62
2024-10-27T11:55:29+07:00,54539,8,37,29.8,63
2024-10-27T11:55:51+07:00,54540,8,40,29.8,63
2024-10-27T11:56:13+07:00,54541,9,39,29.8,62
2024-10-27T11:56:35+07:00,54542,8,39,29.8,63
2024-10-27T11:56:58+07:00,54543,8,38,29.9,63
2024-10-27T11:57:20+07:00,54544,9,40,30.1,63
2024-10-27T11:57:43+07:00,54545,8,40,30.2,63
2024-10-27T11:58:06+07:00,54546,9,40,30.1,63
2024-10-27T11:58:28+07:00,54547,9,38,30.2,63
2024-10-27T11:58:50+07:00,54548,8,40,30.2,62
2024-10-27T11:59:13+07:00,54549,7,39,30.2,63
2024-10-27T11:59:36+07:00,54550,8,39,30.2,65
2024-10-27T11:59:58+07:00,54551,9,39,30.2,65
2024-10-27T12:00:20+07:00,54552,8,40,30.2,65
2024-10-27T12:00:43+07:00,54553,9,36,30.2,64
2024-10-27T12:01:05+07:00,54554,9,38,30.2,62
2024-10-27T12:01:27+07:00,54555,8,40,30.2,62
2024-10-27T12:01:50+07:00,54556,9,38,30.2,63
2024-10-27T12:02:12+07:00,54557,8,38,30.2,62
2024-10-27T12:02:35+07:00,54558,9,38,30.2,62
2024-10-27T12:02:57+07:00,54559,8,41,30.2,61
2024-10-27T12:03:19+07:00,54560,9,39,30.2,61
2024-10-27T12:03:42+07:00,54561,8,41,30.2,63
2024-10-27T12:04:04+07:00,54562,9,38,30.2,63
2024-10-27T12:04:27+07:00,54563,8,39,30.2,64
2024-10-27T12:04:49+07:00,54564,9,39,30.2,64
2024-10-27T12:05:12+07:00,54565,10,39,30.2,65
2024-10-27T12:05:34+07:00,54566,8,38,30.2,65
2024-10-27T12:05:57+07:00,54567,9,38,30.2,67
2024-10-27T12:06:19+07:00,54568,8,38,30.2,67
2024-10-27T12:06:41+07:00,54569,10,41,30.2,67
2024-10-27T12:07:04+07:00,54570,10,41,30.2,67
2024-10-27T12:07:26+07:00,54571,8,38,30.2,67
2024-10-27T12:07:48+07:00,54572,10,37,30.2,66
2024-10-27T12:08:11+07:00,54573,9,38,30.1,67
2024-10-27T12:08:33+07:00,54574,8,38,29.8,68
2024-10-27T12:08:56+07:00,54575,9,37,29.8,68
2024-10-27T12:09:18+07:00,54576,9,38,29.8,68
2024-10-27T12:09:41+07:00,54577,9,39,29.8,66
2024-10-27T12:10:03+07:00,54578,10,41,29.8,64
2024-10-27T12:10:26+07:00,54579,9,41,29.8,63
2024-10-27T12:10:48+07:00,54580,9,40,29.8,63
2024-10-27T12:11:11+07:00,54581,9,36,29.8,63
2024-10-27T12:11:33+07:00,54582,9,41,29.8,66
2024-10-27T12:11:55+07:00,54583,8,39,29.8,67
2024-10-27T12:12:17+07:00,54584,9,41,29.8,66
2024-10-27T12:12:40+07:00,54585,8,40,29.8,66
2024-10-27T12:13:02+07:00,54586,8,38,29.8,63
2024-10-27T12:13:24+07:00,54587,9,40,29.8,63
2024-10-27T12:13:46+07:00,54588,8,39,29.8,63
2024-10-27T12:14:09+07:00,54589,9,39,29.8,64
2024-10-27T12:14:31+07:00,54590,9,40,29.8,64
2024-10-27T12:14:53+07:00,54591,9,38,29.8,65
2024-10-27T12:15:16+07:00,54592,9,38,29.8,66
2024-10-27T12:15:38+07:00,54593,9,39,29.8,66
2024-10-27T12:16:01+07:00,54594,8,39,29.8,65
2024-10-27T12:16:23+07:00,54595,9,39,29.8,64
2024-10-27T12:16:46+07:00,54596,9,39,29.8,62
2024-10-27T12:17:08+07:00,54597,9,38,29.8,63
2024-10-27T12:17:30+07:00,54598,9,40,29.8,63
2024-10-27T12:17:53+07:00,54599,10,39,29.8,64
2024-10-27T12:18:15+07:00,54600,8,39,29.8,64
2024-10-27T12:18:38+07:00,54601,9,39,29.8,66
2024-10-27T12:19:00+07:00,54602,9,40,29.8,65
2024-10-27T12:19:22+07:00,54603,8,38,29.8,65
2024-10-27T12:19:44+07:00,54604,9,39,29.8,65
2024-10-27T12:20:06+07:00,54605,9,37,29.8,66
2024-10-27T12:20:29+07:00,54606,9,41,29.8,64
2024-10-27T12:20:51+07:00,54607,8,38,29.8,63
2024-10-27T12:21:13+07:00,54608,8,40,29.8,65
2024-10-27T12:21:35+07:00,54609,8,37,29.8,63
2024-10-27T12:21:58+07:00,54610,9,39,29.8,63
2024-10-27T12:22:20+07:00,54611,8,39,29.8,64
2024-10-27T12:22:42+07:00,54612,9,39,29.8,63
2024-10-27T12:23:05+07:00,54613,8,40,29.8,62
2024-10-27T12:23:27+07:00,54614,10,38,29.8,62
,,,,30,
